,MM1,MM2,MM3,BD1,BD2,BD3,EQ1,EQ2,EQ3,FX1,FX2,FX3,FI1,FI2,FI3
2024-01-30,0.9819494584837545,0.6823104693140795,0.40794223826714804,0.8339350180505415,0.7057761732851986,0.759927797833935,0.6407942238267148,0.11371841155234658,0.06678700361010831,0.1444043321299639,0.6046931407942239,0.11552346570397112,0.42057761732851984,0.40794223826714804,0.1967509025270758
2024-01-31,0.9819494584837545,0.6696750902527075,0.40794223826714804,0.8592057761732852,0.7166064981949458,0.8158844765342961,0.6353790613718412,0.11010830324909747,0.009025270758122744,0.7888086642599278,0.6101083032490975,0.10469314079422383,0.47653429602888087,0.41155234657039713,0.01444043321299639
2024-02-01,0.9819494584837545,0.6696750902527075,0.4151624548736462,0.924187725631769,0.7057761732851986,0.9115523465703971,0.08483754512635379,0.08844765342960288,0.023465703971119134,0.26353790613718414,0.49097472924187724,0.09927797833935018,0.6462093862815884,0.5974729241877257,0.005415162454873646
2024-02-02,0.9819494584837545,0.6750902527075813,0.42418772563176893,0.9963898916967509,0.7328519855595668,0.8104693140794224,0.02527075812274368,0.18953068592057762,0.07942238267148015,0.07581227436823104,0.49458483754512633,0.09927797833935018,0.5794223826714802,0.6624548736462094,0.16606498194945848
2024-02-05,0.9602888086642599,0.6137184115523465,0.41696750902527074,0.924187725631769,0.644404332129964,0.8465703971119134,0.8537906137184116,0.2292418772563177,0.09747292418772563,0.907942238267148,0.5649819494584838,0.09025270758122744,0.6064981949458483,0.6787003610108303,0.759927797833935
2024-02-06,0.9602888086642599,0.6245487364620939,0.42418772563176893,0.8285198555956679,0.6588447653429603,0.8790613718411552,0.7725631768953068,0.17148014440433212,0.12274368231046931,0.24548736462093862,0.5018050541516246,0.07581227436823104,0.5379061371841155,0.7075812274368231,0.7184115523465704
2024-02-07,0.9602888086642599,0.6245487364620939,0.4259927797833935,0.8321299638989169,0.6606498194945848,0.8267148014440433,0.16606498194945848,0.17328519855595667,0.17689530685920576,0.5054151624548736,0.48194945848375453,0.08483754512635379,0.48375451263537905,0.7220216606498195,0.09747292418772563
2024-02-08,0.9602888086642599,0.6083032490974729,0.427797833935018,0.8068592057761733,0.6516245487364621,0.8429602888086642,0.3844765342960289,0.13898916967509026,0.20938628158844766,0.5379061371841155,0.4151624548736462,0.0740072202166065,0.5018050541516246,0.7310469314079422,0.14259927797833935
2024-02-09,0.9602888086642599,0.6083032490974729,0.44404332129963897,0.8068592057761733,0.6516245487364621,0.7924187725631769,0.6064981949458483,0.13898916967509026,0.18050541516245489,0.49097472924187724,0.38086642599277976,0.06678700361010831,0.48194945848375453,0.723826714801444,0.5379061371841155
2024-02-12,0.9602888086642599,0.6083032490974729,0.3212996389891697,0.8068592057761733,0.6516245487364621,0.868231046931408,0.6064981949458483,0.13898916967509026,0.17870036101083034,0.49097472924187724,0.4296028880866426,0.0740072202166065,0.48194945848375453,0.7346570397111913,0.5379061371841155
2024-02-13,0.9602888086642599,0.5884476534296029,0.14981949458483754,0.8194945848375451,0.5703971119133574,0.907942238267148,0.21660649819494585,0.22021660649819494,0.19133574007220217,0.4007220216606498,0.4296028880866426,0.036101083032490974,0.48194945848375453,0.7057761732851986,0.8808664259927798
2024-02-14,0.9819494584837545,0.6263537906137184,0.2364620938628159,0.8935018050541517,0.4981949458483754,0.8916967509025271,0.8826714801444043,0.2148014440433213,0.17148014440433212,0.8790613718411552,0.3989169675090253,0.018050541516245487,0.5866425992779783,0.7021660649819494,0.8898916967509025
2024-02-15,0.9819494584837545,0.6552346570397112,0.02527075812274368,0.9386281588447654,0.5054151624548736,0.8953068592057761,0.6967509025270758,0.18953068592057762,0.17328519855595667,0.34115523465703973,0.20216606498194944,0.018050541516245487,0.6046931407942239,0.7093862815884476,0.7906137184115524
2024-02-16,0.9819494584837545,0.6407942238267148,0.009025270758122744,0.9350180505415162,0.5072202166064982,0.8610108303249098,0.15162454873646208,0.1552346570397112,0.16425992779783394,0.5974729241877257,0.20216606498194944,0.01263537906137184,0.5361010830324909,0.776173285198556,0.04512635379061372
2024-02-19,0.9891696750902527,0.6642599277978339,0.02527075812274368,0.944043321299639,0.5270758122743683,0.8610108303249098,0.1931407942238267,0.22021660649819494,0.2364620938628159,0.3916967509025271,0.23104693140794225,0.01263537906137184,0.5252707581227437,0.8050541516245487,0.048736462093862815
2024-02-20,0.9891696750902527,0.6624548736462094,0.02527075812274368,0.8736462093862816,0.516245487364621,0.8844765342960289,0.8357400722021661,0.23465703971119134,0.24187725631768953,0.648014440433213,0.19133574007220217,0.0036101083032490976,0.5270758122743683,0.8844765342960289,0.9657039711191335
2024-02-21,1.0,0.6823104693140795,0.0703971119133574,0.9386281588447654,0.5306859205776173,0.9151624548736462,0.6696750902527075,0.2743682310469314,0.22021660649819494,0.26895306859205775,0.18772563176895307,0.0018050541516245488,0.5451263537906137,0.8898916967509025,0.40252707581227437
2024-02-22,1.0,0.6967509025270758,0.0703971119133574,0.8736462093862816,0.628158844765343,0.924187725631769,0.38267148014440433,0.2509025270758123,0.2509025270758123,0.14981949458483754,0.1967509025270758,0.030685920577617327,0.4981949458483754,0.8953068592057761,0.631768953068592
2024-02-23,1.0,0.6967509025270758,0.0703971119133574,0.7996389891696751,0.5649819494584838,0.8321299638989169,0.47833935018050544,0.2563176895306859,0.22202166064981949,0.6498194945848376,0.1371841155234657,0.030685920577617327,0.5126353790613718,0.9007220216606499,0.06859205776173286
2024-02-26,1.0,0.6823104693140795,0.0703971119133574,0.9711191335740073,0.6389891696750902,0.8808664259927798,0.8176895306859205,0.2003610108303249,0.1931407942238267,0.40974729241877256,0.08664259927797834,0.04512635379061372,0.5054151624548736,0.9386281588447654,0.9927797833935018
2024-02-27,1.0,0.6823104693140795,0.0703971119133574,0.9620938628158845,0.5956678700361011,0.8826714801444043,0.8303249097472925,0.12815884476534295,0.24368231046931407,0.5036101083032491,0.009025270758122744,0.048736462093862815,0.5288808664259927,0.9422382671480144,0.36101083032490977
2024-02-28,1.0,0.6750902527075813,0.0703971119133574,0.8646209386281588,0.5956678700361011,0.8483754512635379,0.23104693140794225,0.09566787003610108,0.3249097472924188,0.6552346570397112,0.016245487364620937,0.052346570397111915,0.5433212996389891,0.9314079422382672,0.2870036101083033
2024-02-29,0.9891696750902527,0.6534296028880866,0.12274368231046931,0.8194945848375451,0.5379061371841155,0.8574007220216606,0.7256317689530686,0.08303249097472924,0.27075812274368233,0.2888086642599278,0.01444043321299639,0.04332129963898917,0.5505415162454874,0.8194945848375451,0.26173285198555957
2024-03-01,0.9891696750902527,0.6534296028880866,0.12274368231046931,0.8194945848375451,0.5379061371841155,0.7996389891696751,0.6064981949458483,0.08303249097472924,0.08844765342960288,0.49097472924187724,0.007220216606498195,0.04332129963898917,0.5397111913357401,0.6805054151624549,0.5379061371841155
2024-03-04,0.9819494584837545,0.6245487364620939,0.11913357400722022,0.907942238267148,0.5703971119133574,0.8646209386281588,0.19133574007220217,0.148014440433213,0.12093862815884476,0.41155234657039713,0.0036101083032490976,0.06678700361010831,0.5469314079422383,0.6823104693140795,0.18772563176895307
2024-03-05,0.9819494584837545,0.6245487364620939,0.11913357400722022,0.9675090252707581,0.5812274368231047,0.8754512635379061,0.8592057761732852,0.12274368231046931,0.15342960288808663,0.6913357400722022,0.005415162454873646,0.0740072202166065,0.575812274368231,0.6768953068592057,0.2292418772563177
2024-03-06,0.9819494584837545,0.6389891696750902,0.11913357400722022,0.9873646209386282,0.6371841155234657,0.776173285198556,0.7111913357400722,0.1444043321299639,0.09566787003610108,0.4043321299638989,0.0018050541516245488,0.09205776173285199,0.6245487364620939,0.6516245487364621,0.5505415162454874
2024-03-07,0.9819494584837545,0.6389891696750902,0.11913357400722022,0.9043321299638989,0.644404332129964,0.7815884476534296,0.4332129963898917,0.1444043321299639,0.0812274368231047,0.23465703971119134,0.018050541516245487,0.05595667870036101,0.6119133574007221,0.6335740072202166,0.17148014440433212
2024-03-08,0.9819494584837545,0.6389891696750902,0.11913357400722022,0.9891696750902527,0.7093862815884476,0.6985559566787004,0.17870036101083034,0.1444043321299639,0.17509025270758122,0.05595667870036101,0.061371841155234655,0.09025270758122744,0.6299638989169675,0.631768953068592,0.8953068592057761
2024-03-11,0.9602888086642599,0.5884476534296029,0.2111913357400722,0.9422382671480144,0.6877256317689531,0.8032490974729242,0.8122743682310469,0.22563176895306858,0.2490974729241877,0.07220216606498195,0.15162454873646208,0.1263537906137184,0.6227436823104693,0.6407942238267148,0.4223826714801444
2024-03-12,0.9458483754512635,0.5505415162454874,0.2509025270758123,0.9675090252707581,0.6732851985559567,0.7129963898916968,0.2851985559566787,0.19133574007220217,0.2563176895306859,0.5433212996389891,0.12815884476534295,0.13537906137184116,0.6155234657039711,0.6534296028880866,0.9187725631768953
2024-03-13,0.944043321299639,0.5180505415162455,0.23465703971119134,0.8898916967509025,0.6949458483754513,0.5974729241877257,0.37184115523465705,0.10469314079422383,0.2075812274368231,0.723826714801444,0.021660649819494584,0.1624548736462094,0.6191335740072202,0.6119133574007221,0.06498194945848375
2024-03-14,0.9368231046931408,0.4404332129963899,0.26714801444043323,0.851985559566787,0.6570397111913358,0.6389891696750902,0.2527075812274368,0.05054151624548736,0.2527075812274368,0.7148014440433214,0.010830324909747292,0.148014440433213,0.6101083032490975,0.6714801444043321,0.02707581227436823
2024-03-15,0.9368231046931408,0.4404332129963899,0.26714801444043323,0.7870036101083032,0.5956678700361011,0.6119133574007221,0.9476534296028881,0.09566787003610108,0.2924187725631769,0.9747292418772563,0.04151624548736462,0.11732851985559567,0.628158844765343,0.6588447653429603,0.4602888086642599
2024-03-18,0.9368231046931408,0.4404332129963899,0.15342960288808663,0.8898916967509025,0.5216606498194946,0.7436823104693141,0.30685920577617326,0.11732851985559567,0.24729241877256317,0.7292418772563177,0.04512635379061372,0.09927797833935018,0.631768953068592,0.5902527075812274,0.9548736462093863
2024-03-19,0.9368231046931408,0.4404332129963899,0.15342960288808663,0.8736462093862816,0.4729241877256318,0.6750902527075813,0.8844765342960289,0.08483754512635379,0.259927797833935,0.8375451263537906,0.02888086642599278,0.06678700361010831,0.6335740072202166,0.5523465703971119,0.720216606498195
2024-03-20,0.9368231046931408,0.49458483754512633,0.0740072202166065,0.927797833935018,0.5108303249097473,0.4693140794223827,0.16967509025270758,0.10288808664259928,0.3140794223826715,0.3862815884476534,0.048736462093862815,0.10108303249097472,0.7364620938628159,0.5631768953068592,0.6209386281588448
2024-03-21,0.944043321299639,0.6570397111913358,0.14259927797833935,0.7924187725631769,0.6101083032490975,0.41155234657039713,0.04512635379061372,0.16787003610108303,0.3628158844765343,0.019855595667870037,0.023465703971119134,0.1407942238267148,0.779783393501805,0.6101083032490975,0.22563176895306858
2024-03-22,0.944043321299639,0.6534296028880866,0.14259927797833935,0.9151624548736462,0.644404332129964,0.42057761732851984,0.6877256317689531,0.12274368231046931,0.37364620938628157,0.9855595667870036,0.08664259927797834,0.09025270758122744,0.8537906137184116,0.6046931407942239,0.44584837545126355
2024-03-25,0.944043321299639,0.6534296028880866,0.14259927797833935,0.8465703971119134,0.6335740072202166,0.4548736462093863,0.7310469314079422,0.15162454873646208,0.34296028880866425,0.7274368231046932,0.05054151624548736,0.148014440433213,0.8736462093862816,0.5324909747292419,0.8176895306859205
2024-03-26,0.9368231046931408,0.575812274368231,0.2148014440433213,0.7707581227436823,0.6010830324909747,0.40613718411552346,0.30505415162454874,0.14981949458483754,0.35018050541516244,0.27075812274368233,0.02707581227436823,0.13898916967509026,0.8880866425992779,0.5306859205776173,0.8935018050541517
2024-03-27,0.9223826714801444,0.5180505415162455,0.22563176895306858,0.8465703971119134,0.6064981949458483,0.33754512635379064,0.6389891696750902,0.12454873646209386,0.2888086642599278,0.924187725631769,0.15703971119133575,0.1552346570397112,0.9223826714801444,0.5667870036101083,0.983754512635379
2024-03-28,0.9368231046931408,0.5577617328519856,0.2779783393501805,0.9025270758122743,0.6046931407942239,0.34115523465703973,0.720216606498195,0.09927797833935018,0.296028880866426,0.2743682310469314,0.12454873646209386,0.15162454873646208,0.9169675090252708,0.5703971119133574,0.44765342960288806
2024-03-29,0.9368231046931408,0.5180505415162455,0.2779783393501805,0.8808664259927798,0.5595667870036101,0.34115523465703973,0.51985559566787,0.09747292418772563,0.29783393501805056,0.5776173285198556,0.12274368231046931,0.13898916967509026,0.9025270758122743,0.5812274368231047,0.924187725631769
2024-04-01,0.9223826714801444,0.49097472924187724,0.2815884476534296,0.8772563176895307,0.6010830324909747,0.5126353790613718,0.5090252707581228,0.12274368231046931,0.18411552346570398,0.6263537906137184,0.10108303249097472,0.16425992779783394,0.9548736462093863,0.5613718411552346,0.8989169675090253
2024-04-02,0.9223826714801444,0.49097472924187724,0.2815884476534296,0.8122743682310469,0.5324909747292419,0.5776173285198556,0.44945848375451264,0.11191335740072202,0.11191335740072202,0.6678700361010831,0.17509025270758122,0.15162454873646208,0.9638989169675091,0.5595667870036101,0.6859205776173285
2024-04-03,0.9169675090252708,0.40252707581227437,0.31227436823104693,0.7382671480144405,0.5252707581227437,0.6137184115523465,0.9350180505415162,0.17509025270758122,0.18772563176895307,0.24729241877256317,0.16606498194945848,0.1552346570397112,0.9512635379061372,0.5685920577617328,0.31227436823104693
2024-04-04,0.9169675090252708,0.4404332129963899,0.31227436823104693,0.7346570397111913,0.5180505415162455,0.572202166064982,0.16787003610108303,0.13176895306859207,0.2743682310469314,0.30685920577617326,0.14981949458483754,0.1588447653429603,0.9530685920577617,0.5740072202166066,0.43501805054151627
2024-04-05,0.8465703971119134,0.2111913357400722,0.6028880866425993,0.7870036101083032,0.4729241877256318,0.5180505415162455,0.8700361010830325,0.2364620938628159,0.23104693140794225,0.8122743682310469,0.10649819494584838,0.16787003610108303,0.9747292418772563,0.575812274368231,0.3592057761732852
2024-04-08,0.8104693140794224,0.11732851985559567,0.6191335740072202,0.7689530685920578,0.4223826714801444,0.6570397111913358,0.48194945848375453,0.24729241877256317,0.1624548736462094,0.5324909747292419,0.12815884476534295,0.148014440433213,0.9584837545126353,0.5776173285198556,0.37545126353790614
2024-04-09,0.8303249097472925,0.17870036101083034,0.6624548736462094,0.7527075812274369,0.42057761732851984,0.6407942238267148,0.7418772563176895,0.23465703971119134,0.11371841155234658,0.6101083032490975,0.11913357400722022,0.13176895306859207,0.9259927797833934,0.5794223826714802,0.6913357400722022
2024-04-10,0.8303249097472925,0.17870036101083034,0.6534296028880866,0.7527075812274369,0.42057761732851984,0.8664259927797834,0.6064981949458483,0.23465703971119134,0.09205776173285199,0.49097472924187724,0.13537906137184116,0.13176895306859207,0.927797833935018,0.5415162454873647,0.5379061371841155
2024-04-11,0.8303249097472925,0.1624548736462094,0.644404332129964,0.7256317689530686,0.35379061371841153,0.851985559566787,0.5,0.22382671480144403,0.05956678700361011,0.9223826714801444,0.24729241877256317,0.0740072202166065,0.9602888086642599,0.4223826714801444,0.9494584837545126
2024-04-12,0.8104693140794224,0.12815884476534295,0.6534296028880866,0.6895306859205776,0.40613718411552346,0.9061371841155235,0.8574007220216606,0.17148014440433212,0.04512635379061372,0.9584837545126353,0.37725631768953066,0.148014440433213,0.9729241877256317,0.4404332129963899,0.9205776173285198
2024-04-15,0.8104693140794224,0.1624548736462094,0.6534296028880866,0.7472924187725631,0.37184115523465705,0.9476534296028881,0.7364620938628159,0.26895306859205775,0.02888086642599278,0.9061371841155235,0.4693140794223827,0.1263537906137184,0.9458483754512635,0.44765342960288806,0.18953068592057762
2024-04-16,0.8104693140794224,0.1624548736462094,0.6534296028880866,0.6299638989169675,0.315884476534296,0.9458483754512635,0.9602888086642599,0.3862815884476534,0.05415162454873646,0.944043321299639,0.7093862815884476,0.11010830324909747,0.9873646209386282,0.4675090252707581,0.45126353790613716
2024-04-17,0.796028880866426,0.09386281588447654,0.6624548736462094,0.6227436823104693,0.30866425992779783,0.9097472924187726,0.8628158844765343,0.3971119133574007,0.07581227436823104,0.11913357400722022,0.6949458483754513,0.11913357400722022,0.983754512635379,0.44584837545126355,0.6714801444043321
2024-04-18,0.796028880866426,0.10649819494584838,0.6227436823104693,0.7021660649819494,0.3664259927797834,0.8447653429602888,0.06678700361010831,0.3249097472924188,0.10108303249097472,0.036101083032490974,0.5288808664259927,0.12815884476534295,0.9620938628158845,0.3574007220216607,0.4007220216606498
2024-04-19,0.796028880866426,0.0631768953068592,0.6227436823104693,0.7635379061371841,0.2833935018050541,0.8862815884476535,0.9314079422382672,0.5270758122743683,0.15703971119133575,0.9187725631768953,0.5830324909747292,0.05415162454873646,0.9891696750902527,0.3555956678700361,0.29783393501805056
2024-04-22,0.8104693140794224,0.09747292418772563,0.6642599277978339,0.6750902527075813,0.2509025270758123,0.8411552346570397,0.13898916967509026,0.3664259927797834,0.26353790613718414,0.26173285198555957,0.5108303249097473,0.018050541516245487,0.98014440433213,0.6696750902527075,0.0036101083032490976
2024-04-23,0.8104693140794224,0.09747292418772563,0.6552346570397112,0.6588447653429603,0.2833935018050541,0.8122743682310469,0.6949458483754513,0.296028880866426,0.22563176895306858,0.35379061371841153,0.4729241877256318,0.023465703971119134,0.9765342960288809,0.6750902527075813,0.15703971119133575
2024-04-24,0.8104693140794224,0.13176895306859207,0.6462093862815884,0.6678700361010831,0.259927797833935,0.8736462093862816,0.0631768953068592,0.22021660649819494,0.41155234657039713,0.09386281588447654,0.40794223826714804,0.02527075812274368,0.944043321299639,0.6498194945848376,0.9891696750902527
2024-04-25,0.8303249097472925,0.19494584837545126,0.644404332129964,0.6028880866425993,0.2292418772563177,0.8393501805054152,0.9404332129963899,0.29061371841155237,0.555956678700361,0.796028880866426,0.3916967509025271,0.019855595667870037,0.9693140794223827,0.648014440433213,0.0703971119133574
2024-04-26,0.8303249097472925,0.19494584837545126,0.644404332129964,0.6064981949458483,0.2545126353790614,0.7635379061371841,0.2292418772563177,0.2581227436823105,0.6227436823104693,0.5288808664259927,0.35018050541516244,0.021660649819494584,0.9512635379061372,0.7129963898916968,0.03429602888086643
2024-04-29,0.8303249097472925,0.19494584837545126,0.6371841155234657,0.6407942238267148,0.23104693140794225,0.779783393501805,0.1967509025270758,0.24007220216606498,0.703971119133574,0.6209386281588448,0.4007220216606498,0.009025270758122744,0.9097472924187726,0.7111913357400722,0.5577617328519856
2024-04-30,0.8303249097472925,0.19494584837545126,0.6371841155234657,0.7310469314079422,0.24368231046931407,0.8194945848375451,0.4602888086642599,0.24548736462093862,0.7075812274368231,0.7707581227436823,0.4187725631768953,0.007220216606498195,0.9007220216606499,0.7184115523465704,0.8483754512635379
2024-05-01,0.8303249097472925,0.19494584837545126,0.631768953068592,0.7310469314079422,0.24368231046931407,0.6913357400722022,0.6064981949458483,0.24548736462093862,0.6191335740072202,0.49097472924187724,0.3592057761732852,0.007220216606498195,0.924187725631769,0.6931407942238267,0.5379061371841155
2024-05-02,0.8303249097472925,0.19494584837545126,0.631768953068592,0.7129963898916968,0.27256317689530685,0.6931407942238267,0.7129963898916968,0.19855595667870035,0.5613718411552346,0.15342960288808663,0.34296028880866425,0.02707581227436823,0.8375451263537906,0.7382671480144405,0.9675090252707581
2024-05-03,0.8465703971119134,0.22382671480144403,0.3447653429602888,0.7671480144404332,0.2924187725631769,0.5703971119133574,0.6985559566787004,0.16606498194945848,0.5397111913357401,0.04332129963898917,0.5270758122743683,0.04332129963898917,0.740072202166065,0.7292418772563177,0.26714801444043323
2024-05-06,0.8465703971119134,0.22382671480144403,0.16787003610108303,0.7671480144404332,0.2924187725631769,0.5234657039711191,0.6064981949458483,0.16606498194945848,0.5234657039711191,0.49097472924187724,0.48375451263537905,0.04332129963898917,0.7328519855595668,0.7274368231046932,0.5379061371841155
2024-05-07,0.8465703971119134,0.22743682310469315,0.11010830324909747,0.8231046931407943,0.38267148014440433,0.628158844765343,0.05595667870036101,0.13357400722021662,0.6245487364620939,0.2581227436823105,0.45306859205776173,0.08483754512635379,0.7166064981949458,0.7436823104693141,0.7292418772563177
2024-05-08,0.8465703971119134,0.2490974729241877,0.11010830324909747,0.8212996389891697,0.388086642599278,0.5541516245487365,0.388086642599278,0.04512635379061372,0.6570397111913358,0.6660649819494585,0.4602888086642599,0.07942238267148015,0.7545126353790613,0.7653429602888087,0.11552346570397112
2024-05-09,0.8465703971119134,0.2563176895306859,0.11010830324909747,0.7815884476534296,0.37725631768953066,0.4963898916967509,0.8916967509025271,0.048736462093862815,0.7436823104693141,0.871841155234657,0.388086642599278,0.052346570397111915,0.7454873646209387,0.7527075812274369,0.5667870036101083
2024-05-10,0.8465703971119134,0.2563176895306859,0.05956678700361011,0.8068592057761733,0.3898916967509025,0.5144404332129964,0.33574007220216606,0.03429602888086643,0.723826714801444,0.30324909747292417,0.3628158844765343,0.05776173285198556,0.7310469314079422,0.7166064981949458,0.0631768953068592
2024-05-13,0.8483754512635379,0.30505415162454874,0.08483754512635379,0.7888086642599278,0.3862815884476534,0.7779783393501805,0.6101083032490975,0.06498194945848375,0.6949458483754513,0.5072202166064982,0.5108303249097473,0.048736462093862815,0.7220216606498195,0.7256317689530686,0.10469314079422383
2024-05-14,0.9043321299638989,0.40252707581227437,0.1371841155234657,0.8285198555956679,0.3953068592057762,0.8014440433212996,0.49097472924187724,0.0776173285198556,0.5667870036101083,0.5613718411552346,0.516245487364621,0.03429602888086643,0.7111913357400722,0.6732851985559567,0.779783393501805
2024-05-15,0.9043321299638989,0.40252707581227437,0.04693140794223827,0.8285198555956679,0.3953068592057762,0.49458483754512633,0.6064981949458483,0.0776173285198556,0.4963898916967509,0.49097472924187724,0.5,0.03429602888086643,0.7292418772563177,0.6606498194945848,0.5379061371841155
2024-05-16,0.9043321299638989,0.4620938628158845,0.04693140794223827,0.851985559566787,0.44223826714801445,0.44765342960288806,0.2815884476534296,0.021660649819494584,0.4259927797833935,0.007220216606498195,0.37725631768953066,0.08483754512635379,0.6588447653429603,0.6389891696750902,0.16787003610108303
2024-05-17,0.9043321299638989,0.4620938628158845,0.04693140794223827,0.9025270758122743,0.44584837545126355,0.37364620938628157,0.8772563176895307,0.021660649819494584,0.4151624548736462,0.9386281588447654,0.33754512635379064,0.0776173285198556,0.6750902527075813,0.6552346570397112,0.628158844765343
2024-05-20,0.9043321299638989,0.42418772563176893,0.03790613718411552,0.8393501805054152,0.4314079422382672,0.3592057761732852,0.3249097472924188,0.018050541516245487,0.33574007220216606,0.5469314079422383,0.33212996389891697,0.06678700361010831,0.6805054151624549,0.4602888086642599,0.34115523465703973
2024-05-21,0.9043321299638989,0.42418772563176893,0.03790613718411552,0.8808664259927798,0.427797833935018,0.3176895306859206,0.7924187725631769,0.01444043321299639,0.3592057761732852,0.8772563176895307,0.33212996389891697,0.06678700361010831,0.6895306859205776,0.4693140794223827,0.4296028880866426
2024-05-22,0.9043321299638989,0.42418772563176893,0.03790613718411552,0.9548736462093863,0.4259927797833935,0.27617328519855594,0.6173285198555957,0.01263537906137184,0.15162454873646208,0.388086642599278,0.27075812274368233,0.09927797833935018,0.6841155234657039,0.5144404332129964,0.9620938628158845
2024-05-23,0.9043321299638989,0.45126353790613716,0.01263537906137184,0.9620938628158845,0.43501805054151627,0.33393501805054154,0.6263537906137184,0.005415162454873646,0.036101083032490974,0.38267148014440433,0.2545126353790614,0.11552346570397112,0.7093862815884476,0.5270758122743683,0.7888086642599278
2024-05-24,0.9043321299638989,0.45126353790613716,0.01263537906137184,0.8321299638989169,0.4259927797833935,0.29061371841155237,0.9025270758122743,0.007220216606498195,0.04151624548736462,0.8628158844765343,0.23465703971119134,0.10830324909747292,0.7148014440433214,0.4151624548736462,0.23465703971119134
2024-05-27,0.9115523465703971,0.5288808664259927,0.03790613718411552,0.8646209386281588,0.4332129963898917,0.29061371841155237,0.1624548736462094,0.0036101083032490976,0.039711191335740074,0.17148014440433212,0.26353790613718414,0.11552346570397112,0.703971119133574,0.40252707581227437,0.8772563176895307
2024-05-28,0.9169675090252708,0.5667870036101083,0.04693140794223827,0.8393501805054152,0.44945848375451264,0.3862815884476534,0.6083032490974729,0.0018050541516245488,0.030685920577617327,0.17509025270758122,0.23826714801444043,0.13537906137184116,0.7256317689530686,0.3862815884476534,0.42057761732851984
2024-05-29,0.9115523465703971,0.5288808664259927,0.1371841155234657,0.7563176895306859,0.4296028880866426,0.48375451263537905,0.9332129963898917,0.010830324909747292,0.09025270758122744,0.8447653429602888,0.24007220216606498,0.1263537906137184,0.7346570397111913,0.3989169675090253,0.12454873646209386
2024-05-30,0.9043321299638989,0.4620938628158845,0.2328519855595668,0.7436823104693141,0.4043321299638989,0.4223826714801444,0.9296028880866426,0.09205776173285199,0.21660649819494585,0.9819494584837545,0.2545126353790614,0.10830324909747292,0.7671480144404332,0.29783393501805056,0.09566787003610108
2024-05-31,0.9115523465703971,0.5288808664259927,0.2292418772563177,0.7220216606498195,0.3989169675090253,0.42418772563176893,0.5144404332129964,0.10108303249097472,0.18953068592057762,0.8014440433212996,0.38267148014440433,0.10469314079422383,0.8050541516245487,0.3176895306859206,0.11913357400722022
2024-06-03,0.9115523465703971,0.5288808664259927,0.2292418772563177,0.7870036101083032,0.41696750902527074,0.5036101083032491,0.09747292418772563,0.0703971119133574,0.27617328519855594,0.09566787003610108,0.42418772563176893,0.1263537906137184,0.7581227436823105,0.3194945848375451,0.927797833935018
2024-06-04,0.9043321299638989,0.4620938628158845,0.2888086642599278,0.9025270758122743,0.4368231046931408,0.6787003610108303,0.8086642599277978,0.06859205776173286,0.1552346570397112,0.41335740072202165,0.3664259927797834,0.1588447653429603,0.7472924187725631,0.4043321299638989,0.9476534296028881
2024-06-05,0.9043321299638989,0.42418772563176893,0.2888086642599278,0.8465703971119134,0.48736462093862815,0.7328519855595668,0.23465703971119134,0.061371841155234655,0.16606498194945848,0.2527075812274368,0.2924187725631769,0.17148014440433212,0.7888086642599278,0.3483754512635379,0.9368231046931408
2024-06-06,0.9043321299638989,0.42418772563176893,0.2888086642599278,0.8465703971119134,0.48736462093862815,0.703971119133574,0.6064981949458483,0.061371841155234655,0.0776173285198556,0.49097472924187724,0.27617328519855594,0.17148014440433212,0.7671480144404332,0.3104693140794224,0.5379061371841155
2024-06-07,0.9043321299638989,0.38267148014440433,0.2888086642599278,0.9151624548736462,0.5234657039711191,0.44404332129963897,0.18050541516245489,0.06859205776173286,0.08483754512635379,0.12454873646209386,0.24729241877256317,0.17689530685920576,0.8014440433212996,0.33393501805054154,0.13537906137184116
2024-06-10,0.9043321299638989,0.33393501805054154,0.2490974729241877,0.8646209386281588,0.48375451263537905,0.5108303249097473,0.8194945848375451,0.1299638989169675,0.13176895306859207,0.9458483754512635,0.3555956678700361,0.16606498194945848,0.8086642599277978,0.30144404332129965,0.3700361010830325
2024-06-11,0.9043321299638989,0.33393501805054154,0.2003610108303249,0.8772563176895307,0.5,0.6010830324909747,0.4657039711191336,0.12815884476534295,0.13537906137184116,0.6353790613718412,0.3285198555956679,0.1624548736462094,0.7942238267148014,0.2996389891696751,0.7653429602888087
2024-06-12,0.9043321299638989,0.315884476534296,0.2003610108303249,0.924187725631769,0.5342960288808665,0.43862815884476536,0.2743682310469314,0.15342960288808663,0.20216606498194944,0.29422382671480146,0.24729241877256317,0.17328519855595667,0.7743682310469314,0.3231046931407942,0.40794223826714804
2024-06-13,0.9043321299638989,0.3592057761732852,0.2003610108303249,0.9350180505415162,0.5649819494584838,0.44945848375451264,0.24187725631768953,0.05415162454873646,0.19494584837545126,0.2924187725631769,0.16787003610108303,0.17509025270758122,0.7490974729241877,0.24729241877256317,0.9133574007220217
2024-06-14,0.9043321299638989,0.3592057761732852,0.2003610108303249,0.9765342960288809,0.631768953068592,0.6841155234657039,0.48014440433212996,0.023465703971119134,0.1263537906137184,0.7906137184115524,0.18953068592057762,0.17870036101083034,0.7870036101083032,0.2184115523465704,0.7815884476534296
2024-06-17,0.9043321299638989,0.3592057761732852,0.2003610108303249,0.9584837545126353,0.6787003610108303,0.648014440433213,0.7581227436823105,0.07220216606498195,0.11732851985559567,0.6173285198555957,0.17328519855595667,0.18050541516245489,0.8429602888086642,0.18231046931407943,0.4584837545126354
2024-06-18,0.9043321299638989,0.33393501805054154,0.2003610108303249,0.9476534296028881,0.6823104693140795,0.6245487364620939,0.30144404332129965,0.039711191335740074,0.11913357400722022,0.4981949458483754,0.11913357400722022,0.18231046931407943,0.8194945848375451,0.17689530685920576,0.8050541516245487
2024-06-19,0.9043321299638989,0.3592057761732852,0.2003610108303249,0.924187725631769,0.7472924187725631,0.6245487364620939,0.18953068592057762,0.036101083032490974,0.19855595667870035,0.5306859205776173,0.09386281588447654,0.1967509025270758,0.7815884476534296,0.15342960288808663,0.40974729241877256
2024-06-20,0.9043321299638989,0.3592057761732852,0.2003610108303249,0.924187725631769,0.6967509025270758,0.5072202166064982,0.3971119133574007,0.061371841155234655,0.2148014440433213,0.6696750902527075,0.10108303249097472,0.1931407942238267,0.7617328519855595,0.19133574007220217,0.17870036101083034
2024-06-21,0.9043321299638989,0.3592057761732852,0.2003610108303249,0.8898916967509025,0.7418772563176895,0.5054151624548736,0.8321299638989169,0.05415162454873646,0.16787003610108303,0.7166064981949458,0.1624548736462094,0.19855595667870035,0.8808664259927798,0.16425992779783394,0.16425992779783394
2024-06-24,0.9043321299638989,0.2851985559566787,0.09205776173285199,0.9548736462093863,0.7003610108303249,0.5433212996389891,0.7996389891696751,0.11010830324909747,0.11552346570397112,0.5577617328519856,0.15342960288808663,0.19494584837545126,0.8935018050541517,0.21299638989169675,0.6949458483754513
2024-06-25,0.9043321299638989,0.315884476534296,0.05054151624548736,0.9548736462093863,0.6895306859205776,0.5938628158844765,0.4007220216606498,0.10649819494584838,0.1444043321299639,0.3285198555956679,0.1444043321299639,0.1931407942238267,0.8790613718411552,0.22202166064981949,0.38086642599277976
2024-06-26,0.9043321299638989,0.315884476534296,0.019855595667870037,0.9584837545126353,0.6787003610108303,0.6173285198555957,0.3267148014440433,0.07942238267148015,0.0631768953068592,0.5830324909747292,0.09747292418772563,0.18772563176895307,0.868231046931408,0.20938628158844766,0.703971119133574
2024-06-27,0.9043321299638989,0.315884476534296,0.007220216606498195,0.8844765342960289,0.6678700361010831,0.5631768953068592,0.7093862815884476,0.0631768953068592,0.021660649819494584,0.26534296028880866,0.11191335740072202,0.18411552346570398,0.8790613718411552,0.21660649819494585,0.5685920577617328
2024-06-28,0.9043321299638989,0.315884476534296,0.005415162454873646,0.8844765342960289,0.7184115523465704,0.6299638989169675,0.3592057761732852,0.02888086642599278,0.02707581227436823,0.08664259927797834,0.14620938628158844,0.18953068592057762,0.8610108303249098,0.2364620938628159,0.1407942238267148
2024-07-01,0.9043321299638989,0.315884476534296,0.005415162454873646,0.8086642599277978,0.6823104693140795,0.7942238267148014,0.43501805054151627,0.02527075812274368,0.01263537906137184,0.8664259927797834,0.17148014440433212,0.18592057761732853,0.8574007220216606,0.2581227436823105,0.9007220216606499
2024-07-02,0.9043321299638989,0.4404332129963899,0.0018050541516245488,0.759927797833935,0.7310469314079422,0.8212996389891697,0.8339350180505415,0.016245487364620937,0.018050541516245487,0.6787003610108303,0.10288808664259928,0.2003610108303249,0.8231046931407943,0.09025270758122744,0.05956678700361011
2024-07-03,0.8465703971119134,0.3592057761732852,0.05595667870036101,0.759927797833935,0.7129963898916968,0.7418772563176895,0.36462093862815886,0.009025270758122744,0.019855595667870037,0.3898916967509025,0.07942238267148015,0.2075812274368231,0.7833935018050542,0.09566787003610108,0.2545126353790614
2024-07-04,0.8465703971119134,0.5036101083032491,0.05595667870036101,0.7635379061371841,0.7635379061371841,0.7418772563176895,0.22021660649819494,0.04151624548736462,0.05054151624548736,0.17870036101083034,0.05776173285198556,0.21299638989169675,0.7509025270758123,0.1588447653429603,0.22202166064981949
2024-07-05,0.8303249097472925,0.49097472924187724,0.08303249097472924,0.8122743682310469,0.7545126353790613,0.6425992779783394,0.16064981949458484,0.0740072202166065,0.08664259927797834,0.40794223826714804,0.04332129963898917,0.2111913357400722,0.7635379061371841,0.05956678700361011,0.6335740072202166
2024-07-08,0.8303249097472925,0.5090252707581228,0.08303249097472924,0.8393501805054152,0.7454873646209387,0.6209386281588448,0.6660649819494585,0.09025270758122744,0.061371841155234655,0.6534296028880866,0.052346570397111915,0.20938628158844766,0.7527075812274369,0.11913357400722022,0.9223826714801444
2024-07-09,0.8104693140794224,0.48014440433212996,0.1299638989169675,0.9025270758122743,0.7418772563176895,0.5613718411552346,0.4043321299638989,0.032490974729241874,0.0703971119133574,0.4963898916967509,0.03429602888086643,0.2075812274368231,0.796028880866426,0.11010830324909747,0.7689530685920578
2024-07-10,0.796028880866426,0.37545126353790614,0.148014440433213,0.907942238267148,0.7292418772563177,0.4729241877256318,0.5252707581227437,0.02707581227436823,0.04693140794223827,0.5270758122743683,0.02527075812274368,0.20397111913357402,0.7563176895306859,0.09747292418772563,0.36462093862815886
2024-07-11,0.796028880866426,0.23465703971119134,0.148014440433213,0.9638989169675091,0.6787003610108303,0.3862815884476534,0.2870036101083033,0.030685920577617327,0.048736462093862815,0.05415162454873646,0.01263537906137184,0.20216606498194944,0.776173285198556,0.13357400722021662,0.21299638989169675
2024-07-12,0.796028880866426,0.2563176895306859,0.148014440433213,0.9350180505415162,0.7581227436823105,0.3483754512635379,0.8898916967509025,0.04332129963898917,0.10649819494584838,0.6732851985559567,0.019855595667870037,0.2148014440433213,0.7779783393501805,0.11732851985559567,0.12815884476534295
2024-07-15,0.7833935018050542,0.22382671480144403,0.21660649819494585,0.7924187725631769,0.776173285198556,0.5234657039711191,0.4729241877256318,0.04693140794223827,0.09386281588447654,0.8953068592057761,0.036101083032490974,0.22202166064981949,0.7906137184115524,0.12815884476534295,0.8429602888086642
2024-07-16,0.796028880866426,0.27075812274368233,0.2743682310469314,0.7996389891696751,0.8267148014440433,0.5,0.4566787003610108,0.039711191335740074,0.06859205776173286,0.6191335740072202,0.030685920577617327,0.2292418772563177,0.7707581227436823,0.12454873646209386,0.5523465703971119
2024-07-17,0.7833935018050542,0.2148014440433213,0.30866425992779783,0.8592057761732852,0.7978339350180506,0.41696750902527074,0.8212996389891697,0.05595667870036101,0.05595667870036101,0.18050541516245489,0.03790613718411552,0.22563176895306858,0.8176895306859205,0.09927797833935018,0.24368231046931407
2024-07-18,0.7563176895306859,0.11732851985559567,0.37184115523465705,0.927797833935018,0.7671480144404332,0.45126353790613716,0.7942238267148014,0.08844765342960288,0.07220216606498195,0.7003610108303249,0.03429602888086643,0.22382671480144403,0.8267148014440433,0.08844765342960288,0.41335740072202165
2024-07-19,0.7563176895306859,0.11732851985559567,0.37184115523465705,0.9025270758122743,0.7436823104693141,0.516245487364621,0.871841155234657,0.14620938628158844,0.09927797833935018,0.855595667870036,0.07220216606498195,0.21660649819494585,0.855595667870036,0.09205776173285199,0.1931407942238267
2024-07-22,0.7563176895306859,0.11732851985559567,0.37184115523465705,0.9350180505415162,0.7490974729241877,0.51985559566787,0.8862815884476535,0.26353790613718414,0.148014440433213,0.296028880866426,0.09566787003610108,0.22202166064981949,0.8140794223826715,0.052346570397111915,0.08844765342960288
2024-07-23,0.7563176895306859,0.12815884476534295,0.37184115523465705,0.8736462093862816,0.7292418772563177,0.5379061371841155,0.3898916967509025,0.1588447653429603,0.1588447653429603,0.2870036101083033,0.0703971119133574,0.2184115523465704,0.7689530685920578,0.048736462093862815,0.6624548736462094
2024-07-24,0.7328519855595668,0.08844765342960288,0.37906137184115524,0.8592057761732852,0.7707581227436823,0.5342960288808665,0.7689530685920578,0.15703971119133575,0.16064981949458484,0.1552346570397112,0.04693140794223827,0.22743682310469315,0.7725631768953068,0.07942238267148015,0.6985559566787004
2024-07-25,0.7328519855595668,0.08844765342960288,0.37906137184115524,0.7996389891696751,0.8014440433212996,0.6516245487364621,0.9386281588447654,0.2833935018050541,0.2851985559566787,0.6877256317689531,0.09025270758122744,0.23104693140794225,0.8826714801444043,0.13537906137184116,0.33935018050541516
2024-07-26,0.6985559566787004,0.04512635379061372,0.3862815884476534,0.8592057761732852,0.7924187725631769,0.6083032490974729,0.29061371841155237,0.2148014440433213,0.30505415162454874,0.555956678700361,0.06678700361010831,0.23465703971119134,0.8537906137184116,0.33754512635379064,0.019855595667870037
2024-07-29,0.6985559566787004,0.0631768953068592,0.3862815884476534,0.9548736462093863,0.8411552346570397,0.6353790613718412,0.18411552346570398,0.16606498194945848,0.3700361010830325,0.35018050541516244,0.0776173285198556,0.24007220216606498,0.8303249097472925,0.3664259927797834,0.259927797833935
2024-07-30,0.6985559566787004,0.05595667870036101,0.3862815884476534,0.9729241877256317,0.8194945848375451,0.6877256317689531,0.8664259927797834,0.18411552346570398,0.3953068592057762,0.5992779783393501,0.06859205776173286,0.23826714801444043,0.8285198555956679,0.388086642599278,0.5649819494584838
2024-07-31,0.6985559566787004,0.04512635379061372,0.3249097472924188,0.9873646209386282,0.8140794223826715,0.6588447653429603,0.19494584837545126,0.16606498194945848,0.4187725631768953,0.039711191335740074,0.148014440433213,0.23465703971119134,0.7418772563176895,0.40613718411552346,0.41696750902527074
2024-08-01,0.6895306859205776,0.03790613718411552,0.33212996389891697,0.9981949458483754,0.8303249097472925,0.720216606498195,0.42418772563176893,0.11732851985559567,0.34657039711191334,0.33212996389891697,0.11010830324909747,0.2364620938628159,0.759927797833935,0.35379061371841153,0.6010830324909747
2024-08-02,0.6823104693140795,0.023465703971119134,0.33212996389891697,1.0,0.8574007220216606,0.8971119133574007,0.9819494584837545,0.5812274368231047,0.4548736462093863,0.10288808664259928,0.11010830324909747,0.24548736462093862,0.8700361010830325,0.5361010830324909,0.6425992779783394
2024-08-05,0.6823104693140795,0.17870036101083034,0.33212996389891697,0.9151624548736462,0.9205776173285198,0.9494584837545126,0.9981949458483754,0.9620938628158845,0.7870036101083032,0.8826714801444043,0.45126353790613716,0.3664259927797834,0.9855595667870036,0.9296028880866426,0.20577617328519857
2024-08-06,0.6768953068592057,0.0812274368231047,0.33212996389891697,0.9873646209386282,0.8483754512635379,0.9422382671480144,0.01444043321299639,0.9566787003610109,0.8483754512635379,0.9115523465703971,0.30144404332129965,0.29422382671480146,0.9476534296028881,0.9602888086642599,0.7942238267148014
2024-08-07,0.6823104693140795,0.0631768953068592,0.351985559566787,0.9458483754512635,0.8610108303249098,0.9043321299638989,0.0812274368231047,0.8393501805054152,0.8862815884476535,0.259927797833935,0.2292418772563177,0.30144404332129965,0.9332129963898917,0.9693140794223827,0.3212996389891697
2024-08-08,0.6768953068592057,0.032490974729241874,0.36101083032490977,0.8935018050541517,0.8628158844765343,0.8772563176895307,0.740072202166065,0.8303249097472925,0.8736462093862816,0.6570397111913358,0.20577617328519857,0.3231046931407942,0.9657039711191335,0.9638989169675091,0.07220216606498195
2024-08-09,0.6768953068592057,0.04693140794223827,0.36101083032490977,0.9422382671480144,0.8483754512635379,0.8285198555956679,0.17689530685920576,0.7870036101083032,0.871841155234657,0.048736462093862815,0.3935018050541516,0.29422382671480146,0.9115523465703971,0.9657039711191335,0.8122743682310469
2024-08-12,0.6714801444043321,0.021660649819494584,0.3628158844765343,0.9873646209386282,0.8303249097472925,0.9314079422382672,0.20397111913357402,0.7166064981949458,0.9187725631768953,0.7851985559566786,0.44584837545126355,0.27617328519855594,0.9151624548736462,0.9675090252707581,0.7093862815884476
2024-08-13,0.6895306859205776,0.17870036101083034,0.5613718411552346,0.9747292418772563,0.8772563176895307,0.9350180505415162,0.48736462093862815,0.6859205776173285,0.9205776173285198,0.22202166064981949,0.31227436823104693,0.2833935018050541,0.9043321299638989,0.9729241877256317,0.18231046931407943
2024-08-14,0.6895306859205776,0.19855595667870035,0.5541516245487365,0.9945848375451264,0.8971119133574007,0.796028880866426,0.26534296028880866,0.6083032490974729,0.927797833935018,0.16967509025270758,0.27075812274368233,0.2743682310469314,0.871841155234657,0.9747292418772563,0.9169675090252708
2024-08-15,0.6895306859205776,0.19855595667870035,0.4566787003610108,0.9945848375451264,0.8971119133574007,0.7490974729241877,0.6064981949458483,0.6083032490974729,0.9223826714801444,0.49097472924187724,0.18050541516245489,0.2779783393501805,0.7978339350180506,0.9711191335740073,0.5379061371841155
2024-08-16,0.7328519855595668,0.26714801444043323,0.592057761732852,0.9945848375451264,0.8898916967509025,0.7382671480144405,0.06498194945848375,0.37184115523465705,0.9368231046931408,0.09025270758122744,0.12093862815884476,0.2563176895306859,0.7382671480144405,0.9765342960288809,0.8321299638989169
2024-08-19,0.7328519855595668,0.26714801444043323,0.592057761732852,0.9693140794223827,0.8898916967509025,0.871841155234657,0.8393501805054152,0.6750902527075813,0.9332129963898917,0.018050541516245487,0.3447653429602888,0.2527075812274368,0.7148014440433214,0.9819494584837545,0.01263537906137184
2024-08-20,0.7328519855595668,0.26714801444043323,0.592057761732852,0.9873646209386282,0.871841155234657,0.8898916967509025,0.2779783393501805,0.4981949458483754,0.9386281588447654,0.24187725631768953,0.45126353790613716,0.24187725631768953,0.6209386281588448,0.9855595667870036,0.1299638989169675
2024-08-21,0.7563176895306859,0.33393501805054154,0.592057761732852,0.9873646209386282,0.8808664259927798,0.8880866425992779,0.463898916967509,0.5216606498194946,0.9350180505415162,0.6841155234657039,0.4332129963898917,0.24368231046931407,0.6823104693140795,0.983754512635379,0.7545126353790613
2024-08-22,0.7328519855595668,0.26173285198555957,0.6119133574007221,0.9097472924187726,0.9007220216606499,0.8357400722021661,0.4296028880866426,0.5180505415162455,0.9097472924187726,0.9368231046931408,0.30144404332129965,0.259927797833935,0.6498194945848376,0.98014440433213,0.6462093862815884
2024-08-23,0.7328519855595668,0.24729241877256317,0.5956678700361011,0.851985559566787,0.8916967509025271,0.7833935018050542,0.6859205776173285,0.5342960288808665,0.9025270758122743,0.03790613718411552,0.2870036101083033,0.2509025270758123,0.5902527075812274,0.9620938628158845,0.22743682310469315
2024-08-26,0.7328519855595668,0.24729241877256317,0.5956678700361011,0.8736462093862816,0.9061371841155235,0.8050541516245487,0.6570397111913358,0.48736462093862815,0.8700361010830325,0.3700361010830325,0.5234657039711191,0.26895306859205775,0.5072202166064982,0.9548736462093863,0.15342960288808663
2024-08-27,0.7563176895306859,0.24729241877256317,0.6101083032490975,0.7184115523465704,0.8862815884476535,0.8628158844765343,0.7166064981949458,0.36101083032490977,0.8574007220216606,0.6407942238267148,0.5036101083032491,0.2509025270758123,0.5,0.9530685920577617,0.7148014440433214
2024-08-28,0.7563176895306859,0.24729241877256317,0.6101083032490975,0.7021660649819494,0.9007220216606499,0.8501805054151624,0.5234657039711191,0.3231046931407942,0.8393501805054152,0.7743682310469314,0.5451263537906137,0.27075812274368233,0.5036101083032491,0.9566787003610109,0.9584837545126353
2024-08-29,0.7563176895306859,0.24729241877256317,0.5703971119133574,0.7093862815884476,0.8826714801444043,0.8086642599277978,0.8736462093862816,0.3664259927797834,0.8664259927797834,0.18772563176895307,0.6191335740072202,0.259927797833935,0.4584837545126354,0.9584837545126353,0.2184115523465704
2024-08-30,0.7563176895306859,0.24729241877256317,0.5415162454873647,0.7093862815884476,0.8700361010830325,0.8249097472924187,0.3664259927797834,0.2888086642599278,0.8122743682310469,0.8303249097472925,0.5848375451263538,0.26714801444043323,0.4855595667870036,0.9169675090252708,0.7779783393501805
2024-09-02,0.7563176895306859,0.24729241877256317,0.5415162454873647,0.7093862815884476,0.8411552346570397,0.8249097472924187,0.4259927797833935,0.3212996389891697,0.5252707581227437,0.5361010830324909,0.6119133574007221,0.2509025270758123,0.4602888086642599,0.26173285198555957,0.4368231046931408
2024-09-03,0.7328519855595668,0.2292418772563177,0.5505415162454874,0.6841155234657039,0.8429602888086642,0.9133574007220217,0.7815884476534296,0.3555956678700361,0.40794223826714804,0.720216606498195,0.6407942238267148,0.2545126353790614,0.516245487364621,0.17148014440433212,0.032490974729241874
2024-09-04,0.7328519855595668,0.34296028880866425,0.5090252707581228,0.7472924187725631,0.8844765342960289,0.9404332129963899,0.9765342960288809,0.779783393501805,0.5054151624548736,0.1371841155234657,0.6046931407942239,0.27256317689530685,0.5884476534296029,0.33574007220216606,0.3267148014440433
2024-09-05,0.7328519855595668,0.5018050541516246,0.4855595667870036,0.7436823104693141,0.8935018050541517,0.9223826714801444,0.6768953068592057,0.7527075812274369,0.48736462093862815,0.3555956678700361,0.6660649819494585,0.2815884476534296,0.5812274368231047,0.3140794223826715,0.37184115523465705
2024-09-06,0.7328519855595668,0.6137184115523465,0.4855595667870036,0.779783393501805,0.9097472924187726,0.8140794223826715,0.8953068592057761,0.7942238267148014,0.5072202166064982,0.5234657039711191,0.5667870036101083,0.30324909747292417,0.5830324909747292,0.33212996389891697,0.2779783393501805
2024-09-09,0.7328519855595668,0.720216606498195,0.44765342960288806,0.7021660649819494,0.9043321299638989,0.7707581227436823,0.7184115523465704,0.7545126353790613,0.43501805054151627,0.8646209386281588,0.5740072202166066,0.29783393501805056,0.5992779783393501,0.36462093862815886,0.7851985559566786
2024-09-10,0.7328519855595668,0.8916967509025271,0.29422382671480146,0.7129963898916968,0.9115523465703971,0.8339350180505415,0.7527075812274369,0.6895306859205776,0.4602888086642599,0.6299638989169675,0.6010830324909747,0.30144404332129965,0.592057761732852,0.34657039711191334,0.10288808664259928
2024-09-11,0.7328519855595668,0.9115523465703971,0.29422382671480146,0.7382671480144405,0.9422382671480144,0.7509025270758123,0.7292418772563177,0.7057761732851986,0.42418772563176893,0.22382671480144403,0.5126353790613718,0.3194945848375451,0.644404332129964,0.4584837545126354,0.9855595667870036
2024-09-12,0.7328519855595668,0.9043321299638989,0.29422382671480146,0.7942238267148014,0.9133574007220217,0.6263537906137184,0.04693140794223827,0.5740072202166066,0.6353790613718412,0.6119133574007221,0.29783393501805056,0.2888086642599278,0.5667870036101083,0.4927797833935018,0.796028880866426
2024-09-13,0.779783393501805,0.9314079422382672,0.2996389891696751,0.779783393501805,0.9548736462093863,0.6895306859205776,0.47653429602888087,0.5703971119133574,0.48194945848375453,0.10108303249097472,0.4693140794223827,0.3176895306859206,0.5415162454873647,0.5379061371841155,0.021660649819494584
2024-09-16,0.779783393501805,0.9314079422382672,0.2996389891696751,0.779783393501805,0.9548736462093863,0.7093862815884476,0.6064981949458483,0.5703971119133574,0.4223826714801444,0.49097472924187724,0.6913357400722022,0.3176895306859206,0.5306859205776173,0.516245487364621,0.5379061371841155
2024-09-17,0.779783393501805,0.9314079422382672,0.2996389891696751,0.779783393501805,0.9548736462093863,0.7184115523465704,0.6064981949458483,0.5703971119133574,0.37184115523465705,0.49097472924187724,0.7472924187725631,0.3176895306859206,0.5180505415162455,0.463898916967509,0.5379061371841155
2024-09-18,0.779783393501805,0.9314079422382672,0.2527075812274368,0.779783393501805,0.9548736462093863,0.631768953068592,0.6064981949458483,0.5703971119133574,0.3574007220216607,0.49097472924187724,0.7021660649819494,0.3176895306859206,0.51985559566787,0.4620938628158845,0.5379061371841155
2024-09-19,0.779783393501805,0.9368231046931408,0.17328519855595667,0.703971119133574,0.9422382671480144,0.463898916967509,0.44404332129963897,0.6155234657039711,0.3555956678700361,0.1967509025270758,0.4963898916967509,0.30866425992779783,0.45126353790613716,0.4855595667870036,0.11010830324909747
2024-09-20,0.779783393501805,0.9458483754512635,0.17328519855595667,0.6335740072202166,0.9350180505415162,0.41696750902527074,0.3628158844765343,0.49097472924187724,0.3664259927797834,0.8285198555956679,0.4657039711191336,0.3303249097472924,0.4566787003610108,0.48014440433212996,0.6552346570397112
2024-09-23,0.779783393501805,0.9458483754512635,0.17328519855595667,0.6155234657039711,0.927797833935018,0.5,0.40613718411552346,0.5487364620938628,0.3844765342960289,0.5,0.40252707581227437,0.33393501805054154,0.4332129963898917,0.47653429602888087,0.7075812274368231
2024-09-24,0.779783393501805,0.9620938628158845,0.10469314079422383,0.5992779783393501,0.927797833935018,0.48014440433212996,0.2075812274368231,0.6209386281588448,0.44223826714801445,0.2148014440433213,0.2833935018050541,0.35018050541516244,0.44765342960288806,0.4711191335740072,0.851985559566787
2024-09-25,0.779783393501805,0.9638989169675091,0.10469314079422383,0.5830324909747292,0.9584837545126353,0.4368231046931408,0.9133574007220217,0.6931407942238267,0.5306859205776173,0.7509025270758123,0.3844765342960289,0.37184115523465705,0.45306859205776173,0.5342960288808665,0.9602888086642599
2024-09-26,0.779783393501805,0.9657039711191335,0.10469314079422383,0.5740072202166066,0.9602888086642599,0.3953068592057762,0.023465703971119134,0.759927797833935,0.7057761732851986,0.016245487364620937,0.36101083032490977,0.3844765342960289,0.4259927797833935,0.6137184115523465,0.2364620938628159
2024-09-27,0.779783393501805,0.9675090252707581,0.10469314079422383,0.5956678700361011,0.9548736462093863,0.4584837545126354,0.8285198555956679,0.7436823104693141,0.7184115523465704,0.12815884476534295,0.6859205776173285,0.37364620938628157,0.43862815884476536,0.6263537906137184,0.44945848375451264
2024-09-30,0.779783393501805,0.9765342960288809,0.10469314079422383,0.5794223826714802,0.9638989169675091,0.5270758122743683,0.9566787003610109,0.7490974729241877,0.8140794223826715,0.7527075812274369,0.7328519855595668,0.37725631768953066,0.44223826714801445,0.6642599277978339,0.3447653429602888
2024-10-01,0.779783393501805,0.9765342960288809,0.052346570397111915,0.5794223826714802,0.9638989169675091,0.7581227436823105,0.6064981949458483,0.7490974729241877,0.7888086642599278,0.49097472924187724,0.7635379061371841,0.37725631768953066,0.44404332129963897,0.6299638989169675,0.5379061371841155
2024-10-02,0.7563176895306859,0.9729241877256317,0.09025270758122744,0.6407942238267148,0.9693140794223827,0.7310469314079422,0.8989169675090253,0.7743682310469314,0.6985559566787004,0.9043321299638989,0.759927797833935,0.3844765342960289,0.4747292418772563,0.5866425992779783,0.35018050541516244
2024-10-03,0.7563176895306859,0.9729241877256317,0.09025270758122744,0.6407942238267148,0.9693140794223827,0.7075812274368231,0.6064981949458483,0.7743682310469314,0.6877256317689531,0.49097472924187724,0.7851985559566786,0.3844765342960289,0.4963898916967509,0.5848375451263538,0.5379061371841155
2024-10-04,0.7563176895306859,0.9729241877256317,0.09025270758122744,0.6046931407942239,0.9422382671480144,0.6823104693140795,0.41155234657039713,0.7689530685920578,0.5938628158844765,0.9981949458483754,0.8501805054151624,0.3628158844765343,0.463898916967509,0.5884476534296029,0.27256317689530685
2024-10-07,0.7328519855595668,0.9548736462093863,0.20577617328519857,0.6696750902527075,0.8664259927797834,0.9620938628158845,0.11371841155234658,0.7454873646209387,0.7148014440433214,0.22021660649819494,0.9115523465703971,0.27978339350180503,0.4891696750902527,0.5938628158844765,0.5415162454873647
2024-10-08,0.7328519855595668,0.9530685920577617,0.20577617328519857,0.6678700361010831,0.8754512635379061,0.9602888086642599,0.7833935018050542,0.7581227436823105,0.7364620938628159,0.631768953068592,0.907942238267148,0.26353790613718414,0.4675090252707581,0.592057761732852,0.30505415162454874
2024-10-09,0.7328519855595668,0.9530685920577617,0.20577617328519857,0.6678700361010831,0.8754512635379061,0.9548736462093863,0.6064981949458483,0.7581227436823105,0.6895306859205776,0.49097472924187724,0.9097472924187726,0.26353790613718414,0.4620938628158845,0.5288808664259927,0.5379061371841155
2024-10-10,0.6985559566787004,0.9422382671480144,0.24729241877256317,0.7310469314079422,0.8501805054151624,0.9259927797833934,0.4548736462093863,0.6768953068592057,0.4729241877256318,0.8862815884476535,0.8808664259927798,0.26714801444043323,0.5144404332129964,0.5234657039711191,0.2111913357400722
2024-10-11,0.6245487364620939,0.8321299638989169,0.9025270758122743,0.720216606498195,0.7509025270758123,0.9386281588447654,0.648014440433213,0.5956678700361011,0.463898916967509,0.2545126353790614,0.8844765342960289,0.3267148014440433,0.4729241877256318,0.4566787003610108,0.2148014440433213
2024-10-14,0.6245487364620939,0.8393501805054152,0.9025270758122743,0.648014440433213,0.7725631768953068,0.9386281588447654,0.23826714801444043,0.5830324909747292,0.5541516245487365,0.8501805054151624,0.9025270758122743,0.33574007220216606,0.49458483754512633,0.5216606498194946,0.08303249097472924
2024-10-15,0.6245487364620939,0.8393501805054152,0.9025270758122743,0.6750902527075813,0.8068592057761733,0.9657039711191335,0.3916967509025271,0.5306859205776173,0.572202166064982,0.8610108303249098,0.924187725631769,0.35379061371841153,0.5234657039711191,0.51985559566787,0.6768953068592057
2024-10-16,0.6245487364620939,0.8303249097472925,0.9025270758122743,0.7184115523465704,0.8375451263537906,0.9512635379061372,0.8447653429602888,0.5595667870036101,0.648014440433213,0.3989169675090253,0.9314079422382672,0.3664259927797834,0.5703971119133574,0.5252707581227437,0.20397111913357402
2024-10-17,0.6046931407942239,0.8068592057761733,0.8953068592057761,0.6895306859205776,0.8032490974729242,0.9530685920577617,0.6209386281588448,0.5072202166064982,0.628158844765343,0.8880866425992779,0.8989169675090253,0.3592057761732852,0.555956678700361,0.5054151624548736,0.6263537906137184
2024-10-18,0.6046931407942239,0.8140794223826715,0.8953068592057761,0.6155234657039711,0.7870036101083032,0.9584837545126353,0.7779783393501805,0.4675090252707581,0.6732851985559567,0.22743682310469315,0.9259927797833934,0.3574007220216607,0.5685920577617328,0.5072202166064982,0.17689530685920576
2024-10-21,0.6046931407942239,0.8158844765342961,0.8953068592057761,0.6425992779783394,0.796028880866426,0.9765342960288809,0.37545126353790614,0.4747292418772563,0.6967509025270758,0.9259927797833934,0.9476534296028881,0.3628158844765343,0.5613718411552346,0.5126353790613718,0.8231046931407943
2024-10-22,0.6245487364620939,0.8303249097472925,0.9097472924187726,0.5848375451263538,0.759927797833935,0.98014440433213,0.9115523465703971,0.572202166064982,0.7220216606498195,0.3574007220216607,0.9602888086642599,0.35018050541516244,0.5938628158844765,0.5108303249097473,0.07581227436823104
2024-10-23,0.6245487364620939,0.8303249097472925,0.9097472924187726,0.5685920577617328,0.776173285198556,0.9783393501805054,0.21299638989169675,0.5523465703971119,0.7310469314079422,0.7779783393501805,0.9657039711191335,0.3447653429602888,0.5956678700361011,0.36823104693140796,0.907942238267148
2024-10-24,0.6245487364620939,0.8393501805054152,0.9097472924187726,0.5938628158844765,0.8231046931407943,0.9675090252707581,0.8014440433212996,0.6046931407942239,0.5036101083032491,0.3212996389891697,0.9494584837545126,0.37184115523465705,0.572202166064982,0.0740072202166065,0.3935018050541516
2024-10-25,0.6245487364620939,0.8393501805054152,0.9097472924187726,0.592057761732852,0.8321299638989169,0.9711191335740073,0.49458483754512633,0.6101083032490975,0.45126353790613716,0.927797833935018,0.9693140794223827,0.37184115523465705,0.6028880866425993,0.18050541516245489,0.036101083032490974
2024-10-28,0.628158844765343,0.8465703971119134,0.9133574007220217,0.5685920577617328,0.7906137184115524,0.9855595667870036,0.2111913357400722,0.5884476534296029,0.37725631768953066,0.1624548736462094,0.9819494584837545,0.351985559566787,0.5631768953068592,0.11552346570397112,0.9873646209386282
2024-10-29,0.628158844765343,0.8429602888086642,0.9133574007220217,0.575812274368231,0.7906137184115524,0.9873646209386282,0.44584837545126355,0.5433212996389891,0.3916967509025271,0.6155234657039711,0.9981949458483754,0.3447653429602888,0.6173285198555957,0.11371841155234658,0.5974729241877257
2024-10-30,0.6407942238267148,0.8808664259927798,0.9205776173285198,0.6083032490974729,0.8068592057761733,0.983754512635379,0.851985559566787,0.5541516245487365,0.33754512635379064,0.14259927797833935,1.0,0.35018050541516244,0.6137184115523465,0.1299638989169675,0.6173285198555957
2024-10-31,0.6407942238267148,0.8808664259927798,0.9205776173285198,0.6155234657039711,0.8140794223826715,0.9927797833935018,0.9223826714801444,0.6516245487364621,0.44945848375451264,0.27256317689530685,0.9909747292418772,0.3447653429602888,0.6389891696750902,0.29061371841155237,0.7581227436823105
2024-11-01,0.6407942238267148,0.8808664259927798,0.9205776173285198,0.6588447653429603,0.7996389891696751,0.9909747292418772,0.7617328519855595,0.6696750902527075,0.4747292418772563,0.6010830324909747,0.983754512635379,0.33754512635379064,0.7021660649819494,0.2833935018050541,0.13898916967509026
2024-11-04,0.6407942238267148,0.8808664259927798,0.9151624548736462,0.6173285198555957,0.8104693140794224,0.9945848375451264,0.08303249097472924,0.6642599277978339,0.48375451263537905,0.27617328519855594,0.9891696750902527,0.3285198555956679,0.6913357400722022,0.22743682310469315,0.9259927797833934
2024-11-05,0.6696750902527075,0.8989169675090253,0.9259927797833934,0.6245487364620939,0.8339350180505415,0.9819494584837545,0.7454873646209387,0.6462093862815884,0.4675090252707581,0.740072202166065,0.9927797833935018,0.3267148014440433,0.7075812274368231,0.22563176895306858,0.23104693140794225
2024-11-06,0.6696750902527075,0.8880866425992779,0.9259927797833934,0.5902527075812274,0.7942238267148014,0.9296028880866426,0.7563176895306859,0.4602888086642599,0.5,0.9927797833935018,0.7364620938628159,0.29422382671480146,0.6407942238267148,0.26534296028880866,0.04693140794223827
2024-11-07,0.6407942238267148,0.8537906137184116,0.9259927797833934,0.6010830324909747,0.8212996389891697,0.7545126353790613,0.5108303249097473,0.3628158844765343,0.4891696750902527,0.030685920577617327,0.6841155234657039,0.30685920577617326,0.6083032490974729,0.2563176895306859,0.6028880866425993
2024-11-08,0.6407942238267148,0.8574007220216606,0.3194945848375451,0.6335740072202166,0.8592057761732852,0.6696750902527075,0.6552346570397112,0.29783393501805056,0.4981949458483754,0.9296028880866426,0.5595667870036101,0.33393501805054154,0.5577617328519856,0.24548736462093862,0.4259927797833935
2024-11-11,0.6407942238267148,0.8574007220216606,0.3194945848375451,0.6949458483754513,0.8483754512635379,0.6696750902527075,0.8880866425992779,0.36823104693140796,0.48014440433212996,0.7942238267148014,0.6750902527075813,0.3212996389891697,0.5541516245487365,0.0812274368231047,0.3104693140794224
2024-11-12,0.6696750902527075,0.8916967509025271,0.33754512635379064,0.7563176895306859,0.855595667870036,0.8393501805054152,0.9494584837545126,0.5577617328519856,0.5433212996389891,0.8429602888086642,0.7436823104693141,0.3176895306859206,0.5740072202166066,0.148014440433213,0.3628158844765343
2024-11-13,0.6696750902527075,0.868231046931408,0.33754512635379064,0.7490974729241877,0.8086642599277978,0.7274368231046932,0.9675090252707581,0.7310469314079422,0.6064981949458483,0.21660649819494585,0.6913357400722022,0.2870036101083033,0.6263537906137184,0.20397111913357402,0.10830324909747292
2024-11-14,0.6696750902527075,0.868231046931408,0.27256317689530685,0.6552346570397112,0.8249097472924187,0.6606498194945848,0.4963898916967509,0.6787003610108303,0.6046931407942239,0.2851985559566787,0.6787003610108303,0.29783393501805056,0.6010830324909747,0.2075812274368231,0.7436823104693141
2024-11-15,0.6696750902527075,0.868231046931408,0.27256317689530685,0.6714801444043321,0.8158844765342961,0.7346570397111913,0.644404332129964,0.5776173285198556,0.5469314079422383,0.2563176895306859,0.6606498194945848,0.2870036101083033,0.6714801444043321,0.2148014440433213,0.8537906137184116
2024-11-18,0.6696750902527075,0.8971119133574007,0.27256317689530685,0.6678700361010831,0.8375451263537906,0.7256317689530686,0.05415162454873646,0.5072202166064982,0.6462093862815884,0.30144404332129965,0.6588447653429603,0.30685920577617326,0.6732851985559567,0.37725631768953066,0.3971119133574007
2024-11-19,0.6696750902527075,0.8971119133574007,0.26353790613718414,0.6552346570397112,0.8664259927797834,0.7743682310469314,0.4891696750902527,0.3916967509025271,0.5288808664259927,0.2364620938628159,0.7093862815884476,0.33935018050541516,0.6985559566787004,0.37545126353790614,0.6046931407942239
2024-11-20,0.6696750902527075,0.8971119133574007,0.26353790613718414,0.6913357400722022,0.8700361010830325,0.8068592057761733,0.37906137184115524,0.37906137184115524,0.4566787003610108,0.8754512635379061,0.644404332129964,0.3574007220216607,0.6425992779783394,0.4296028880866426,0.09386281588447654
2024-11-21,0.6696750902527075,0.8736462093862816,0.26353790613718414,0.648014440433213,0.9025270758122743,0.7220216606498195,0.6335740072202166,0.3267148014440433,0.3989169675090253,0.3176895306859206,0.628158844765343,0.37906137184115524,0.6678700361010831,0.42418772563176893,0.3953068592057762
2024-11-22,0.6696750902527075,0.8736462093862816,0.26353790613718414,0.6191335740072202,0.907942238267148,0.6534296028880866,0.27978339350180503,0.29422382671480146,0.44404332129963897,0.868231046931408,0.6010830324909747,0.388086642599278,0.6534296028880866,0.3700361010830325,0.351985559566787
2024-11-25,0.6696750902527075,0.868231046931408,0.22202166064981949,0.6498194945848376,0.924187725631769,0.6732851985559567,0.15703971119133575,0.27617328519855594,0.40974729241877256,0.1588447653429603,0.5902527075812274,0.3916967509025271,0.648014440433213,0.3303249097472924,0.855595667870036
2024-11-26,0.6696750902527075,0.868231046931408,0.22202166064981949,0.7148014440433214,0.9223826714801444,0.6552346570397112,0.7653429602888087,0.2743682310469314,0.4368231046931408,0.2509025270758123,0.6498194945848376,0.3898916967509025,0.6696750902527075,0.37184115523465705,0.776173285198556
2024-11-27,0.6696750902527075,0.868231046931408,0.018050541516245487,0.6768953068592057,0.944043321299639,0.6064981949458483,0.7978339350180506,0.2490974729241877,0.4314079422382672,0.18411552346570398,0.5595667870036101,0.3953068592057762,0.6931407942238267,0.37906137184115524,0.039711191335740074
2024-11-28,0.5776173285198556,0.7382671480144405,0.9422382671480144,0.6678700361010831,0.9151624548736462,0.6064981949458483,0.5018050541516246,0.18231046931407943,0.3285198555956679,0.6750902527075813,0.4620938628158845,0.45126353790613716,0.6877256317689531,0.2779783393501805,0.6227436823104693
2024-11-29,0.5776173285198556,0.7382671480144405,0.9422382671480144,0.6516245487364621,0.9296028880866426,0.5469314079422383,0.9512635379061372,0.3212996389891697,0.4296028880866426,0.6588447653429603,0.42418772563176893,0.4675090252707581,0.6660649819494585,0.31227436823104693,0.2527075812274368
2024-12-02,0.5740072202166066,0.7310469314079422,0.9386281588447654,0.6949458483754513,0.9566787003610109,0.6101083032490975,0.6245487364620939,0.38086642599277976,0.29422382671480146,0.8465703971119134,0.5072202166064982,0.5036101083032491,0.6624548736462094,0.30866425992779783,0.2888086642599278
2024-12-03,0.5740072202166066,0.7436823104693141,0.9314079422382672,0.7256317689530686,0.9422382671480144,0.5595667870036101,0.07942238267148015,0.2996389891696751,0.40613718411552346,0.9963898916967509,0.8483754512635379,0.4981949458483754,0.6768953068592057,0.5,0.052346570397111915
2024-12-04,0.5740072202166066,0.7436823104693141,0.9314079422382672,0.6841155234657039,0.9169675090252708,0.4566787003610108,0.9205776173285198,0.5361010830324909,0.44765342960288806,0.02707581227436823,0.8122743682310469,0.5,0.8122743682310469,0.5649819494584838,0.9512635379061372
2024-12-05,0.5740072202166066,0.7509025270758123,0.9368231046931408,0.7021660649819494,0.9332129963898917,0.43501805054151627,0.8501805054151624,0.4620938628158845,0.49458483754512633,0.6768953068592057,0.7653429602888087,0.5072202166064982,0.8104693140794224,0.6660649819494585,0.9945848375451264
2024-12-06,0.5740072202166066,0.7509025270758123,0.9368231046931408,0.740072202166065,0.9187725631768953,0.2851985559566787,0.7671480144404332,0.5992779783393501,0.5108303249097473,0.8411552346570397,0.7454873646209387,0.5036101083032491,0.8483754512635379,0.6678700361010831,0.17328519855595667
2024-12-09,0.5740072202166066,0.7563176895306859,0.9368231046931408,0.8140794223826715,0.9458483754512635,0.3249097472924188,0.9693140794223827,0.6805054151624549,0.592057761732852,0.8700361010830325,0.8104693140794224,0.5469314079422383,0.8592057761732852,0.720216606498195,0.6606498194945848
2024-12-10,0.5794223826714802,0.9133574007220217,0.944043321299639,0.7346570397111913,0.9855595667870036,0.3935018050541516,0.04332129963898917,0.5577617328519856,0.6516245487364621,0.5541516245487365,0.7906137184115524,0.5379061371841155,0.8646209386281588,0.7364620938628159,0.8501805054151624
2024-12-11,0.5848375451263538,0.9404332129963899,0.9458483754512635,0.644404332129964,0.9927797833935018,0.2743682310469314,0.2364620938628159,0.4404332129963899,0.5631768953068592,0.3140794223826715,0.7274368231046932,0.5090252707581228,0.8646209386281588,0.7581227436823105,0.1624548736462094
2024-12-12,0.5812274368231047,0.9223826714801444,0.9476534296028881,0.6407942238267148,0.9747292418772563,0.27978339350180503,0.11010830324909747,0.37364620938628157,0.6389891696750902,0.5703971119133574,0.7184115523465704,0.5126353790613718,0.8357400722021661,0.7617328519855595,0.7870036101083032
2024-12-13,0.5830324909747292,0.9386281588447654,0.9494584837545126,0.6895306859205776,0.9855595667870036,0.3267148014440433,0.3555956678700361,0.33393501805054154,0.6624548736462094,0.7472924187725631,0.5613718411552346,0.5342960288808665,0.8664259927797834,0.7472924187725631,0.7725631768953068
2024-12-16,0.5902527075812274,0.98014440433213,0.9566787003610109,0.6209386281588448,0.9963898916967509,0.41335740072202165,0.6841155234657039,0.2924187725631769,0.5126353790613718,0.5848375451263538,0.5541516245487365,0.51985559566787,0.8411552346570397,0.6859205776173285,0.6877256317689531
2024-12-17,0.5902527075812274,0.98014440433213,0.9566787003610109,0.5992779783393501,0.9729241877256317,0.40252707581227437,0.907942238267148,0.26173285198555957,0.5776173285198556,0.516245487364621,0.51985559566787,0.47833935018050544,0.8393501805054152,0.6913357400722022,0.2328519855595668
2024-12-18,0.5902527075812274,0.9819494584837545,0.9566787003610109,0.5685920577617328,0.9981949458483754,0.35018050541516244,0.2148014440433213,0.2111913357400722,0.6299638989169675,0.6028880866425993,0.49458483754512633,0.5342960288808665,0.8321299638989169,0.6841155234657039,0.3574007220216607
2024-12-19,0.6046931407942239,0.9891696750902527,0.9620938628158845,0.5397111913357401,0.9873646209386282,0.4007220216606498,0.9530685920577617,0.41155234657039713,0.7509025270758123,0.8844765342960289,0.5342960288808665,0.49097472924187724,0.8754512635379061,0.6949458483754513,0.23826714801444043
2024-12-20,0.6046931407942239,0.9891696750902527,0.9620938628158845,0.48194945848375453,0.98014440433213,0.4404332129963899,0.9097472924187726,0.5469314079422383,0.7635379061371841,0.49097472924187724,0.5469314079422383,0.4855595667870036,0.8971119133574007,0.6967509025270758,0.6245487364620939
2024-12-23,0.6046931407942239,0.9909747292418772,0.9620938628158845,0.5072202166064982,0.9819494584837545,0.5685920577617328,0.11913357400722022,0.40252707581227437,0.7924187725631769,0.7454873646209387,0.6155234657039711,0.4729241877256318,0.8844765342960289,0.8068592057761733,0.09927797833935018
2024-12-24,0.6245487364620939,0.9963898916967509,0.9657039711191335,0.4747292418772563,0.9783393501805054,0.592057761732852,0.6299638989169675,0.3971119133574007,0.7671480144404332,0.8212996389891697,0.5884476534296029,0.4548736462093863,0.8953068592057761,0.7942238267148014,0.6299638989169675
2024-12-25,0.6245487364620939,0.9963898916967509,0.9657039711191335,0.4747292418772563,0.9783393501805054,0.592057761732852,0.6064981949458483,0.3971119133574007,0.7346570397111913,0.49097472924187724,0.6263537906137184,0.4548736462093863,0.8880866425992779,0.7689530685920578,0.5379061371841155
2024-12-26,0.6245487364620939,0.9963898916967509,0.7833935018050542,0.4927797833935018,0.9657039711191335,0.5433212996389891,0.7382671480144405,0.43501805054151627,0.7581227436823105,0.9693140794223827,0.6823104693140795,0.44584837545126355,0.8898916967509025,0.7707581227436823,0.592057761732852
2024-12-27,0.6696750902527075,1.0,0.8140794223826715,0.4747292418772563,0.9945848375451264,0.5324909747292419,0.8754512635379061,0.4729241877256318,0.7111913357400722,0.5126353790613718,0.8158844765342961,0.4657039711191336,0.8916967509025271,0.7743682310469314,0.6823104693140795
2024-12-30,0.6696750902527075,1.0,0.8068592057761733,0.44584837545126355,1.0,0.6516245487364621,0.6823104693140795,0.5144404332129964,0.7328519855595668,0.5667870036101083,0.7996389891696751,0.4566787003610108,0.8989169675090253,0.779783393501805,0.8447653429602888
2024-12-31,0.6046931407942239,0.9891696750902527,0.8898916967509025,0.44584837545126355,0.9927797833935018,0.6462093862815884,0.6064981949458483,0.5144404332129964,0.5451263537906137,0.49097472924187724,0.7545126353790613,0.463898916967509,0.9133574007220217,0.6353790613718412,0.5379061371841155
2025-01-01,0.6046931407942239,0.9891696750902527,0.8898916967509025,0.44584837545126355,0.9927797833935018,0.6462093862815884,0.6064981949458483,0.5144404332129964,0.4693140794223827,0.49097472924187724,0.7509025270758123,0.463898916967509,0.907942238267148,0.5830324909747292,0.5379061371841155
2025-01-02,0.5631768953068592,0.924187725631769,0.9512635379061372,0.4963898916967509,0.9711191335740073,0.5812274368231047,0.6119133574007221,0.4548736462093863,0.427797833935018,0.37725631768953066,0.7382671480144405,0.5505415162454874,0.9350180505415162,0.48375451263537905,0.5794223826714802
2025-01-03,0.5613718411552346,0.8014440433212996,0.9909747292418772,0.427797833935018,0.9332129963898917,0.48194945848375453,0.09025270758122744,0.41335740072202165,0.5324909747292419,0.3844765342960289,0.7436823104693141,0.575812274368231,0.9386281588447654,0.4963898916967509,0.8285198555956679
2025-01-06,0.5595667870036101,0.723826714801444,0.9981949458483754,0.42057761732851984,0.8790613718411552,0.6155234657039711,0.0740072202166065,0.4584837545126354,0.5740072202166066,0.0812274368231047,0.740072202166065,0.5613718411552346,0.9566787003610109,0.3898916967509025,0.7743682310469314
2025-01-07,0.5577617328519856,0.6155234657039711,1.0,0.43862815884476536,0.851985559566787,0.7364620938628159,0.4711191335740072,0.40974729241877256,0.4620938628158845,0.10649819494584838,0.7581227436823105,0.6119133574007221,0.9404332129963899,0.3628158844765343,0.45306859205776173
2025-01-08,0.555956678700361,0.5884476534296029,0.9927797833935018,0.4368231046931408,0.855595667870036,0.6967509025270758,0.2003610108303249,0.40794223826714804,0.5090252707581228,0.8989169675090253,0.7364620938628159,0.6516245487364621,0.9422382671480144,0.26714801444043323,0.8339350180505415
2025-01-09,0.5361010830324909,0.3898916967509025,0.9963898916967509,0.42057761732851984,0.8176895306859205,0.6642599277978339,0.5180505415162455,0.37184115523465705,0.4404332129963899,0.36462093862815886,0.7256317689530686,0.6768953068592057,0.9711191335740073,0.2527075812274368,0.34296028880866425
2025-01-10,0.5361010830324909,0.37545126353790614,0.9945848375451264,0.4566787003610108,0.7256317689530686,0.5776173285198556,0.6913357400722022,0.37545126353790614,0.43862815884476536,0.9512635379061372,0.7310469314079422,0.6227436823104693,0.9819494584837545,0.2545126353790614,0.24548736462093862
2025-01-13,0.5361010830324909,0.4259927797833935,0.9855595667870036,0.5397111913357401,0.5956678700361011,0.7472924187725631,0.8790613718411552,0.43501805054151627,0.4711191335740072,0.2490974729241877,0.779783393501805,0.575812274368231,0.9927797833935018,0.24007220216606498,0.12093862815884476
2025-01-14,0.5361010830324909,0.44584837545126355,0.9855595667870036,0.555956678700361,0.6227436823104693,0.723826714801444,0.40974729241877256,0.30685920577617326,0.4332129963898917,0.15162454873646208,0.776173285198556,0.592057761732852,0.9783393501805054,0.23465703971119134,0.8194945848375451
2025-01-15,0.5270758122743683,0.3194945848375451,0.9819494584837545,0.5703971119133574,0.5469314079422383,0.4747292418772563,0.6137184115523465,0.3104693140794224,0.35379061371841153,0.18231046931407943,0.7833935018050542,0.575812274368231,0.9675090252707581,0.18953068592057762,0.30866425992779783
2025-01-16,0.5270758122743683,0.44223826714801445,0.9765342960288809,0.5830324909747292,0.6462093862815884,0.4693140794223827,0.18592057761732853,0.24548736462093862,0.3267148014440433,0.6425992779783394,0.7725631768953068,0.6101083032490975,0.9314079422382672,0.15162454873646208,0.5902527075812274
2025-01-17,0.5270758122743683,0.48194945848375453,0.9765342960288809,0.516245487364621,0.6931407942238267,0.5595667870036101,0.6642599277978339,0.17870036101083034,0.26895306859205775,0.3628158844765343,0.7527075812274369,0.6371841155234657,0.9061371841155235,0.0776173285198556,0.6155234657039711
2025-01-20,0.5270758122743683,0.45126353790613716,0.9765342960288809,0.4927797833935018,0.6534296028880866,0.5595667870036101,0.6588447653429603,0.26895306859205775,0.1371841155234657,0.023465703971119134,0.7870036101083032,0.6263537906137184,0.9187725631768953,0.021660649819494584,0.575812274368231
2025-01-21,0.5126353790613718,0.3898916967509025,0.9675090252707581,0.4981949458483754,0.7057761732851986,0.5866425992779783,0.6425992779783394,0.2545126353790614,0.13357400722021662,0.20216606498194944,0.6696750902527075,0.6462093862815884,0.8068592057761733,0.018050541516245487,0.4548736462093863
2025-01-22,0.5541516245487365,0.6010830324909747,0.9891696750902527,0.4855595667870036,0.7527075812274369,0.3898916967509025,0.20577617328519857,0.17689530685920576,0.2184115523465704,0.5090252707581228,0.6010830324909747,0.6299638989169675,0.7184115523465704,0.019855595667870037,0.8158844765342961
2025-01-23,0.5541516245487365,0.6010830324909747,0.9891696750902527,0.463898916967509,0.7707581227436823,0.36462093862815886,0.9007220216606499,0.18953068592057762,0.24007220216606498,0.37184115523465705,0.48736462093862815,0.6552346570397112,0.6552346570397112,0.02527075812274368,0.3194945848375451
2025-01-24,0.5541516245487365,0.6010830324909747,0.98014440433213,0.41155234657039713,0.7851985559566786,0.34657039711191334,0.27256317689530685,0.2111913357400722,0.16967509025270758,0.19855595667870035,0.47833935018050544,0.6678700361010831,0.6371841155234657,0.009025270758122744,0.7418772563176895
2025-01-27,0.5541516245487365,0.6010830324909747,0.98014440433213,0.41155234657039713,0.7851985559566786,0.5397111913357401,0.6064981949458483,0.2111913357400722,0.14259927797833935,0.49097472924187724,0.5649819494584838,0.6678700361010831,0.7057761732851986,0.007220216606498195,0.5379061371841155
2025-01-28,0.5541516245487365,0.6010830324909747,0.9711191335740073,0.41155234657039713,0.7851985559566786,0.4711191335740072,0.6064981949458483,0.2111913357400722,0.14259927797833935,0.49097472924187724,0.6967509025270758,0.6678700361010831,0.6570397111913358,0.007220216606498195,0.5379061371841155
2025-01-29,0.5541516245487365,0.6010830324909747,0.9711191335740073,0.41155234657039713,0.7851985559566786,0.40974729241877256,0.6064981949458483,0.2111913357400722,0.14259927797833935,0.49097472924187724,0.6714801444043321,0.6678700361010831,0.6787003610108303,0.007220216606498195,0.5379061371841155
2025-01-30,0.5541516245487365,0.6010830324909747,0.927797833935018,0.41155234657039713,0.7851985559566786,0.4043321299638989,0.6064981949458483,0.2111913357400722,0.1299638989169675,0.49097472924187724,0.5324909747292419,0.6678700361010831,0.6642599277978339,0.0018050541516245488,0.5379061371841155
2025-01-31,0.5541516245487365,0.6137184115523465,0.8826714801444043,0.4332129963898917,0.7671480144404332,0.44223826714801445,0.8140794223826715,0.2851985559566787,0.05776173285198556,0.9945848375451264,0.6498194945848376,0.6732851985559567,0.6859205776173285,0.016245487364620937,0.010830324909747292
2025-02-03,0.5397111913357401,0.5667870036101083,0.8212996389891697,0.47833935018050544,0.7581227436823105,0.5090252707581228,0.9657039711191335,0.6028880866425993,0.04332129963898917,0.8808664259927798,0.7743682310469314,0.6750902527075813,0.723826714801444,0.03429602888086643,0.34657039711191334
2025-02-04,0.5361010830324909,0.42418772563176893,0.779783393501805,0.4747292418772563,0.7129963898916968,0.3989169675090253,0.20938628158844766,0.47653429602888087,0.0740072202166065,0.061371841155234655,0.6624548736462094,0.6570397111913358,0.6606498194945848,0.04693140794223827,0.3249097472924188
2025-02-05,0.5379061371841155,0.5090252707581228,0.7815884476534296,0.5,0.7346570397111913,0.5306859205776173,0.2184115523465704,0.4007220216606498,0.052346570397111915,0.1407942238267148,0.6335740072202166,0.6425992779783394,0.6516245487364621,0.04512635379061372,0.8411552346570397
2025-02-06,0.5270758122743683,0.36462093862815886,0.7346570397111913,0.5288808664259927,0.6913357400722022,0.5018050541516246,0.22202166064981949,0.30144404332129965,0.10830324909747292,0.6805054151624549,0.6462093862815884,0.628158844765343,0.5974729241877257,0.04332129963898917,0.8574007220216606
2025-02-07,0.5270758122743683,0.36462093862815886,0.7346570397111913,0.5685920577617328,0.6119133574007221,0.47653429602888087,0.7743682310469314,0.3140794223826715,0.14620938628158844,0.5902527075812274,0.6245487364620939,0.5956678700361011,0.5324909747292419,0.0631768953068592,0.6407942238267148
2025-02-10,0.5270758122743683,0.38267148014440433,0.7346570397111913,0.5487364620938628,0.631768953068592,0.351985559566787,0.6155234657039711,0.3862815884476534,0.08303249097472924,0.6624548736462094,0.6155234657039711,0.5992779783393501,0.5090252707581228,0.07581227436823104,0.7833935018050542
2025-02-11,0.5270758122743683,0.38267148014440433,0.7346570397111913,0.5288808664259927,0.6227436823104693,0.3231046931407942,0.30866425992779783,0.31227436823104693,0.10288808664259928,0.5649819494584838,0.5433212996389891,0.5974729241877257,0.5108303249097473,0.0703971119133574,0.7490974729241877
2025-02-12,0.5126353790613718,0.29783393501805056,0.740072202166065,0.5090252707581228,0.5956678700361011,0.34296028880866425,0.3989169675090253,0.2870036101083033,0.12454873646209386,0.6462093862815884,0.44584837545126355,0.5848375451263538,0.4693140794223827,0.08303249097472924,0.315884476534296
2025-02-13,0.5126353790613718,0.29783393501805056,0.740072202166065,0.4855595667870036,0.628158844765343,0.30685920577617326,0.148014440433213,0.22382671480144403,0.10469314079422383,0.13898916967509026,0.4657039711191336,0.5938628158844765,0.4314079422382672,0.05776173285198556,0.9097472924187726
2025-02-14,0.5126353790613718,0.3592057761732852,0.740072202166065,0.5036101083032491,0.6552346570397112,0.3104693140794224,0.41335740072202165,0.18050541516245489,0.11010830324909747,0.1299638989169675,0.4602888086642599,0.592057761732852,0.40613718411552346,0.07220216606498195,0.19855595667870035
2025-02-17,0.5054151624548736,0.2870036101083033,0.7454873646209387,0.4891696750902527,0.6155234657039711,0.3104693140794224,0.29422382671480146,0.2292418772563177,0.18231046931407943,0.592057761732852,0.42418772563176893,0.5830324909747292,0.40974729241877256,0.14259927797833935,0.16064981949458484
2025-02-18,0.5036101083032491,0.26173285198555957,0.7454873646209387,0.5036101083032491,0.5523465703971119,0.30505415162454874,0.3285198555956679,0.19855595667870035,0.23465703971119134,0.31227436823104693,0.3231046931407942,0.5794223826714802,0.388086642599278,0.1371841155234657,0.7220216606498195
2025-02-19,0.5018050541516246,0.2148014440433213,0.36462093862815886,0.4891696750902527,0.5577617328519856,0.296028880866426,0.10288808664259928,0.27075812274368233,0.2833935018050541,0.5794223826714802,0.26353790613718414,0.592057761732852,0.37184115523465705,0.1444043321299639,0.8844765342960289
2025-02-20,0.5,0.18231046931407943,0.37906137184115524,0.48014440433212996,0.5487364620938628,0.33574007220216606,0.7906137184115524,0.27978339350180503,0.2545126353790614,0.16064981949458484,0.30866425992779783,0.6101083032490975,0.37545126353790614,0.14981949458483754,0.6534296028880866
2025-02-21,0.49458483754512633,0.0018050541516245488,0.7509025270758123,0.5054151624548736,0.4927797833935018,0.44765342960288806,0.5270758122743683,0.27978339350180503,0.1967509025270758,0.3303249097472924,0.3285198555956679,0.6353790613718412,0.3844765342960289,0.1624548736462094,0.6787003610108303
2025-02-24,0.49458483754512633,0.010830324909747292,0.7509025270758123,0.5306859205776173,0.5018050541516246,0.3628158844765343,0.723826714801444,0.33212996389891697,0.22382671480144403,0.22563176895306858,0.37184115523465705,0.6462093862815884,0.38086642599277976,0.16967509025270758,0.44404332129963897
2025-02-25,0.48194945848375453,0.01444043321299639,0.7725631768953068,0.5685920577617328,0.4729241877256318,0.5794223826714802,0.7707581227436823,0.34296028880866425,0.2815884476534296,0.7220216606498195,0.33393501805054154,0.6732851985559567,0.3898916967509025,0.18592057761732853,0.42418772563176893
2025-02-26,0.4657039711191336,0.0036101083032490976,0.7653429602888087,0.628158844765343,0.463898916967509,0.6028880866425993,0.3862815884476534,0.37906137184115524,0.3176895306859206,0.38086642599277976,0.35379061371841153,0.6588447653429603,0.3628158844765343,0.2003610108303249,0.2815884476534296
2025-02-27,0.48194945848375453,0.01444043321299639,0.7779783393501805,0.628158844765343,0.4891696750902527,0.5740072202166066,0.8068592057761733,0.3176895306859206,0.3447653429602888,0.9765342960288809,0.48014440433212996,0.703971119133574,0.36101083032490977,0.2328519855595668,0.6191335740072202
2025-02-28,0.4981949458483754,0.14620938628158844,0.8231046931407943,0.6841155234657039,0.5848375451263538,0.7689530685920578,0.98014440433213,0.6678700361010831,0.4657039711191336,0.9783393501805054,0.6353790613718412,0.7003610108303249,0.37906137184115524,0.296028880866426,0.18592057761732853
2025-03-03,0.4981949458483754,0.14620938628158844,0.8249097472924187,0.6841155234657039,0.5848375451263538,0.7851985559566786,0.6064981949458483,0.6678700361010831,0.3303249097472924,0.49097472924187724,0.631768953068592,0.7003610108303249,0.37725631768953066,0.16064981949458484,0.5379061371841155
2025-03-04,0.48194945848375453,0.021660649819494584,0.8483754512635379,0.6155234657039711,0.5415162454873647,0.8537906137184116,0.6624548736462094,0.6823104693140795,0.26534296028880866,0.34296028880866425,0.5595667870036101,0.7057761732851986,0.3953068592057762,0.10108303249097472,0.7472924187725631
2025-03-05,0.4657039711191336,0.016245487364620937,0.8393501805054152,0.5541516245487365,0.4981949458483754,0.7617328519855595,0.20216606498194944,0.6191335740072202,0.24548736462093862,0.04693140794223827,0.5379061371841155,0.7111913357400722,0.3971119133574007,0.10288808664259928,0.8212996389891697
2025-03-06,0.4657039711191336,0.005415162454873646,0.8321299638989169,0.5397111913357401,0.463898916967509,0.855595667870036,0.3104693140794224,0.5324909747292419,0.20397111913357402,0.6227436823104693,0.575812274368231,0.7129963898916968,0.40794223826714804,0.16606498194945848,0.22382671480144403
2025-03-07,0.4657039711191336,0.0631768953068592,0.8321299638989169,0.5595667870036101,0.5108303249097473,0.7653429602888087,0.7509025270758123,0.5938628158844765,0.18592057761732853,0.6137184115523465,0.5433212996389891,0.7184115523465704,0.41696750902527074,0.259927797833935,0.9422382671480144
2025-03-10,0.4657039711191336,0.37545126353790614,0.8321299638989169,0.5324909747292419,0.463898916967509,0.9025270758122743,0.42057761732851984,0.6137184115523465,0.20577617328519857,0.7924187725631769,0.6642599277978339,0.7111913357400722,0.4404332129963899,0.27978339350180503,0.20216606498194944
2025-03-11,0.4657039711191336,0.5397111913357401,0.8321299638989169,0.5451263537906137,0.5216606498194946,0.9169675090252708,0.9061371841155235,0.7075812274368231,0.26714801444043323,0.3592057761732852,0.6696750902527075,0.7166064981949458,0.5216606498194946,0.315884476534296,0.5956678700361011
2025-03-12,0.4657039711191336,0.5397111913357401,0.8375451263537906,0.5288808664259927,0.5288808664259927,0.7563176895306859,0.1371841155234657,0.6714801444043321,0.3483754512635379,0.2833935018050541,0.5740072202166066,0.720216606498195,0.49097472924187724,0.3249097472924188,0.7256317689530686
2025-03-13,0.4657039711191336,0.5397111913357401,0.8375451263537906,0.5397111913357401,0.5036101083032491,0.7906137184115524,0.6227436823104693,0.6732851985559567,0.2996389891696751,0.7111913357400722,0.4566787003610108,0.7111913357400722,0.4711191335740072,0.3285198555956679,0.2833935018050541
2025-03-14,0.4657039711191336,0.5397111913357401,0.8375451263537906,0.5126353790613718,0.4747292418772563,0.7057761732851986,0.7075812274368231,0.5992779783393501,0.30324909747292417,0.30866425992779783,0.41155234657039713,0.7003610108303249,0.4657039711191336,0.30324909747292417,0.4332129963898917
2025-03-17,0.4657039711191336,0.5397111913357401,0.8411552346570397,0.5433212996389891,0.4584837545126354,0.6660649819494585,0.10108303249097472,0.4711191335740072,0.37545126353790614,0.10469314079422383,0.43862815884476536,0.6949458483754513,0.5342960288808665,0.27617328519855594,0.6931407942238267
2025-03-18,0.4657039711191336,0.5541516245487365,0.8429602888086642,0.572202166064982,0.45306859205776173,0.5830324909747292,0.5036101083032491,0.4259927797833935,0.33212996389891697,0.8393501805054152,0.4566787003610108,0.6895306859205776,0.5595667870036101,0.2851985559566787,0.296028880866426
2025-03-19,0.4657039711191336,0.5703971119133574,0.8447653429602888,0.5866425992779783,0.44404332129963897,0.4314079422382672,0.3303249097472924,0.4151624548736462,0.26173285198555957,0.9602888086642599,0.4404332129963899,0.6787003610108303,0.5649819494584838,0.2924187725631769,0.3898916967509025
2025-03-20,0.4657039711191336,0.5884476534296029,0.8465703971119134,0.5577617328519856,0.4584837545126354,0.5649819494584838,0.40794223826714804,0.34296028880866425,0.23826714801444043,0.7310469314079422,0.47653429602888087,0.6877256317689531,0.6949458483754513,0.2743682310469314,0.6841155234657039
2025-03-21,0.4657039711191336,0.5631768953068592,0.7707581227436823,0.5234657039711191,0.4729241877256318,0.5252707581227437,0.4368231046931408,0.3483754512635379,0.2581227436823105,0.3104693140794224,0.5180505415162455,0.6859205776173285,0.7436823104693141,0.27256317689530685,0.7364620938628159
2025-03-24,0.4657039711191336,0.5541516245487365,0.7707581227436823,0.51985559566787,0.4584837545126354,0.5469314079422383,0.7346570397111913,0.351985559566787,0.2779783393501805,0.6895306859205776,0.5884476534296029,0.6823104693140795,0.6967509025270758,0.26895306859205775,0.2996389891696751
2025-03-25,0.48194945848375453,0.5776173285198556,0.7256317689530686,0.5433212996389891,0.4657039711191336,0.4891696750902527,0.7870036101083032,0.34657039711191334,0.27978339350180503,0.17328519855595667,0.5433212996389891,0.6696750902527075,0.720216606498195,0.27075812274368233,0.4187725631768953
2025-03-26,0.48194945848375453,0.575812274368231,0.7220216606498195,0.5108303249097473,0.44765342960288806,0.4332129963898917,0.22563176895306858,0.35018050541516244,0.31227436823104693,0.7617328519855595,0.5252707581227437,0.6516245487364621,0.7274368231046932,0.24187725631768953,0.9314079422382672
2025-03-27,0.48194945848375453,0.575812274368231,0.720216606498195,0.5216606498194946,0.4404332129963899,0.4187725631768953,0.9169675090252708,0.427797833935018,0.36462093862815886,0.26714801444043323,0.44584837545126355,0.6407942238267148,0.7924187725631769,0.24368231046931407,0.3140794223826715
2025-03-28,0.4657039711191336,0.5469314079422383,0.4981949458483754,0.51985559566787,0.43862815884476536,0.5884476534296029,0.9458483754512635,0.5216606498194946,0.30866425992779783,0.7382671480144405,0.4187725631768953,0.6407942238267148,0.8357400722021661,0.08483754512635379,0.18411552346570398
2025-03-31,0.4657039711191336,0.5397111913357401,0.4981949458483754,0.5469314079422383,0.5126353790613718,0.7111913357400722,0.9747292418772563,0.7418772563176895,0.5379061371841155,0.6949458483754513,0.49097472924187724,0.6931407942238267,0.9368231046931408,0.14620938628158844,0.0812274368231047
2025-04-01,0.4657039711191336,0.44584837545126355,0.030685920577617327,0.5541516245487365,0.48375451263537905,0.7725631768953068,0.10830324909747292,0.7093862815884476,0.6407942238267148,0.3664259927797834,0.5379061371841155,0.6859205776173285,0.9296028880866426,0.1931407942238267,0.7057761732851986
2025-04-02,0.40613718411552346,0.30505415162454874,0.18050541516245489,0.5884476534296029,0.45126353790613716,0.7978339350180506,0.7851985559566786,0.7184115523465704,0.6101083032490975,0.09747292418772563,0.5216606498194946,0.7021660649819494,0.9205776173285198,0.18772563176895307,0.35379061371841153
2025-04-03,0.4043321299638989,0.40252707581227437,0.24548736462093862,0.5541516245487365,0.49458483754512633,0.8935018050541517,0.8104693140794224,0.7815884476534296,0.6209386281588448,0.06859205776173286,0.6191335740072202,0.723826714801444,0.9909747292418772,0.15703971119133575,0.7527075812274369
2025-04-04,0.36823104693140796,0.22563176895306858,0.42057761732851984,0.5144404332129964,0.5505415162454874,0.9638989169675091,0.8411552346570397,0.7924187725631769,0.6371841155234657,0.9422382671480144,0.8050541516245487,0.7364620938628159,0.9981949458483754,0.06498194945848375,0.3555956678700361
2025-04-07,0.34657039711191334,0.15162454873646208,0.4693140794223827,0.49458483754512633,0.628158844765343,0.9981949458483754,0.9927797833935018,0.9602888086642599,0.8231046931407943,0.9205776173285198,0.8574007220216606,0.7924187725631769,1.0,0.5180505415162455,0.33574007220216606
2025-04-08,0.3267148014440433,0.02707581227436823,0.5379061371841155,0.4657039711191336,0.5812274368231047,1.0,0.4223826714801444,0.9169675090252708,0.796028880866426,0.8898916967509025,0.8411552346570397,0.7942238267148014,0.9945848375451264,0.5090252707581228,0.8736462093862816
2025-04-09,0.3267148014440433,0.02707581227436823,0.5379061371841155,0.427797833935018,0.5469314079422383,0.9747292418772563,0.9368231046931408,0.9404332129963899,0.7707581227436823,0.11191335740072202,0.8429602888086642,0.8212996389891697,0.9963898916967509,0.5036101083032491,0.5613718411552346
2025-04-10,0.3104693140794224,0.010830324909747292,0.5848375451263538,0.4548736462093863,0.5144404332129964,0.9693140794223827,0.005415162454873646,0.8176895306859205,0.8898916967509025,0.032490974729241874,0.7978339350180506,0.7978339350180506,0.8465703971119134,0.8339350180505415,0.7166064981949458
2025-04-11,0.3104693140794224,0.010830324909747292,0.5848375451263538,0.4296028880866426,0.5541516245487365,0.9963898916967509,0.7545126353790613,0.8574007220216606,0.8971119133574007,0.0018050541516245488,0.8646209386281588,0.8212996389891697,0.8501805054151624,0.8357400722021661,0.4404332129963899
2025-04-14,0.3104693140794224,0.09205776173285199,0.5848375451263538,0.45126353790613716,0.5415162454873647,0.9891696750902527,0.24548736462093862,0.8194945848375451,0.8628158844765343,0.6606498194945848,0.8736462093862816,0.8176895306859205,0.7851985559566786,0.8303249097472925,0.5866425992779783
2025-04-15,0.3104693140794224,0.10108303249097472,0.5848375451263538,0.463898916967509,0.572202166064982,0.9566787003610109,0.26714801444043323,0.7148014440433214,0.8826714801444043,0.7256317689530686,0.8357400722021661,0.8339350180505415,0.7996389891696751,0.8501805054151624,0.24187725631768953
2025-04-16,0.3104693140794224,0.12815884476534295,0.5848375451263538,0.4314079422382672,0.6696750902527075,0.944043321299639,0.8935018050541517,0.7888086642599278,0.8989169675090253,0.052346570397111915,0.8303249097472925,0.8754512635379061,0.8447653429602888,0.8429602888086642,0.09025270758122744
2025-04-17,0.29422382671480146,0.14620938628158844,0.575812274368231,0.4675090252707581,0.5740072202166066,0.9205776173285198,0.2490974729241877,0.720216606498195,0.9061371841155235,0.5397111913357401,0.8068592057761733,0.8158844765342961,0.8249097472924187,0.8465703971119134,0.7635379061371841
2025-04-18,0.29422382671480146,0.17870036101083034,0.575812274368231,0.463898916967509,0.6353790613718412,0.9205776173285198,0.3447653429602888,0.6877256317689531,0.9169675090252708,0.851985559566787,0.8014440433212996,0.8411552346570397,0.8158844765342961,0.8610108303249098,0.30144404332129965
2025-04-21,0.29422382671480146,0.16606498194945848,0.575812274368231,0.44765342960288806,0.6732851985559567,0.9729241877256317,0.44765342960288806,0.7382671480144405,0.907942238267148,0.24368231046931407,0.8285198555956679,0.9025270758122743,0.8050541516245487,0.871841155234657,0.2075812274368231
2025-04-22,0.29422382671480146,0.2075812274368231,0.5036101083032491,0.427797833935018,0.6624548736462094,0.9332129963898917,0.6371841155234657,0.7292418772563177,0.8916967509025271,0.7833935018050542,0.8447653429602888,0.9025270758122743,0.8212996389891697,0.8754512635379061,0.26534296028880866
2025-04-23,0.3267148014440433,0.4043321299638989,0.7075812274368231,0.47833935018050544,0.6985559566787004,0.927797833935018,0.12274368231046931,0.6570397111913358,0.9043321299638989,0.5884476534296029,0.8537906137184116,0.868231046931408,0.7003610108303249,0.8862815884476535,0.5938628158844765
2025-04-24,0.3140794223826715,0.42418772563176893,0.703971119133574,0.4404332129963899,0.6678700361010831,0.8303249097472925,0.6516245487364621,0.6606498194945848,0.8610108303249098,0.8068592057761733,0.8249097472924187,0.868231046931408,0.6353790613718412,0.8808664259927798,0.29422382671480146
2025-04-25,0.3104693140794224,0.2779783393501805,0.7021660649819494,0.45306859205776173,0.7093862815884476,0.7870036101083032,0.24729241877256317,0.5415162454873647,0.8537906137184116,0.8483754512635379,0.8032490974729242,0.9332129963898917,0.5848375451263538,0.8826714801444043,0.2924187725631769
2025-04-28,0.29422382671480146,0.26173285198555957,0.7003610108303249,0.45126353790613716,0.6877256317689531,0.8700361010830325,0.4927797833935018,0.5288808664259927,0.7490974729241877,0.23104693140794225,0.8212996389891697,0.944043321299639,0.5487364620938628,0.8592057761732852,0.6371841155234657
2025-04-29,0.29422382671480146,0.29783393501805056,0.7003610108303249,0.427797833935018,0.6877256317689531,0.8989169675090253,0.3194945848375451,0.4548736462093863,0.6768953068592057,0.2996389891696751,0.8194945848375451,0.9548736462093863,0.48736462093862815,0.8700361010830325,0.16967509025270758
2025-04-30,0.29422382671480146,0.29783393501805056,0.6823104693140795,0.42057761732851984,0.7382671480144405,0.9007220216606499,0.7220216606498195,0.4657039711191336,0.6588447653429603,0.08303249097472924,0.8393501805054152,0.9891696750902527,0.5523465703971119,0.8790613718411552,0.03790613718411552
2025-05-01,0.29422382671480146,0.29783393501805056,0.6841155234657039,0.42057761732851984,0.7382671480144405,0.8176895306859205,0.6064981949458483,0.4657039711191336,0.5974729241877257,0.49097472924187724,0.8267148014440433,0.9909747292418772,0.5776173285198556,0.8483754512635379,0.5379061371841155
2025-05-02,0.29422382671480146,0.33393501805054154,0.6155234657039711,0.3953068592057762,0.723826714801444,0.7166064981949458,0.48375451263537905,0.48194945848375453,0.5685920577617328,0.010830324909747292,0.9187725631768953,0.9855595667870036,0.44945848375451264,0.8375451263537906,0.3285198555956679
2025-05-05,0.29422382671480146,0.33393501805054154,0.555956678700361,0.3953068592057762,0.723826714801444,0.7671480144404332,0.6064981949458483,0.48194945848375453,0.30144404332129965,0.49097472924187724,0.9963898916967509,0.9855595667870036,0.43501805054151627,0.572202166064982,0.5379061371841155
2025-05-06,0.29422382671480146,0.33393501805054154,0.4657039711191336,0.3953068592057762,0.723826714801444,0.7888086642599278,0.6064981949458483,0.48194945848375453,0.29061371841155237,0.49097472924187724,0.9945848375451264,0.9765342960288809,0.4548736462093863,0.5505415162454874,0.5379061371841155
2025-05-07,0.29422382671480146,0.3592057761732852,0.4657039711191336,0.3303249097472924,0.7635379061371841,0.6714801444043321,0.34296028880866425,0.49458483754512633,0.2328519855595668,0.09927797833935018,0.9855595667870036,1.0,0.4368231046931408,0.5018050541516246,0.5631768953068592
2025-05-08,0.26895306859205775,0.27256317689530685,0.41155234657039713,0.33935018050541516,0.7148014440433214,0.6371841155234657,0.43862815884476536,0.36101083032490977,0.01444043321299639,0.9729241877256317,0.9404332129963899,0.9963898916967509,0.41155234657039713,0.01263537906137184,0.5595667870036101
2025-05-09,0.24729241877256317,0.2779783393501805,0.48736462093862815,0.34657039711191334,0.6191335740072202,0.6859205776173285,0.6462093862815884,0.33212996389891697,0.0036101083032490976,0.13357400722021662,0.9386281588447654,0.9638989169675091,0.4927797833935018,0.01444043321299639,0.6696750902527075
2025-05-12,0.22202166064981949,0.2111913357400722,0.5631768953068592,0.27256317689530685,0.5866425992779783,0.7454873646209387,0.19855595667870035,0.30505415162454874,0.010830324909747292,0.9909747292418772,0.9530685920577617,0.9855595667870036,0.38267148014440433,0.023465703971119134,0.43862815884476536
2025-05-13,0.24729241877256317,0.2851985559566787,0.6678700361010831,0.3176895306859206,0.5469314079422383,0.6805054151624549,0.5126353790613718,0.19494584837545126,0.0018050541516245488,0.27978339350180503,0.8592057761732852,0.9187725631768953,0.4007220216606498,0.010830324909747292,0.1263537906137184
2025-05-14,0.23104693140794225,0.2563176895306859,0.6696750902527075,0.2851985559566787,0.555956678700361,0.6949458483754513,0.18231046931407943,0.19494584837545126,0.007220216606498195,0.05054151624548736,0.9386281588447654,0.8808664259927798,0.40252707581227437,0.02707581227436823,0.27978339350180503
2025-05-15,0.2563176895306859,0.3898916967509025,0.6931407942238267,0.296028880866426,0.6028880866425993,0.6353790613718412,0.8050541516245487,0.2527075812274368,0.016245487364620937,0.18953068592057762,0.9638989169675091,0.855595667870036,0.41335740072202165,0.02888086642599278,0.6895306859205776
2025-05-16,0.26895306859205775,0.6245487364620939,0.7093862815884476,0.3176895306859206,0.6642599277978339,0.5848375451263538,0.4404332129963899,0.24007220216606498,0.005415162454873646,0.6823104693140795,0.9711191335740073,0.8880866425992779,0.4187725631768953,0.030685920577617327,0.555956678700361
2025-05-19,0.29422382671480146,0.7093862815884476,0.7148014440433214,0.2075812274368231,0.6173285198555957,0.7527075812274369,0.8465703971119134,0.35379061371841153,0.03429602888086643,0.06678700361010831,0.9675090252707581,0.8375451263537906,0.44584837545126355,0.036101083032490974,0.2509025270758123
2025-05-20,0.24729241877256317,0.6389891696750902,0.7527075812274369,0.19133574007220217,0.6155234657039711,0.7148014440433214,0.631768953068592,0.30324909747292417,0.032490974729241874,0.6931407942238267,0.9566787003610109,0.855595667870036,0.4151624548736462,0.03790613718411552,0.20938628158844766
2025-05-21,0.23104693140794225,0.5884476534296029,0.6967509025270758,0.11732851985559567,0.575812274368231,0.7292418772563177,0.2563176895306859,0.33212996389891697,0.02527075812274368,0.01263537906137184,0.98014440433213,0.868231046931408,0.42418772563176893,0.032490974729241874,0.388086642599278
2025-05-22,0.23104693140794225,0.6606498194945848,0.6949458483754513,0.1263537906137184,0.6101083032490975,0.6624548736462094,0.8971119133574007,0.3862815884476534,0.06498194945848375,0.9638989169675091,0.9729241877256317,0.8916967509025271,0.4296028880866426,0.04151624548736462,0.33754512635379064
2025-05-23,0.23104693140794225,0.6859205776173285,0.6913357400722022,0.07581227436823104,0.6010830324909747,0.7021660649819494,0.628158844765343,0.33935018050541516,0.03790613718411552,0.021660649819494584,0.9765342960288809,0.855595667870036,0.427797833935018,0.039711191335740074,0.07942238267148015
2025-05-26,0.23104693140794225,0.7093862815884476,0.6859205776173285,0.09386281588447654,0.5703971119133574,0.7021660649819494,0.061371841155234655,0.3447653429602888,0.14981949458483754,0.7563176895306859,0.9783393501805054,0.8592057761732852,0.4223826714801444,0.12093862815884476,0.27617328519855594
2025-05-27,0.22202166064981949,0.6985559566787004,0.6895306859205776,0.24187725631768953,0.5812274368231047,0.6191335740072202,0.7003610108303249,0.3916967509025271,0.12815884476534295,0.8176895306859205,0.9584837545126353,0.9151624548736462,0.4043321299638989,0.10649819494584838,0.40613718411552346
2025-05-28,0.2184115523465704,0.631768953068592,0.7274368231046932,0.18592057761732853,0.5649819494584838,0.47833935018050544,0.17328519855595667,0.44765342960288806,0.22743682310469315,0.34657039711191334,0.9530685920577617,0.9981949458483754,0.3989169675090253,0.08664259927797834,0.4314079422382672
2025-05-29,0.2148014440433213,0.5180505415162455,0.7671480144404332,0.10288808664259928,0.49097472924187724,0.4657039711191336,0.0776173285198556,0.5938628158844765,0.36101083032490977,0.20577617328519857,0.9296028880866426,0.9927797833935018,0.3935018050541516,0.4187725631768953,0.018050541516245487
2025-05-30,0.2075812274368231,0.4963898916967509,0.7635379061371841,0.05776173285198556,0.48375451263537905,0.45306859205776173,0.8375451263537906,0.648014440433213,0.4007220216606498,0.9675090252707581,0.9151624548736462,0.9765342960288809,0.3916967509025271,0.43862815884476536,0.3303249097472924
2025-06-02,0.2075812274368231,0.5018050541516246,0.7635379061371841,0.02888086642599278,0.48375451263537905,0.5667870036101083,0.5072202166064982,0.6552346570397112,0.4043321299638989,0.23826714801444043,0.9458483754512635,0.9729241877256317,0.3862815884476534,0.4891696750902527,0.9566787003610109
2025-06-03,0.2075812274368231,0.5018050541516246,0.7635379061371841,0.02888086642599278,0.48375451263537905,0.6768953068592057,0.6064981949458483,0.6552346570397112,0.4043321299638989,0.49097472924187724,0.9548736462093863,0.9675090252707581,0.3700361010830325,0.4891696750902527,0.5379061371841155
2025-06-04,0.2003610108303249,0.38267148014440433,0.7563176895306859,0.007220216606498195,0.41155234657039713,0.5956678700361011,0.036101083032490974,0.6010830324909747,0.5505415162454874,0.02888086642599278,0.9187725631768953,0.8880866425992779,0.36823104693140796,0.7635379061371841,0.0018050541516245488
2025-06-05,0.2003610108303249,0.42418772563176893,0.7635379061371841,0.010830324909747292,0.41155234657039713,0.5288808664259927,0.13176895306859207,0.644404332129964,0.6155234657039711,0.08844765342960288,0.9350180505415162,0.8953068592057761,0.3664259927797834,0.7545126353790613,0.8086642599277978
2025-06-06,0.2003610108303249,0.42418772563176893,0.7545126353790613,0.010830324909747292,0.41155234657039713,0.38086642599277976,0.6064981949458483,0.644404332129964,0.6028880866425993,0.49097472924187724,0.8898916967509025,0.8898916967509025,0.36462093862815886,0.7454873646209387,0.5379061371841155
2025-06-09,0.18772563176895307,0.37545126353790614,0.7472924187725631,0.021660649819494584,0.41335740072202165,0.4620938628158845,0.1263537906137184,0.7274368231046932,0.6083032490974729,0.36101083032490977,0.8664259927797834,0.8971119133574007,0.34657039711191334,0.796028880866426,0.0776173285198556
2025-06-10,0.1624548736462094,0.5180505415162455,0.7184115523465704,0.05054151624548736,0.4151624548736462,0.4259927797833935,0.33935018050541516,0.7129963898916968,0.6498194945848376,0.9711191335740073,0.8465703971119134,0.8700361010830325,0.33935018050541516,0.8086642599277978,0.7707581227436823
2025-06-11,0.18772563176895307,0.555956678700361,0.723826714801444,0.10649819494584838,0.3971119133574007,0.37545126353790614,0.18772563176895307,0.6588447653429603,0.644404332129964,0.628158844765343,0.868231046931408,0.8375451263537906,0.3249097472924188,0.8032490974729242,0.572202166064982
2025-06-12,0.1624548736462094,0.48014440433212996,0.6805054151624549,0.17509025270758122,0.3862815884476534,0.3700361010830325,0.3700361010830325,0.6191335740072202,0.5884476534296029,0.04512635379061372,0.8610108303249098,0.8050541516245487,0.3447653429602888,0.7563176895306859,0.6805054151624549
2025-06-13,0.1624548736462094,0.40252707581227437,0.6732851985559567,0.2111913357400722,0.3303249097472924,0.5523465703971119,0.8429602888086642,0.7346570397111913,0.5956678700361011,0.8537906137184116,0.8971119133574007,0.7671480144404332,0.35018050541516244,0.7815884476534296,0.3483754512635379
2025-06-16,0.1624548736462094,0.4404332129963899,0.631768953068592,0.19494584837545126,0.296028880866426,0.48736462093862815,0.08844765342960288,0.7256317689530686,0.5866425992779783,0.20938628158844766,0.8700361010830325,0.7545126353790613,0.33212996389891697,0.7978339350180506,0.1444043321299639
2025-06-17,0.1624548736462094,0.4404332129963899,0.5126353790613718,0.0776173285198556,0.3700361010830325,0.5992779783393501,0.4855595667870036,0.7671480144404332,0.5848375451263538,0.98014440433213,0.8790613718411552,0.7671480144404332,0.34115523465703973,0.8104693140794224,0.7454873646209387
2025-06-18,0.1624548736462094,0.40252707581227437,0.5216606498194946,0.1444043321299639,0.3212996389891697,0.4927797833935018,0.29783393501805056,0.7653429602888087,0.5595667870036101,0.5144404332129964,0.9061371841155235,0.759927797833935,0.3483754512635379,0.8285198555956679,0.9404332129963899
2025-06-19,0.1624548736462094,0.3898916967509025,0.5216606498194946,0.16425992779783394,0.30866425992779783,0.4927797833935018,0.45126353790613716,0.7220216606498195,0.4584837545126354,0.8574007220216606,0.9205776173285198,0.7635379061371841,0.351985559566787,0.8122743682310469,0.41155234657039713
2025-06-20,0.1624548736462094,0.42418772563176893,0.5216606498194946,0.16606498194945848,0.33935018050541516,0.3935018050541516,0.13357400722021662,0.7003610108303249,0.5577617328519856,0.08483754512635379,0.8953068592057761,0.7870036101083032,0.35379061371841153,0.8158844765342961,0.5433212996389891
2025-06-23,0.18772563176895307,0.49097472924187724,0.6010830324909747,0.2490974729241877,0.2870036101083033,0.5361010830324909,0.6931407942238267,0.723826714801444,0.3971119133574007,0.9657039711191335,0.9620938628158845,0.7707581227436823,0.3592057761732852,0.8014440433212996,0.05595667870036101
2025-06-24,0.18772563176895307,0.5090252707581228,0.5974729241877257,0.2924187725631769,0.3555956678700361,0.4620938628158845,0.021660649819494584,0.7635379061371841,0.5361010830324909,0.009025270758122744,0.9422382671480144,0.8104693140794224,0.3303249097472924,0.8411552346570397,0.14620938628158844
2025-06-25,0.18772563176895307,0.36462093862815886,0.41335740072202165,0.30144404332129965,0.3447653429602888,0.427797833935018,0.4675090252707581,0.7617328519855595,0.44584837545126355,0.644404332129964,0.9133574007220217,0.7996389891696751,0.33393501805054154,0.8537906137184116,0.5830324909747292
2025-06-26,0.18772563176895307,0.3194945848375451,0.23104693140794225,0.3844765342960289,0.3664259927797834,0.37725631768953066,0.855595667870036,0.740072202166065,0.38086642599277976,0.11010830324909747,0.8862815884476535,0.8050541516245487,0.33754512635379064,0.8212996389891697,0.7563176895306859
2025-06-27,0.18772563176895307,0.30505415162454874,0.16606498194945848,0.37184115523465705,0.36101083032490977,0.35379061371841153,0.8158844765342961,0.7111913357400722,0.3935018050541516,0.8935018050541517,0.851985559566787,0.8014440433212996,0.3267148014440433,0.8267148014440433,0.6064981949458483
2025-06-30,0.1624548736462094,0.27075812274368233,0.22382671480144403,0.3231046931407942,0.34296028880866425,0.3971119133574007,0.34657039711191334,0.7021660649819494,0.42057761732851984,0.11552346570397112,0.8772563176895307,0.8104693140794224,0.3212996389891697,0.7870036101083032,0.463898916967509
2025-07-01,0.11191335740072202,0.20397111913357402,0.33935018050541516,0.36462093862815886,0.31227436823104693,0.48736462093862815,0.33393501805054154,0.6985559566787004,0.45306859205776173,0.7436823104693141,0.8628158844765343,0.8122743682310469,0.3231046931407942,0.7833935018050542,0.14981949458483754
2025-07-02,0.05415162454873646,0.05415162454873646,0.4620938628158845,0.34115523465703973,0.2184115523465704,0.4296028880866426,0.7472924187725631,0.6949458483754513,0.3194945848375451,0.3249097472924188,0.8880866425992779,0.8104693140794224,0.3194945848375451,0.5451263537906137,0.8754512635379061
2025-07-03,0.05415162454873646,0.05415162454873646,0.4620938628158845,0.27256317689530685,0.2743682310469314,0.33212996389891697,0.14981949458483754,0.6985559566787004,0.30685920577617326,0.9025270758122743,0.871841155234657,0.8429602888086642,0.3104693140794224,0.5433212996389891,0.8267148014440433
2025-07-04,0.05415162454873646,0.030685920577617327,0.4620938628158845,0.29061371841155237,0.23826714801444043,0.33212996389891697,0.9548736462093863,0.7509025270758123,0.41335740072202165,0.33574007220216606,0.855595667870036,0.8303249097472925,0.3176895306859206,0.6371841155234657,0.8664259927797834
2025-07-07,0.05415162454873646,0.04512635379061372,0.45306859205776173,0.30144404332129965,0.22743682310469315,0.3664259927797834,0.4620938628158845,0.7328519855595668,0.33935018050541516,0.983754512635379,0.8826714801444043,0.8249097472924187,0.315884476534296,0.5956678700361011,0.11732851985559567
2025-07-08,0.018050541516245487,0.018050541516245487,0.45306859205776173,0.2364620938628159,0.22202166064981949,0.3574007220216607,0.08664259927797834,0.6841155234657039,0.3862815884476534,0.148014440433213,0.8935018050541517,0.8285198555956679,0.30685920577617326,0.7671480144404332,0.007220216606498195
2025-07-09,0.05415162454873646,0.04512635379061372,0.45306859205776173,0.2490974729241877,0.2364620938628159,0.30144404332129965,0.33212996389891697,0.5866425992779783,0.3231046931407942,0.6967509025270758,0.8754512635379061,0.8249097472924187,0.30324909747292417,0.7906137184115524,0.09205776173285199
2025-07-10,0.06678700361010831,0.08483754512635379,0.48194945848375453,0.22563176895306858,0.3212996389891697,0.2581227436823105,0.11552346570397112,0.49458483754512633,0.38267148014440433,0.30505415162454874,0.8375451263537906,0.8501805054151624,0.30144404332129965,0.7888086642599278,0.7382671480144405
2025-07-11,0.06678700361010831,0.06859205776173286,0.48194945848375453,0.2111913357400722,0.2833935018050541,0.3194945848375451,0.6895306859205776,0.5613718411552346,0.36823104693140796,0.7418772563176895,0.8231046931407943,0.8447653429602888,0.30505415162454874,0.7924187725631769,0.740072202166065
2025-07-14,0.05415162454873646,0.030685920577617327,0.49458483754512633,0.13357400722021662,0.2364620938628159,0.40974729241877256,0.2833935018050541,0.6498194945848376,0.34115523465703973,0.8086642599277978,0.8339350180505415,0.8267148014440433,0.29422382671480146,0.7779783393501805,0.05415162454873646
2025-07-15,0.05415162454873646,0.03429602888086643,0.49458483754512633,0.10288808664259928,0.2490974729241877,0.36823104693140796,0.38086642599277976,0.6407942238267148,0.37906137184115524,0.7581227436823105,0.8176895306859205,0.8411552346570397,0.2924187725631769,0.7851985559566786,0.8916967509025271
2025-07-16,0.05415162454873646,0.05415162454873646,0.49458483754512633,0.11371841155234658,0.26353790613718414,0.37906137184115524,0.8483754512635379,0.6227436823104693,0.388086642599278,0.6335740072202166,0.8140794223826715,0.8592057761732852,0.29061371841155237,0.8393501805054152,0.9693140794223827
2025-07-17,0.05415162454873646,0.05415162454873646,0.49458483754512633,0.09205776173285199,0.22743682310469315,0.3212996389891697,0.45306859205776173,0.5776173285198556,0.3898916967509025,0.6389891696750902,0.8086642599277978,0.8501805054151624,0.26534296028880866,0.851985559566787,0.7996389891696751
2025-07-18,0.06678700361010831,0.11732851985559567,0.5523465703971119,0.17328519855595667,0.24548736462093862,0.2870036101083033,0.6534296028880866,0.4368231046931408,0.315884476534296,0.33754512635379064,0.7671480144404332,0.8953068592057761,0.26353790613718414,0.8664259927797834,0.8375451263537906
2025-07-21,0.05415162454873646,0.06859205776173286,0.5054151624548736,0.17870036101083034,0.26353790613718414,0.3447653429602888,0.30324909747292417,0.42418772563176893,0.351985559566787,0.11732851985559567,0.7779783393501805,0.924187725631769,0.259927797833935,0.8574007220216606,0.8700361010830325
2025-07-22,0.06678700361010831,0.11732851985559567,0.5577617328519856,0.23826714801444043,0.26714801444043323,0.388086642599278,0.9043321299638989,0.5270758122743683,0.3104693140794224,0.3194945848375451,0.7833935018050542,0.9296028880866426,0.26173285198555957,0.7328519855595668,0.22021660649819494
2025-07-23,0.05415162454873646,0.07942238267148015,0.5685920577617328,0.2364620938628159,0.26534296028880866,0.3285198555956679,0.37364620938628157,0.5072202166064982,0.3212996389891697,0.19133574007220217,0.7888086642599278,0.9729241877256317,0.2364620938628159,0.740072202166065,0.8393501805054152
2025-07-24,0.05415162454873646,0.07942238267148015,0.5685920577617328,0.22382671480144403,0.24007220216606498,0.2815884476534296,0.44223826714801445,0.5469314079422383,0.27256317689530685,0.21299638989169675,0.796028880866426,0.9657039711191335,0.20397111913357402,0.7003610108303249,0.7003610108303249
2025-07-25,0.05415162454873646,0.07942238267148015,0.5685920577617328,0.24368231046931407,0.22743682310469315,0.26895306859205775,0.4584837545126354,0.5703971119133574,0.2111913357400722,0.9494584837545126,0.7942238267148014,0.9512635379061372,0.24729241877256317,0.6985559566787004,0.1552346570397112
2025-07-28,0.05415162454873646,0.15162454873646208,0.5595667870036101,0.27256317689530685,0.2490974729241877,0.2924187725631769,0.37725631768953066,0.6263537906137184,0.2003610108303249,0.8321299638989169,0.7942238267148014,0.9620938628158845,0.2075812274368231,0.8321299638989169,1.0
2025-07-29,0.05415162454873646,0.15162454873646208,0.4675090252707581,0.29783393501805056,0.259927797833935,0.31227436823104693,0.315884476534296,0.6389891696750902,0.2292418772563177,0.5252707581227437,0.7689530685920578,0.907942238267148,0.1588447653429603,0.8231046931407943,0.4043321299638989
2025-07-30,0.05415162454873646,0.16967509025270758,0.30685920577617326,0.3483754512635379,0.259927797833935,0.26714801444043323,0.2996389891696751,0.6624548736462094,0.2870036101083033,0.5415162454873647,0.7129963898916968,0.8880866425992779,0.16606498194945848,0.8176895306859205,0.6678700361010831
2025-07-31,0.05415162454873646,0.20397111913357402,0.30685920577617326,0.36823104693140796,0.2527075812274368,0.24368231046931407,0.7057761732851986,0.5866425992779783,0.21299638989169675,0.6714801444043321,0.6407942238267148,0.8754512635379061,0.10649819494584838,0.8140794223826715,0.5469314079422383
2025-08-01,0.05415162454873646,0.20397111913357402,0.30685920577617326,0.296028880866426,0.2364620938628159,0.29422382671480146,0.9891696750902527,0.7707581227436823,0.33393501805054154,0.2184115523465704,0.720216606498195,0.8501805054151624,0.2545126353790614,0.9115523465703971,0.8790613718411552
2025-08-04,0.018050541516245487,0.1624548736462094,0.33393501805054154,0.3176895306859206,0.2996389891696751,0.3555956678700361,0.259927797833935,0.703971119133574,0.41696750902527074,0.2075812274368231,0.7617328519855595,0.9494584837545126,0.1967509025270758,0.907942238267148,0.4566787003610108
2025-08-05,0.018050541516245487,0.1624548736462094,0.30685920577617326,0.3574007220216607,0.2833935018050541,0.37184115523465705,0.11191335740072202,0.6245487364620939,0.5144404332129964,0.5866425992779783,0.7166064981949458,0.9494584837545126,0.17148014440433212,0.7490974729241877,0.2003610108303249
2025-08-06,0.018050541516245487,0.1624548736462094,0.2563176895306859,0.3176895306859206,0.2924187725631769,0.29783393501805056,0.5324909747292419,0.5902527075812274,0.4855595667870036,0.3953068592057762,0.5830324909747292,0.9422382671480144,0.14620938628158844,0.703971119133574,0.1588447653429603
2025-08-07,0.018050541516245487,0.07942238267148015,0.18411552346570398,0.2851985559566787,0.33393501805054154,0.24729241877256317,0.2545126353790614,0.5,0.4927797833935018,0.51985559566787,0.703971119133574,0.9855595667870036,0.1407942238267148,0.6895306859205776,0.6353790613718412
2025-08-08,0.018050541516245487,0.07942238267148015,0.18411552346570398,0.27617328519855594,0.3212996389891697,0.23104693140794225,0.7635379061371841,0.4693140794223827,0.5342960288808665,0.5938628158844765,0.5740072202166066,0.9620938628158845,0.10469314079422383,0.6877256317689531,0.5812274368231047
2025-08-11,0.018050541516245487,0.06859205776173286,0.12815884476534295,0.27256317689530685,0.2996389891696751,0.26353790613718414,0.6498194945848376,0.41696750902527074,0.47833935018050544,0.6642599277978339,0.6588447653429603,0.9422382671480144,0.10108303249097472,0.6425992779783394,0.7310469314079422
2025-08-12,0.018050541516245487,0.12815884476534295,0.12815884476534295,0.2581227436823105,0.27617328519855594,0.20577617328519857,0.759927797833935,0.516245487364621,0.49097472924187724,0.13176895306859207,0.5541516245487365,0.9368231046931408,0.09205776173285199,0.6462093862815884,0.26353790613718414
2025-08-13,0.05415162454873646,0.18231046931407943,0.21299638989169675,0.19494584837545126,0.3303249097472924,0.20397111913357402,0.22382671480144403,0.40613718411552346,0.5523465703971119,0.20397111913357402,0.5072202166064982,0.9548736462093863,0.07581227436823104,0.6010830324909747,0.6732851985559567
2025-08-14,0.018050541516245487,0.14620938628158844,0.2545126353790614,0.19133574007220217,0.35018050541516244,0.1931407942238267,0.516245487364621,0.4314079422382672,0.5415162454873647,0.9476534296028881,0.4747292418772563,0.9855595667870036,0.06678700361010831,0.6028880866425993,0.427797833935018
2025-08-15,0.018050541516245487,0.14620938628158844,0.17870036101083034,0.19133574007220217,0.35018050541516244,0.19133574007220217,0.6064981949458483,0.4314079422382672,0.5216606498194946,0.49097472924187724,0.40794223826714804,0.9873646209386282,0.06498194945848375,0.5992779783393501,0.5379061371841155
2025-08-18,0.05415162454873646,0.19494584837545126,0.20938628158844766,0.12815884476534295,0.3104693140794224,0.26534296028880866,0.924187725631769,0.5379061371841155,0.5992779783393501,0.2815884476534296,0.516245487364621,0.9620938628158845,0.04151624548736462,0.6227436823104693,0.7328519855595668
2025-08-19,0.06678700361010831,0.22382671480144403,0.20938628158844766,0.1263537906137184,0.296028880866426,0.27075812274368233,0.8249097472924187,0.5505415162454874,0.5830324909747292,0.7093862815884476,0.27617328519855594,0.9332129963898917,0.04512635379061372,0.6209386281588448,0.2743682310469314
2025-08-20,0.06678700361010831,0.22382671480144403,0.09566787003610108,0.1371841155234657,0.30505415162454874,0.2509025270758123,0.796028880866426,0.6137184115523465,0.6335740072202166,0.8140794223826715,0.3664259927797834,0.9296028880866426,0.04332129963898917,0.628158844765343,0.5776173285198556
2025-08-21,0.06678700361010831,0.23465703971119134,0.09566787003610108,0.148014440433213,0.30505415162454874,0.2490974729241877,0.3953068592057762,0.5397111913357401,0.6660649819494585,0.6083032490974729,0.27617328519855594,0.9259927797833934,0.039711191335740074,0.644404332129964,0.27075812274368233
2025-08-22,0.08303249097472924,0.2815884476534296,0.16606498194945848,0.1552346570397112,0.2870036101083033,0.2184115523465704,0.27075812274368233,0.5072202166064982,0.759927797833935,0.02527075812274368,0.2924187725631769,0.9061371841155235,0.021660649819494584,0.6173285198555957,0.8032490974729242
2025-08-25,0.08303249097472924,0.2815884476534296,0.16606498194945848,0.11371841155234658,0.3231046931407942,0.20938628158844766,0.16425992779783394,0.4043321299638989,0.8357400722021661,0.8736462093862816,0.4259927797833935,0.9368231046931408,0.02527075812274368,0.5469314079422383,0.3989169675090253
2025-08-26,0.08303249097472924,0.29783393501805056,0.16606498194945848,0.05595667870036101,0.3574007220216607,0.2328519855595668,0.8610108303249098,0.4187725631768953,0.8465703971119134,0.703971119133574,0.30324909747292417,0.9620938628158845,0.02707581227436823,0.555956678700361,0.7111913357400722
2025-08-27,0.08303249097472924,0.30505415162454874,0.16606498194945848,0.07942238267148015,0.38086642599277976,0.2111913357400722,0.427797833935018,0.388086642599278,0.8321299638989169,0.5523465703971119,0.34296028880866425,0.9945848375451264,0.03429602888086643,0.5577617328519856,0.3844765342960289
2025-08-28,0.08303249097472924,0.33393501805054154,0.16606498194945848,0.17328519855595667,0.36101083032490977,0.2075812274368231,0.41696750902527074,0.315884476534296,0.8375451263537906,0.0776173285198556,0.30685920577617326,0.9729241877256317,0.030685920577617327,0.6064981949458483,0.023465703971119134
2025-08-29,0.08303249097472924,0.34296028880866425,0.16606498194945848,0.1967509025270758,0.33574007220216606,0.2364620938628159,0.7148014440433214,0.33574007220216606,0.740072202166065,0.779783393501805,0.3104693140794224,0.9494584837545126,0.032490974729241874,0.33935018050541516,0.5848375451263538
2025-09-01,0.08303249097472924,0.34296028880866425,0.07942238267148015,0.1263537906137184,0.3303249097472924,0.2364620938628159,0.9151624548736462,0.42418772563176893,0.7851985559566786,0.7129963898916968,0.315884476534296,0.9422382671480144,0.03790613718411552,0.34115523465703973,0.19494584837545126
2025-09-02,0.08303249097472924,0.34296028880866425,0.07942238267148015,0.09205776173285199,0.30144404332129965,0.3140794223826715,0.2509025270758123,0.33754512635379064,0.7129963898916968,0.6371841155234657,0.29783393501805056,0.924187725631769,0.036101083032490974,0.22382671480144403,0.6660649819494585
2025-09-03,0.08303249097472924,0.34296028880866425,0.07942238267148015,0.052346570397111915,0.26895306859205775,0.3862815884476534,0.3935018050541516,0.3574007220216607,0.7454873646209387,0.14620938628158844,0.259927797833935,0.8772563176895307,0.02888086642599278,0.20577617328519857,0.7671480144404332
2025-09-04,0.1624548736462094,0.6083032490974729,0.3989169675090253,0.13898916967509026,0.315884476534296,0.36101083032490977,0.3483754512635379,0.3104693140794224,0.7166064981949458,0.8158844765342961,0.27075812274368233,0.868231046931408,0.019855595667870037,0.19855595667870035,0.6967509025270758
2025-09-05,0.18772563176895307,0.5884476534296029,0.40252707581227437,0.16064981949458484,0.34296028880866425,0.315884476534296,0.4747292418772563,0.26534296028880866,0.6787003610108303,0.10830324909747292,0.23826714801444043,0.871841155234657,0.016245487364620937,0.1967509025270758,0.2581227436823105
2025-09-08,0.1624548736462094,0.5469314079422383,0.4187725631768953,0.148014440433213,0.35018050541516244,0.2996389891696751,0.36823104693140796,0.26173285198555957,0.7021660649819494,0.5180505415162455,0.21660649819494585,0.8880866425992779,0.018050541516245487,0.17328519855595667,0.5884476534296029
2025-09-09,0.11191335740072202,0.48014440433212996,0.5487364620938628,0.1552346570397112,0.3628158844765343,0.27256317689530685,0.17148014440433212,0.2815884476534296,0.7472924187725631,0.5685920577617328,0.22021660649819494,0.9151624548736462,0.01444043321299639,0.30685920577617326,0.11191335740072202
2025-09-10,0.13176895306859207,0.51985559566787,0.5487364620938628,0.1371841155234657,0.37725631768953066,0.23826714801444043,0.10649819494584838,0.42057761732851984,0.7418772563176895,0.49458483754512633,0.20397111913357402,0.9151624548736462,0.01263537906137184,0.427797833935018,0.12274368231046931
2025-09-11,0.11191335740072202,0.4620938628158845,0.5487364620938628,0.17328519855595667,0.37364620938628157,0.16967509025270758,0.26353790613718414,0.4007220216606498,0.7833935018050542,0.5451263537906137,0.11371841155234658,0.9205776173285198,0.009025270758122744,0.4259927797833935,0.8068592057761733
2025-09-12,0.11191335740072202,0.48014440433212996,0.5487364620938628,0.20216606498194944,0.35379061371841153,0.15342960288808663,0.12815884476534295,0.44223826714801445,0.8267148014440433,0.7490974729241877,0.10649819494584838,0.9169675090252708,0.005415162454873646,0.4314079422382672,0.8104693140794224
2025-09-15,0.11191335740072202,0.45306859205776173,0.5072202166064982,0.22743682310469315,0.33212996389891697,0.1967509025270758,0.40252707581227437,0.4584837545126354,0.7725631768953068,0.1263537906137184,0.1444043321299639,0.9025270758122743,0.0018050541516245488,0.36101083032490977,0.08483754512635379
2025-09-16,0.1624548736462094,0.5288808664259927,0.6046931407942239,0.2003610108303249,0.3953068592057762,0.19855595667870035,0.17509025270758122,0.4981949458483754,0.7815884476534296,0.13537906137184116,0.20216606498194944,0.9061371841155235,0.0036101083032490976,0.3592057761732852,0.944043321299639
2025-09-17,0.18772563176895307,0.5631768953068592,0.6064981949458483,0.27617328519855594,0.4007220216606498,0.18772563176895307,0.8808664259927798,0.5090252707581228,0.8032490974729242,0.3483754512635379,0.27978339350180503,0.8790613718411552,0.007220216606498195,0.3844765342960289,0.6498194945848376
2025-09-18,0.1624548736462094,0.5469314079422383,0.6263537906137184,0.3249097472924188,0.4043321299638989,0.1371841155234657,0.14259927797833935,0.45126353790613716,0.8249097472924187,0.9332129963898917,0.13537906137184116,0.9151624548736462,0.010830324909747292,0.38267148014440433,0.871841155234657
2025-09-19,0.18772563176895307,0.5595667870036101,0.6263537906137184,0.2364620938628159,0.38086642599277976,0.1444043321299639,0.7436823104693141,0.44945848375451264,0.8014440433212996,0.9151624548736462,0.07581227436823104,0.868231046931408,0.023465703971119134,0.3953068592057762,0.37364620938628157
2025-09-22,0.1624548736462094,0.5505415162454874,0.6389891696750902,0.24187725631768953,0.33935018050541516,0.18592057761732853,0.31227436823104693,0.48375451263537905,0.7274368231046932,0.16425992779783394,0.0631768953068592,0.8321299638989169,0.0740072202166065,0.38086642599277976,0.7978339350180506
2025-09-23,0.2003610108303249,0.6299638989169675,0.6768953068592057,0.3303249097472924,0.3700361010830325,0.18411552346570398,0.351985559566787,0.4891696750902527,0.6750902527075813,0.6985559566787004,0.05776173285198556,0.8140794223826715,0.14981949458483754,0.3267148014440433,0.9061371841155235
2025-09-24,0.2003610108303249,0.6588447653429603,0.6768953068592057,0.2851985559566787,0.3249097472924188,0.17328519855595667,0.7328519855595668,0.5234657039711191,0.6913357400722022,0.9314079422382672,0.09205776173285199,0.7851985559566786,0.19494584837545126,0.4007220216606498,0.8592057761732852
2025-09-25,0.2075812274368231,0.6714801444043321,0.6787003610108303,0.3176895306859206,0.27256317689530685,0.17870036101083034,0.6191335740072202,0.44584837545126355,0.6642599277978339,0.7725631768953068,0.13898916967509026,0.7509025270758123,0.2779783393501805,0.30505415162454874,0.8014440433212996
2025-09-26,0.2003610108303249,0.6299638989169675,0.6877256317689531,0.2364620938628159,0.22021660649819494,0.1624548736462094,0.9638989169675091,0.5812274368231047,0.7942238267148014,0.575812274368231,0.1407942238267148,0.7472924187725631,0.27617328519855594,0.37364620938628157,0.17509025270758122
2025-09-29,0.18772563176895307,0.6534296028880866,0.7129963898916968,0.2527075812274368,0.21299638989169675,0.18231046931407943,0.1552346570397112,0.48736462093862815,0.7527075812274369,0.0740072202166065,0.2075812274368231,0.7635379061371841,0.2833935018050541,0.3935018050541516,0.36823104693140796
2025-09-30,0.18772563176895307,0.5703971119133574,0.7129963898916968,0.30324909747292417,0.2075812274368231,0.21660649819494585,0.6732851985559567,0.44584837545126355,0.6714801444043321,0.7021660649819494,0.11552346570397112,0.759927797833935,0.2815884476534296,0.3971119133574007,0.5487364620938628
2025-10-01,0.1624548736462094,0.5469314079422383,0.7166064981949458,0.26534296028880866,0.18953068592057762,0.15703971119133575,0.2581227436823105,0.43862815884476536,0.6931407942238267,0.36823104693140796,0.13537906137184116,0.7545126353790613,0.2743682310469314,0.3916967509025271,0.8971119133574007
2025-10-02,0.13176895306859207,0.4729241877256318,0.6570397111913358,0.22202166064981949,0.20397111913357402,0.1299638989169675,0.030685920577617327,0.6389891696750902,0.8104693140794224,0.6859205776173285,0.0812274368231047,0.7725631768953068,0.2490974729241877,0.4368231046931408,0.7924187725631769
2025-10-03,0.13176895306859207,0.4729241877256318,0.6335740072202166,0.22202166064981949,0.20397111913357402,0.12093862815884476,0.6064981949458483,0.6389891696750902,0.8050541516245487,0.49097472924187724,0.05415162454873646,0.7815884476534296,0.24368231046931407,0.4332129963898917,0.5379061371841155
2025-10-06,0.13176895306859207,0.4729241877256318,0.6173285198555957,0.22202166064981949,0.20397111913357402,0.148014440433213,0.6064981949458483,0.6389891696750902,0.779783393501805,0.49097472924187724,0.061371841155234655,0.7815884476534296,0.24187725631768953,0.43501805054151627,0.5379061371841155
2025-10-07,0.13176895306859207,0.4729241877256318,0.516245487364621,0.22202166064981949,0.20397111913357402,0.17689530685920576,0.6064981949458483,0.6389891696750902,0.7093862815884476,0.49097472924187724,0.06678700361010831,0.7815884476534296,0.23826714801444043,0.351985559566787,0.5379061371841155
2025-10-08,0.13176895306859207,0.4729241877256318,0.5018050541516246,0.22202166064981949,0.20397111913357402,0.16787003610108303,0.6064981949458483,0.6389891696750902,0.6010830324909747,0.49097472924187724,0.22563176895306858,0.7815884476534296,0.2527075812274368,0.1407942238267148,0.5379061371841155
2025-10-09,0.13176895306859207,0.4729241877256318,0.47833935018050544,0.22202166064981949,0.20397111913357402,0.16064981949458484,0.6064981949458483,0.6389891696750902,0.5487364620938628,0.49097472924187724,0.21299638989169675,0.7815884476534296,0.2527075812274368,0.13898916967509026,0.5379061371841155
2025-10-10,0.13176895306859207,0.49097472924187724,0.47833935018050544,0.2490974729241877,0.1931407942238267,0.26173285198555957,0.09927797833935018,0.6913357400722022,0.5649819494584838,0.9891696750902527,0.16064981949458484,0.7924187725631769,0.30866425992779783,0.13176895306859207,0.9909747292418772
2025-10-13,0.11191335740072202,0.40252707581227437,0.5018050541516246,0.3176895306859206,0.20938628158844766,0.26173285198555957,0.8032490974729242,0.8158844765342961,0.5902527075812274,0.3971119133574007,0.30685920577617326,0.796028880866426,0.2888086642599278,0.05054151624548736,0.5740072202166066
2025-10-14,0.11191335740072202,0.40613718411552346,0.40974729241877256,0.37364620938628157,0.2148014440433213,0.24548736462093862,0.7888086642599278,0.8447653429602888,0.51985559566787,0.7057761732851986,0.4332129963898917,0.7924187725631769,0.29783393501805056,0.05595667870036101,0.5992779783393501
2025-10-15,0.11191335740072202,0.37545126353790614,0.4007220216606498,0.3592057761732852,0.21660649819494585,0.17148014440433212,0.032490974729241874,0.8104693140794224,0.575812274368231,0.16787003610108303,0.41155234657039713,0.7833935018050542,0.2563176895306859,0.22021660649819494,0.6083032490974729
2025-10-16,0.11191335740072202,0.3664259927797834,0.3971119133574007,0.35379061371841153,0.18953068592057762,0.2545126353790614,0.04151624548736462,0.8357400722021661,0.6263537906137184,0.17689530685920576,0.37184115523465705,0.759927797833935,0.24548736462093862,0.23104693140794225,0.9638989169675091
2025-10-17,0.11191335740072202,0.49458483754512633,0.35379061371841153,0.36823104693140796,0.2111913357400722,0.22202166064981949,0.5306859205776173,0.8971119133574007,0.5812274368231047,0.7815884476534296,0.4368231046931408,0.7689530685920578,0.27256317689530685,0.2509025270758123,0.8303249097472925
2025-10-20,0.11191335740072202,0.2743682310469314,0.34296028880866425,0.388086642599278,0.1931407942238267,0.20216606498194944,0.09566787003610108,0.8537906137184116,0.6534296028880866,0.3267148014440433,0.3862815884476534,0.7490974729241877,0.27075812274368233,0.44945848375451264,0.06678700361010831
2025-10-21,0.11191335740072202,0.23465703971119134,0.13357400722021662,0.41335740072202165,0.18231046931407943,0.2003610108303249,0.4314079422382672,0.8483754512635379,0.6173285198555957,0.9620938628158845,0.3176895306859206,0.740072202166065,0.26714801444043323,0.44404332129963897,0.7274368231046932
2025-10-22,0.11191335740072202,0.20577617328519857,0.13357400722021662,0.4007220216606498,0.20577617328519857,0.18050541516245489,0.12454873646209386,0.8375451263537906,0.6606498194945848,0.3447653429602888,0.29422382671480146,0.7436823104693141,0.27978339350180503,0.42057761732851984,0.6750902527075813
2025-10-23,0.11191335740072202,0.10469314079422383,0.048736462093862815,0.3971119133574007,0.18411552346570398,0.1588447653429603,0.8646209386281588,0.8501805054151624,0.7382671480144405,0.8194945848375451,0.3483754512635379,0.7418772563176895,0.2870036101083033,0.44223826714801445,0.6588447653429603
2025-10-24,0.11191335740072202,0.12815884476534295,0.039711191335740074,0.37184115523465705,0.18953068592057762,0.11371841155234658,0.039711191335740074,0.855595667870036,0.7256317689530686,0.6064981949458483,0.2563176895306859,0.7454873646209387,0.26895306859205775,0.40974729241877256,0.9350180505415162
2025-10-27,0.11191335740072202,0.10469314079422383,0.01444043321299639,0.35379061371841153,0.17870036101083034,0.09025270758122744,0.03790613718411552,0.8736462093862816,0.7653429602888087,0.15703971119133575,0.2815884476534296,0.740072202166065,0.22021660649819494,0.4729241877256318,0.29061371841155237
2025-10-28,0.13176895306859207,0.16787003610108303,0.05776173285198556,0.40252707581227437,0.17148014440433212,0.10108303249097472,0.8231046931407943,0.8808664259927798,0.7996389891696751,0.5018050541516246,0.2779783393501805,0.7346570397111913,0.18953068592057762,0.49097472924187724,0.6119133574007221
2025-10-29,0.13176895306859207,0.09025270758122744,0.02888086642599278,0.3989169675090253,0.1624548736462094,0.07942238267148015,0.09386281588447654,0.8700361010830325,0.8176895306859205,0.05776173285198556,0.3483754512635379,0.7328519855595668,0.18411552346570398,0.48194945848375453,0.9458483754512635
2025-10-30,0.1624548736462094,0.09927797833935018,0.02888086642599278,0.3862815884476534,0.1263537906137184,0.09205776173285199,0.4693140794223827,0.8646209386281588,0.6859205776173285,0.9133574007220217,0.2870036101083033,0.7274368231046932,0.13537906137184116,0.4657039711191336,0.7509025270758123
2025-10-31,0.13176895306859207,0.03790613718411552,0.07220216606498195,0.33574007220216606,0.13357400722021662,0.08664259927797834,0.35379061371841153,0.8429602888086642,0.7292418772563177,0.3935018050541516,0.2184115523465704,0.7310469314079422,0.13357400722021662,0.4747292418772563,0.9043321299638989
2025-11-03,0.1624548736462094,0.08483754512635379,0.12454873646209386,0.3194945848375451,0.12454873646209386,0.09747292418772563,0.02707581227436823,0.871841155234657,0.8303249097472925,0.5631768953068592,0.2111913357400722,0.7292418772563177,0.09927797833935018,0.49458483754512633,0.9025270758122743
2025-11-04,0.18772563176895307,0.1299638989169675,0.17870036101083034,0.3231046931407942,0.1407942238267148,0.10288808664259928,0.9620938628158845,0.9061371841155235,0.8880866425992779,0.9169675090252708,0.2328519855595668,0.7256317689530686,0.21299638989169675,0.4981949458483754,0.04332129963898917
2025-11-05,0.18772563176895307,0.11913357400722022,0.17870036101083034,0.2779783393501805,0.11913357400722022,0.1407942238267148,0.9711191335740073,0.9386281588447654,0.9296028880866426,0.5595667870036101,0.259927797833935,0.723826714801444,0.2003610108303249,0.5397111913357401,0.18050541516245489
2025-11-06,0.2003610108303249,0.07942238267148015,0.24368231046931407,0.26173285198555957,0.08303249097472924,0.14259927797833935,0.34115523465703973,0.9350180505415162,0.9422382671480144,0.8916967509025271,0.21660649819494585,0.6913357400722022,0.20938628158844766,0.6083032490974729,0.009025270758122744
2025-11-07,0.2148014440433213,0.1371841155234657,0.34115523465703973,0.38267148014440433,0.0776173285198556,0.16425992779783394,0.9422382671480144,0.9512635379061372,0.944043321299639,0.9530685920577617,0.24187725631768953,0.6534296028880866,0.2292418772563177,0.6570397111913358,0.5451263537906137
2025-11-10,0.2148014440433213,0.1371841155234657,0.315884476534296,0.26353790613718414,0.08483754512635379,0.22743682310469315,0.019855595667870037,0.9332129963898917,0.9530685920577617,0.19494584837545126,0.27075812274368233,0.6823104693140795,0.18772563176895307,0.7418772563176895,0.15162454873646208
2025-11-11,0.2148014440433213,0.1371841155234657,0.315884476534296,0.2563176895306859,0.10649819494584838,0.22743682310469315,0.2888086642599278,0.9259927797833934,0.9548736462093863,0.7978339350180506,0.33574007220216606,0.7166064981949458,0.16787003610108303,0.7148014440433214,0.8357400722021661
2025-11-12,0.21660649819494585,0.16425992779783394,0.3231046931407942,0.33212996389891697,0.07581227436823104,0.2527075812274368,0.22743682310469315,0.907942238267148,0.9512635379061372,0.8971119133574007,0.4151624548736462,0.6516245487364621,0.12274368231046931,0.759927797833935,0.030685920577617327
2025-11-13,0.26895306859205775,0.6841155234657039,0.8610108303249098,0.3628158844765343,0.10469314079422383,0.2292418772563177,0.36101083032490977,0.8826714801444043,0.9458483754512635,0.1931407942238267,0.40794223826714804,0.6155234657039711,0.16425992779783394,0.7725631768953068,0.8249097472924187
2025-11-14,0.3104693140794224,0.7220216606498195,0.8628158844765343,0.2364620938628159,0.09747292418772563,0.24007220216606498,0.9855595667870036,0.9133574007220217,0.9602888086642599,0.03429602888086643,0.4981949458483754,0.5685920577617328,0.19133574007220217,0.8916967509025271,0.37906137184115524
2025-11-17,0.3267148014440433,0.7454873646209387,0.8664259927797834,0.18231046931407943,0.1299638989169675,0.2779783393501805,0.06859205776173286,0.8935018050541517,0.9638989169675091,0.9097472924187726,0.5938628158844765,0.5577617328519856,0.17870036101083034,0.8249097472924187,0.9783393501805054
2025-11-18,0.3267148014440433,0.7328519855595668,0.8664259927797834,0.18411552346570398,0.1624548736462094,0.2833935018050541,0.9783393501805054,0.927797833935018,0.9747292418772563,0.5956678700361011,0.6425992779783394,0.6101083032490975,0.23104693140794225,0.9097472924187726,0.44223826714801445
2025-11-19,0.33393501805054154,0.7617328519855595,0.8592057761732852,0.13357400722021662,0.16425992779783394,0.30324909747292417,0.779783393501805,0.9296028880866426,0.9729241877256317,0.8050541516245487,0.6516245487364621,0.6209386281588448,0.23465703971119134,0.9061371841155235,0.24729241877256317
2025-11-20,0.34657039711191334,0.796028880866426,0.8537906137184116,0.10288808664259928,0.14620938628158844,0.2148014440433213,0.0703971119133574,0.9097472924187726,0.98014440433213,0.7184115523465704,0.3916967509025271,0.6173285198555957,0.22202166064981949,0.9025270758122743,0.868231046931408
2025-11-21,0.34657039711191334,0.8122743682310469,0.8537906137184116,0.16425992779783394,0.16606498194945848,0.22382671480144403,0.983754512635379,0.9422382671480144,0.9891696750902527,0.37906137184115524,0.315884476534296,0.631768953068592,0.2581227436823105,0.9133574007220217,0.0740072202166065
2025-11-24,0.34657039711191334,0.8050541516245487,0.8537906137184116,0.2003610108303249,0.14981949458483754,0.19494584837545126,0.6714801444043321,0.9205776173285198,0.983754512635379,0.759927797833935,0.3194945848375451,0.6209386281588448,0.22563176895306858,0.8646209386281588,0.30685920577617326
2025-11-25,0.34657039711191334,0.8104693140794224,0.8592057761732852,0.29061371841155237,0.15162454873646208,0.14620938628158844,0.4151624548736462,0.9151624548736462,0.9819494584837545,0.12093862815884476,0.37725631768953066,0.6263537906137184,0.21660649819494585,0.855595667870036,0.7617328519855595
2025-11-26,0.34657039711191334,0.8104693140794224,0.8592057761732852,0.3176895306859206,0.15703971119133575,0.13537906137184116,0.03429602888086643,0.8790613718411552,0.9873646209386282,0.5342960288808665,0.3971119133574007,0.6353790613718412,0.20216606498194944,0.8989169675090253,0.7129963898916968
2025-11-27,0.38267148014440433,0.8194945848375451,0.8844765342960289,0.3628158844765343,0.11010830324909747,0.13537906137184116,0.3140794223826715,0.851985559566787,0.9963898916967509,0.16606498194945848,0.38086642599277976,0.5234657039711191,0.2111913357400722,0.8971119133574007,0.6137184115523465
2025-11-28,0.38267148014440433,0.8249097472924187,0.868231046931408,0.3176895306859206,0.12093862815884476,0.11552346570397112,0.9259927797833934,0.8411552346570397,1.0,0.7545126353790613,0.3574007220216607,0.5126353790613718,0.2148014440433213,0.8935018050541517,0.10649819494584838
2025-12-01,0.38267148014440433,0.8194945848375451,0.871841155234657,0.33393501805054154,0.09386281588447654,0.13176895306859207,0.6678700361010831,0.8592057761732852,0.9945848375451264,0.4151624548736462,0.22202166064981949,0.4891696750902527,0.22382671480144403,0.8736462093862816,0.38267148014440433
2025-12-02,0.38267148014440433,0.8212996389891697,0.8808664259927798,0.38267148014440433,0.11010830324909747,0.12274368231046931,0.07581227436823104,0.8339350180505415,0.9981949458483754,0.6046931407942239,0.19494584837545126,0.5054151624548736,0.2184115523465704,0.9043321299638989,0.3916967509025271
2025-12-03,0.4043321299638989,0.8447653429602888,0.8700361010830325,0.37545126353790614,0.10469314079422383,0.08483754512635379,0.2328519855595668,0.8321299638989169,0.9927797833935018,0.29783393501805056,0.18411552346570398,0.516245487364621,0.17689530685920576,0.8772563176895307,0.3862815884476534
2025-12-04,0.4043321299638989,0.8411552346570397,0.8808664259927798,0.3303249097472924,0.11191335740072202,0.0776173285198556,0.6750902527075813,0.8231046931407943,0.9909747292418772,0.8267148014440433,0.15703971119133575,0.5505415162454874,0.15342960288808663,0.7996389891696751,0.6516245487364621
2025-12-05,0.4259927797833935,0.8844765342960289,0.8808664259927798,0.2870036101083033,0.1407942238267148,0.09927797833935018,0.09205776173285199,0.7978339350180506,0.9855595667870036,0.33935018050541516,0.1588447653429603,0.5703971119133574,0.15703971119133575,0.7509025270758123,0.8880866425992779
2025-12-08,0.4259927797833935,0.8844765342960289,0.8808664259927798,0.2527075812274368,0.11552346570397112,0.13898916967509026,0.15342960288808663,0.8032490974729242,0.9783393501805054,0.2779783393501805,0.1931407942238267,0.5234657039711191,0.12093862815884476,0.6155234657039711,0.9747292418772563
2025-12-09,0.4259927797833935,0.8700361010830325,0.8808664259927798,0.259927797833935,0.09205776173285199,0.17509025270758122,0.7021660649819494,0.8140794223826715,0.9765342960288809,0.5108303249097473,0.2111913357400722,0.4855595667870036,0.16064981949458484,0.6191335740072202,0.21660649819494585
2025-12-10,0.4259927797833935,0.8862815884476535,0.8862815884476535,0.4368231046931408,0.08844765342960288,0.11010830324909747,0.6787003610108303,0.8086642599277978,0.9711191335740073,0.5740072202166066,0.16967509025270758,0.4602888086642599,0.16967509025270758,0.5487364620938628,0.8826714801444043
2025-12-11,0.4259927797833935,0.9025270758122743,0.6137184115523465,0.4584837545126354,0.0812274368231047,0.11732851985559567,0.776173285198556,0.8050541516245487,0.9693140794223827,0.572202166064982,0.17870036101083034,0.4602888086642599,0.17328519855595667,0.5541516245487365,0.13176895306859207
2025-12-12,0.4259927797833935,0.9025270758122743,0.5992779783393501,0.37906137184115524,0.08844765342960288,0.11913357400722022,0.14620938628158844,0.7364620938628159,0.9675090252707581,0.7870036101083032,0.17689530685920576,0.49458483754512633,0.1624548736462094,0.45306859205776173,0.6642599277978339
2025-12-15,0.4259927797833935,0.9097472924187726,0.5252707581227437,0.34657039711191334,0.1371841155234657,0.15162454873646208,0.944043321299639,0.796028880866426,0.9657039711191335,0.09205776173285199,0.2509025270758123,0.5685920577617328,0.1263537906137184,0.47833935018050544,0.3664259927797834
2025-12-16,0.4657039711191336,0.9187725631768953,0.5324909747292419,0.3953068592057762,0.1371841155234657,0.09566787003610108,0.9584837545126353,0.8212996389891697,0.9584837545126353,0.7689530685920578,0.16425992779783394,0.5361010830324909,0.12815884476534295,0.3447653429602888,0.13357400722021662
2025-12-17,0.4657039711191336,0.9187725631768953,0.5252707581227437,0.37725631768953066,0.1444043321299639,0.05595667870036101,0.1407942238267148,0.7906137184115524,0.9620938628158845,0.5812274368231047,0.1299638989169675,0.5270758122743683,0.1299638989169675,0.34296028880866425,0.9151624548736462
2025-12-18,0.4657039711191336,0.9151624548736462,0.5144404332129964,0.33935018050541516,0.1624548736462094,0.036101083032490974,0.927797833935018,0.8122743682310469,0.9566787003610109,0.40252707581227437,0.08844765342960288,0.5685920577617328,0.1552346570397112,0.35018050541516244,0.24007220216606498
2025-12-19,0.48194945848375453,0.9205776173285198,0.5306859205776173,0.35379061371841153,0.13176895306859207,0.02888086642599278,0.3176895306859206,0.8014440433212996,0.9404332129963899,0.7075812274368231,0.0740072202166065,0.5415162454873647,0.1444043321299639,0.23826714801444043,0.2563176895306859
2025-12-22,0.48194945848375453,0.9332129963898917,0.5306859205776173,0.2563176895306859,0.14981949458483754,0.04693140794223827,0.05776173285198556,0.7996389891696751,0.9494584837545126,0.6516245487364621,0.08303249097472924,0.5631768953068592,0.148014440433213,0.29422382671480146,0.7021660649819494
2025-12-23,0.48194945848375453,0.9350180505415162,0.5306859205776173,0.11371841155234658,0.16787003610108303,0.04151624548736462,0.4187725631768953,0.7833935018050542,0.9476534296028881,0.5216606498194946,0.039711191335740074,0.5595667870036101,0.13176895306859207,0.2888086642599278,0.6389891696750902
2025-12-24,0.4855595667870036,0.9494584837545126,0.5342960288808665,0.1588447653429603,0.17509025270758122,0.032490974729241874,0.6805054151624549,0.7779783393501805,0.9259927797833934,0.0036101083032490976,0.34296028880866425,0.5397111913357401,0.12454873646209386,0.17870036101083034,0.26895306859205775
2025-12-25,0.4855595667870036,0.9494584837545126,0.2184115523465704,0.1588447653429603,0.17509025270758122,0.032490974729241874,0.6064981949458483,0.7779783393501805,0.9007220216606499,0.49097472924187724,0.37184115523465705,0.5451263537906137,0.14259927797833935,0.17509025270758122,0.5379061371841155
2025-12-26,0.49097472924187724,0.9602888086642599,0.24187725631768953,0.10288808664259928,0.16967509025270758,0.021660649819494584,0.35018050541516244,0.7851985559566786,0.8447653429602888,0.2003610108303249,0.6823104693140795,0.5342960288808665,0.1371841155234657,0.20216606498194944,0.9296028880866426
2025-12-29,0.49097472924187724,0.9602888086642599,0.24187725631768953,0.11732851985559567,0.18050541516245489,0.02527075812274368,0.052346570397111915,0.8068592057761733,0.8772563176895307,0.11371841155234658,0.7220216606498195,0.5812274368231047,0.11913357400722022,0.2292418772563177,0.8646209386281588
2025-12-30,0.49097472924187724,0.9602888086642599,0.24187725631768953,0.0740072202166065,0.17689530685920576,0.06678700361010831,0.6606498194945848,0.8285198555956679,0.8212996389891697,0.7996389891696751,0.5740072202166066,0.5541516245487365,0.11191335740072202,0.10469314079422383,0.37725631768953066
2025-12-31,0.4043321299638989,0.907942238267148,0.776173285198556,0.0740072202166065,0.1552346570397112,0.06498194945848375,0.6064981949458483,0.8285198555956679,0.7689530685920578,0.49097472924187724,0.5830324909747292,0.5541516245487365,0.11191335740072202,0.06859205776173286,0.5379061371841155
2026-01-01,0.4043321299638989,0.907942238267148,0.776173285198556,0.0740072202166065,0.1552346570397112,0.06498194945848375,0.6064981949458483,0.8285198555956679,0.7563176895306859,0.49097472924187724,0.6101083032490975,0.5577617328519856,0.10830324909747292,0.061371841155234655,0.5379061371841155
2026-01-02,0.3483754512635379,0.8501805054151624,0.7906137184115524,0.032490974729241874,0.14259927797833935,0.05054151624548736,0.05054151624548736,0.8465703971119134,0.7978339350180506,0.7635379061371841,0.4711191335740072,0.6028880866425993,0.10288808664259928,0.05415162454873646,0.9819494584837545
2026-01-05,0.34657039711191334,0.851985559566787,0.7924187725631769,0.018050541516245487,0.12815884476534295,0.0740072202166065,0.01263537906137184,0.8772563176895307,0.8339350180505415,0.5505415162454874,0.3971119133574007,0.6155234657039711,0.09566787003610108,0.11191335740072202,0.9530685920577617
2026-01-06,0.33393501805054154,0.8483754512635379,0.7942238267148014,0.04151624548736462,0.11732851985559567,0.0812274368231047,0.1299638989169675,0.8898916967509025,0.855595667870036,0.6245487364620939,0.2292418772563177,0.592057761732852,0.08303249097472924,0.2111913357400722,0.3231046931407942
2026-01-07,0.3104693140794224,0.8231046931407943,0.8122743682310469,0.04693140794223827,0.12274368231046931,0.08303249097472924,0.33754512635379064,0.9025270758122743,0.8592057761732852,0.5487364620938628,0.18231046931407943,0.6101083032490975,0.08664259927797834,0.2490974729241877,0.98014440433213
2026-01-08,0.26895306859205775,0.7996389891696751,0.8194945848375451,0.05956678700361011,0.11371841155234658,0.09386281588447654,0.5216606498194946,0.9007220216606499,0.851985559566787,0.7364620938628159,0.18592057761732853,0.6010830324909747,0.09025270758122744,0.2870036101083033,0.8862815884476535
2026-01-09,0.26895306859205775,0.8032490974729242,0.8194945848375451,0.048736462093862815,0.09566787003610108,0.04512635379061372,0.296028880866426,0.8880866425992779,0.8411552346570397,0.8357400722021661,0.22382671480144403,0.5794223826714802,0.05776173285198556,0.26353790613718414,0.5703971119133574
2026-01-12,0.2563176895306859,0.7815884476534296,0.8158844765342961,0.1263537906137184,0.07942238267148015,0.05776173285198556,0.27617328519855594,0.8844765342960289,0.8068592057761733,0.9007220216606499,0.3231046931407942,0.5342960288808665,0.0631768953068592,0.19494584837545126,0.6570397111913358
2026-01-13,0.2563176895306859,0.7509025270758123,0.8104693140794224,0.10830324909747292,0.07220216606498195,0.039711191335740074,0.13537906137184116,0.868231046931408,0.7545126353790613,0.8592057761732852,0.3249097472924188,0.5252707581227437,0.05054151624548736,0.1263537906137184,0.8140794223826715
2026-01-14,0.2563176895306859,0.740072202166065,0.8104693140794224,0.09205776173285199,0.0740072202166065,0.019855595667870037,0.3212996389891697,0.8610108303249098,0.6678700361010831,0.05956678700361011,0.5487364620938628,0.5451263537906137,0.052346570397111915,0.1552346570397112,0.2490974729241877
2026-01-15,0.24729241877256317,0.703971119133574,0.8050541516245487,0.1263537906137184,0.039711191335740074,0.005415162454873646,0.11732851985559567,0.8664259927797834,0.6805054151624549,0.7653429602888087,0.45126353790613716,0.4711191335740072,0.048736462093862815,0.10830324909747292,0.8628158844765343
2026-01-16,0.24729241877256317,0.7003610108303249,0.8014440433212996,0.10469314079422383,0.04151624548736462,0.018050541516245487,0.26173285198555957,0.8628158844765343,0.6696750902527075,0.8032490974729242,0.35379061371841153,0.49458483754512633,0.048736462093862815,0.09386281588447654,0.5397111913357401
2026-01-19,0.24729241877256317,0.6931407942238267,0.8014440433212996,0.06498194945848375,0.018050541516245487,0.018050541516245487,0.1588447653429603,0.8754512635379061,0.5180505415162455,0.33393501805054154,0.2490974729241877,0.4855595667870036,0.05956678700361011,0.06678700361010831,0.9711191335740073
2026-01-20,0.24729241877256317,0.6931407942238267,0.8014440433212996,0.02527075812274368,0.0036101083032490976,0.08844765342960288,0.7274368231046932,0.8953068592057761,0.516245487364621,0.7346570397111913,0.2924187725631769,0.47833935018050544,0.08483754512635379,0.12274368231046931,0.02888086642599278
2026-01-21,0.24729241877256317,0.6931407942238267,0.7888086642599278,0.021660649819494584,0.018050541516245487,0.03429602888086643,0.3574007220216607,0.9043321299638989,0.5270758122743683,0.06498194945848375,0.6245487364620939,0.51985559566787,0.06859205776173286,0.16787003610108303,0.9115523465703971
2026-01-22,0.24729241877256317,0.6931407942238267,0.7888086642599278,0.03790613718411552,0.030685920577617327,0.009025270758122744,0.26895306859205775,0.9115523465703971,0.5703971119133574,0.37364620938628157,0.4368231046931408,0.516245487364621,0.05415162454873646,0.18411552346570398,0.4151624548736462
2026-01-23,0.2563176895306859,0.7111913357400722,0.7851985559566786,0.04693140794223827,0.021660649819494584,0.007220216606498195,0.2924187725631769,0.8862815884476535,0.5794223826714802,0.351985559566787,0.6010830324909747,0.47833935018050544,0.061371841155234655,0.2815884476534296,0.04151624548736462
2026-01-26,0.26895306859205775,0.7129963898916968,0.8014440433212996,0.03790613718411552,0.04512635379061372,0.0018050541516245488,0.8267148014440433,0.8916967509025271,0.5018050541516246,0.01444043321299639,0.7581227436823105,0.4855595667870036,0.05595667870036101,0.3212996389891697,0.644404332129964
2026-01-27,0.29422382671480146,0.7148014440433214,0.8032490974729242,0.05595667870036101,0.048736462093862815,0.0036101083032490976,0.02888086642599278,0.8989169675090253,0.6823104693140795,0.2292418772563177,0.7707581227436823,0.4693140794223827,0.0776173285198556,0.41696750902527074,0.4620938628158845
2026-01-28,0.26895306859205775,0.703971119133574,0.7057761732851986,0.039711191335740074,0.05595667870036101,0.010830324909747292,0.10469314079422383,0.9187725631768953,0.7617328519855595,0.315884476534296,0.7490974729241877,0.4963898916967509,0.07942238267148015,0.41335740072202165,0.9386281588447654
2026-01-29,0.3104693140794224,0.7184115523465704,0.7418772563176895,0.03429602888086643,0.04693140794223827,0.03790613718411552,0.24368231046931407,0.924187725631769,0.7906137184115524,0.3231046931407942,0.723826714801444,0.48736462093862815,0.08844765342960288,0.4548736462093863,0.061371841155234655
2026-01-30,0.3140794223826715,0.7292418772563177,0.6660649819494585,0.016245487364620937,0.03790613718411552,0.023465703971119134,0.5054151624548736,0.9314079422382672,0.631768953068592,0.8249097472924187,0.6985559566787004,0.45126353790613716,0.09747292418772563,0.45126353790613716,0.33393501805054154
2026-02-02,0.3267148014440433,0.7292418772563177,0.6714801444043321,0.04693140794223827,0.03429602888086643,0.02707581227436823,0.9909747292418772,0.9675090252707581,0.720216606498195,0.9404332129963899,0.7292418772563177,0.45126353790613716,0.0812274368231047,0.6245487364620939,0.1371841155234657
2026-02-03,0.3267148014440433,0.7292418772563177,0.6588447653429603,0.01444043321299639,0.018050541516245487,0.01444043321299639,0.0036101083032490976,0.9729241877256317,0.8429602888086642,0.2111913357400722,0.6371841155234657,0.43862815884476536,0.0703971119133574,0.8628158844765343,0.8465703971119134
2026-02-04,0.33393501805054154,0.7382671480144405,0.4548736462093863,0.0018050541516245488,0.007220216606498195,0.01263537906137184,0.12093862815884476,0.9747292418772563,0.8501805054151624,0.9566787003610109,0.6299638989169675,0.4223826714801444,0.07220216606498195,0.8447653429602888,0.10108303249097472
2026-02-05,0.33393501805054154,0.7166064981949458,0.3953068592057762,0.005415162454873646,0.010830324909747292,0.048736462093862815,0.9873646209386282,0.9783393501805054,0.8935018050541517,0.7328519855595668,0.7057761732851986,0.4151624548736462,0.09386281588447654,0.868231046931408,0.02527075812274368
2026-02-06,0.36823104693140796,0.7653429602888087,0.5108303249097473,0.01263537906137184,0.009025270758122744,0.05956678700361011,0.9187725631768953,0.9765342960288809,0.8953068592057761,0.4927797833935018,0.6877256317689531,0.40794223826714804,0.11371841155234658,0.8880866425992779,0.2851985559566787
2026-02-09,0.36823104693140796,0.7653429602888087,0.4747292418772563,0.0036101083032490976,0.005415162454873646,0.05595667870036101,0.009025270758122744,0.9657039711191335,0.9314079422382672,0.18592057761732853,0.6732851985559567,0.40794223826714804,0.13898916967509026,0.9187725631768953,0.6101083032490975
2026-02-10,0.36823104693140796,0.7815884476534296,0.4747292418772563,0.030685920577617327,0.019855595667870037,0.07220216606498195,0.4981949458483754,0.9530685920577617,0.9115523465703971,0.37545126353790614,0.6588447653429603,0.41335740072202165,0.11552346570397112,0.9205776173285198,0.11371841155234658
2026-02-11,0.36823104693140796,0.7815884476534296,0.4747292418772563,0.06678700361010831,0.02707581227436823,0.04332129963898917,0.24007220216606498,0.9223826714801444,0.9133574007220217,0.0703971119133574,0.6949458483754513,0.42057761732851984,0.11732851985559567,0.9223826714801444,0.148014440433213
2026-02-12,0.36823104693140796,0.7815884476534296,0.44404332129963897,0.023465703971119134,0.05415162454873646,0.10830324909747292,0.016245487364620937,0.9386281588447654,0.924187725631769,0.12274368231046931,0.6768953068592057,0.4259927797833935,0.15162454873646208,0.9350180505415162,0.3176895306859206
2026-02-13,0.36823104693140796,0.7888086642599278,0.44404332129963897,0.09205776173285199,0.0631768953068592,0.12815884476534295,0.703971119133574,0.9494584837545126,0.9151624548736462,0.7671480144404332,0.592057761732852,0.4314079422382672,0.1931407942238267,0.9404332129963899,0.19133574007220217
2026-02-16,0.36823104693140796,0.7888086642599278,0.44404332129963897,0.09205776173285199,0.0631768953068592,0.12815884476534295,0.6064981949458483,0.9494584837545126,0.8844765342960289,0.49097472924187724,0.6101083032490975,0.4314079422382672,0.18592057761732853,0.927797833935018,0.5379061371841155
2026-02-17,0.36823104693140796,0.7888086642599278,0.44404332129963897,0.09205776173285199,0.0631768953068592,0.11191335740072202,0.6064981949458483,0.9494584837545126,0.8754512635379061,0.49097472924187724,0.5306859205776173,0.43501805054151627,0.18050541516245489,0.9332129963898917,0.5379061371841155
2026-02-18,0.36823104693140796,0.7888086642599278,0.44404332129963897,0.09205776173285199,0.0631768953068592,0.06859205776173286,0.6064981949458483,0.9494584837545126,0.868231046931408,0.49097472924187724,0.48736462093862815,0.43501805054151627,0.18231046931407943,0.9259927797833934,0.5379061371841155
2026-02-19,0.36823104693140796,0.7707581227436823,0.44404332129963897,0.1407942238267148,0.04332129963898917,0.10649819494584838,0.018050541516245487,0.9548736462093863,0.8790613718411552,0.8104693140794224,0.5505415162454874,0.427797833935018,0.17509025270758122,0.9368231046931408,0.648014440433213
2026-02-20,0.3700361010830325,0.7815884476534296,0.44584837545126355,0.17870036101083034,0.06859205776173286,0.0703971119133574,0.048736462093862815,0.9584837545126353,0.8808664259927798,0.24007220216606498,0.5776173285198556,0.4404332129963899,0.19855595667870035,0.9512635379061372,0.05776173285198556
2026-02-23,0.38267148014440433,0.7978339350180506,0.44404332129963897,0.09566787003610108,0.06678700361010831,0.10649819494584838,0.3231046931407942,0.9638989169675091,0.8646209386281588,0.2328519855595668,0.6245487364620939,0.4259927797833935,0.20577617328519857,0.9458483754512635,0.8610108303249098
2026-02-24,0.38267148014440433,0.7815884476534296,0.4296028880866426,0.06859205776173286,0.06678700361010831,0.07581227436823104,0.05956678700361011,0.9693140794223827,0.8194945848375451,0.29061371841155237,0.6534296028880866,0.4187725631768953,0.2328519855595668,0.9494584837545126,0.9963898916967509
2026-02-25,0.38267148014440433,0.7581227436823105,0.4043321299638989,0.06498194945848375,0.0703971119133574,0.052346570397111915,0.07220216606498195,0.9711191335740073,0.8086642599277978,0.04151624548736462,0.7148014440433214,0.41696750902527074,0.22743682310469315,0.9476534296028881,0.5541516245487365
2026-02-26,0.4043321299638989,0.7942238267148014,0.38086642599277976,0.1444043321299639,0.09205776173285199,0.061371841155234655,0.010830324909747292,0.983754512635379,0.8158844765342961,0.8231046931407943,0.7129963898916968,0.4368231046931408,0.24007220216606498,0.944043321299639,0.9981949458483754
2026-02-27,0.4043321299638989,0.7942238267148014,0.37364620938628157,0.1552346570397112,0.10108303249097472,0.1552346570397112,0.868231046931408,0.9819494584837545,0.8285198555956679,0.8339350180505415,0.7003610108303249,0.44584837545126355,0.2851985559566787,0.9783393501805054,0.9729241877256317
2026-03-02,0.4043321299638989,0.7942238267148014,0.3574007220216607,0.1552346570397112,0.10108303249097472,0.14981949458483754,0.6064981949458483,0.9819494584837545,0.6137184115523465,0.49097472924187724,0.8321299638989169,0.44584837545126355,0.31227436823104693,0.9151624548736462,0.5379061371841155
2026-03-03,0.4043321299638989,0.7617328519855595,0.3574007220216607,0.06498194945848375,0.05054151624548736,0.21299638989169675,0.9963898916967509,0.9873646209386282,0.47653429602888087,1.0,0.8916967509025271,0.3971119133574007,0.3140794223826715,0.924187725631769,0.016245487364620937
2026-03-04,0.4043321299638989,0.7689530685920578,0.35018050541516244,0.13357400722021662,0.032490974729241874,0.12454873646209386,1.0,1.0,0.6552346570397112,0.005415162454873646,0.9043321299638989,0.3989169675090253,0.33574007220216606,0.9873646209386282,0.30324909747292417
2026-03-05,0.4043321299638989,0.7689530685920578,0.35018050541516244,0.17328519855595667,0.05415162454873646,0.16606498194945848,0.0018050541516245488,0.9981949458483754,0.7003610108303249,0.9873646209386282,0.9007220216606499,0.41155234657039713,0.2996389891696751,0.9909747292418772,0.9332129963898917
2026-03-06,0.4043321299638989,0.7545126353790613,0.016245487364620937,0.18231046931407943,0.03790613718411552,0.2563176895306859,0.5288808664259927,0.9855595667870036,0.6425992779783394,0.776173285198556,0.9747292418772563,0.40974729241877256,0.296028880866426,0.9891696750902527,0.7346570397111913
2026-03-09,0.4657039711191336,0.7527075812274369,0.35018050541516244,0.34657039711191334,0.0018050541516245488,0.24187725631768953,0.9945848375451264,0.9963898916967509,0.6119133574007221,0.0631768953068592,0.9873646209386282,0.3862815884476534,0.37364620938628157,0.9927797833935018,0.08664259927797834
2026-03-10,0.4259927797833935,0.7093862815884476,0.3935018050541516,0.3555956678700361,0.018050541516245487,0.18953068592057762,0.007220216606498195,0.9945848375451264,0.776173285198556,0.07942238267148015,0.944043321299639,0.40252707581227437,0.3285198555956679,0.9981949458483754,0.9765342960288809
2026-03-11,0.4259927797833935,0.6660649819494585,0.3935018050541516,0.2851985559566787,0.02888086642599278,0.22021660649819494,0.1444043321299639,0.9891696750902527,0.7779783393501805,0.9350180505415162,0.9223826714801444,0.4043321299638989,0.34296028880866425,1.0,0.05054151624548736
2026-03-12,0.4259927797833935,0.6534296028880866,0.3935018050541516,0.2075812274368231,0.02527075812274368,0.5505415162454874,0.7490974729241877,0.9927797833935018,0.6841155234657039,0.9548736462093863,0.927797833935018,0.4007220216606498,0.3574007220216607,0.9945848375451264,0.723826714801444
2026-03-13,0.4259927797833935,0.6534296028880866,0.3935018050541516,0.2075812274368231,0.02527075812274368,0.5505415162454874,0.9729241877256317,0.9927797833935018,0.7743682310469314,0.40613718411552346,0.9332129963898917,0.3935018050541516,0.3574007220216607,0.9963898916967509,0.33212996389891697
