,MM1,MM2,MM3,BD1,BD2,BD3,EQ1,EQ2,EQ3,FX1,FX2,FX3,FI1,FI2,FI3
2024-01-30,0.9461279461279462,0.7643097643097643,0.9242424242424242,0.8888888888888888,0.7407407407407407,0.7744107744107744,0.6464646464646465,0.15488215488215487,0.06228956228956229,0.5050505050505051,0.29292929292929293,0.13973063973063973,0.8131313131313131,0.2946127946127946,0.335016835016835
2024-01-31,0.9461279461279462,0.7474747474747475,0.9242424242424242,0.8787878787878788,0.7525252525252525,0.8265993265993266,0.6414141414141414,0.05218855218855219,0.008417508417508417,0.12626262626262627,0.2946127946127946,0.13131313131313133,0.8552188552188552,0.29124579124579125,0.06734006734006734
2024-02-01,0.9646464646464646,0.7710437710437711,0.9276094276094277,0.9393939393939394,0.7592592592592593,0.9208754208754208,0.10774410774410774,0.12289562289562289,0.021885521885521887,0.6835016835016835,0.2474747474747475,0.12794612794612795,0.9074074074074074,0.4595959595959596,0.018518518518518517
2024-02-02,0.9646464646464646,0.7895622895622896,0.9175084175084175,0.9966329966329966,0.7845117845117845,0.8215488215488216,0.037037037037037035,0.4158249158249158,0.07575757575757576,0.3400673400673401,0.25757575757575757,0.13131313131313133,0.7912457912457912,0.5505050505050505,0.06565656565656566
2024-02-05,0.9646464646464646,0.6397306397306397,0.8905723905723906,0.9696969696969697,0.67003367003367,0.8569023569023569,0.8501683501683501,0.43265993265993263,0.09090909090909091,0.10101010101010101,0.29124579124579125,0.06902356902356903,0.7255892255892256,0.7272727272727273,0.8653198653198653
2024-02-06,0.9646464646464646,0.6632996632996633,0.867003367003367,0.8451178451178452,0.7171717171717171,0.8888888888888888,0.7744107744107744,0.45286195286195285,0.11784511784511785,0.936026936026936,0.3367003367003367,0.08754208754208755,0.8148148148148148,0.7676767676767676,0.7525252525252525
2024-02-07,0.9646464646464646,0.6599326599326599,0.7845117845117845,0.8316498316498316,0.7239057239057239,0.8367003367003367,0.1919191919191919,0.4831649831649832,0.16498316498316498,0.16666666666666666,0.3653198653198653,0.09259259259259259,0.8097643097643098,0.765993265993266,0.22053872053872053
2024-02-08,0.9646464646464646,0.622895622895623,0.4595959595959596,0.8249158249158249,0.6936026936026936,0.8535353535353535,0.40235690235690236,0.4882154882154882,0.20033670033670034,0.1919191919191919,0.33164983164983164,0.08417508417508418,0.7845117845117845,0.7895622895622896,0.050505050505050504
2024-02-09,0.9646464646464646,0.622895622895623,0.41919191919191917,0.8249158249158249,0.6936026936026936,0.8047138047138047,0.6127946127946128,0.4882154882154882,0.1734006734006734,0.4831649831649832,0.33164983164983164,0.08417508417508418,0.7592592592592593,0.7828282828282829,0.5202020202020202
2024-02-12,0.9646464646464646,0.622895622895623,0.3569023569023569,0.8249158249158249,0.6936026936026936,0.8787878787878788,0.6127946127946128,0.4882154882154882,0.17003367003367004,0.4831649831649832,0.33164983164983164,0.08417508417508418,0.7592592592592593,0.7811447811447811,0.5202020202020202
2024-02-13,0.9646464646464646,0.5841750841750841,0.26262626262626265,0.8131313131313131,0.6060606060606061,0.9175084175084175,0.23905723905723905,0.494949494949495,0.17845117845117844,0.6195286195286195,0.3181818181818182,0.04713804713804714,0.6616161616161617,0.7558922558922558,0.8333333333333334
2024-02-14,0.9646464646464646,0.5117845117845118,0.13468013468013468,0.9191919191919192,0.5218855218855218,0.9023569023569024,0.877104377104377,0.5454545454545454,0.15993265993265993,0.5723905723905723,0.3148148148148148,0.006734006734006734,0.7643097643097643,0.7794612794612794,0.7441077441077442
2024-02-15,0.9696969696969697,0.5555555555555556,0.11784511784511785,0.9393939393939394,0.5572390572390572,0.9057239057239057,0.6986531986531986,0.5050505050505051,0.1632996632996633,0.9040404040404041,0.34175084175084175,0.037037037037037035,0.7693602693602694,0.7929292929292929,0.7356902356902357
2024-02-16,0.9696969696969697,0.5521885521885522,0.11784511784511785,0.9141414141414141,0.5572390572390572,0.8720538720538721,0.17845117845117844,0.22727272727272727,0.15488215488215487,0.2255892255892256,0.3047138047138047,0.03535353535353535,0.7053872053872053,0.803030303030303,0.08754208754208755
2024-02-19,0.9747474747474747,0.5824915824915825,0.17003367003367004,0.9461279461279462,0.5740740740740741,0.8720538720538721,0.21717171717171718,0.24579124579124578,0.2239057239057239,0.3956228956228956,0.13468013468013468,0.04040404040404041,0.6835016835016835,0.8047138047138047,0.14983164983164984
2024-02-20,0.9865319865319865,0.5673400673400674,0.17003367003367004,0.8787878787878788,0.5774410774410774,0.8939393939393939,0.82996632996633,0.27104377104377103,0.2255892255892256,0.5404040404040404,0.13973063973063973,0.021885521885521887,0.7508417508417509,0.8400673400673401,0.8872053872053872
2024-02-21,0.9865319865319865,0.5656565656565656,0.17003367003367004,0.9393939393939394,0.5858585858585859,0.9242424242424242,0.6734006734006734,0.2676767676767677,0.2053872053872054,0.7542087542087542,0.12121212121212122,0.03198653198653199,0.6734006734006734,0.8569023569023569,0.5471380471380471
2024-02-22,0.9865319865319865,0.6313131313131313,0.17003367003367004,0.8905723905723906,0.67003367003367,0.9343434343434344,0.4006734006734007,0.265993265993266,0.23905723905723905,0.25757575757575757,0.12626262626262627,0.07407407407407407,0.6161616161616161,0.8602693602693603,0.6531986531986532
2024-02-23,0.9865319865319865,0.5942760942760943,0.17003367003367004,0.8265993265993266,0.622895622895623,0.8417508417508418,0.49158249158249157,0.24915824915824916,0.20707070707070707,0.20202020202020202,0.15656565656565657,0.025252525252525252,0.7356902356902357,0.8720538720538721,0.06060606060606061
2024-02-26,0.9915824915824916,0.6346801346801347,0.19696969696969696,0.9696969696969697,0.7053872053872053,0.8905723905723906,0.8148148148148148,0.2895622895622896,0.18181818181818182,0.2946127946127946,0.12794612794612795,0.04377104377104377,0.6447811447811448,0.9057239057239057,0.9410774410774411
2024-02-27,1.0,0.6144781144781145,0.2777777777777778,0.9612794612794613,0.6666666666666666,0.8922558922558923,0.8249158249158249,0.3400673400673401,0.22895622895622897,0.632996632996633,0.12457912457912458,0.030303030303030304,0.6414141414141414,0.9040404040404041,0.1632996632996633
2024-02-28,1.0,0.6178451178451179,0.2777777777777778,0.8855218855218855,0.6851851851851852,0.8585858585858586,0.25252525252525254,0.3501683501683502,0.30303030303030304,0.40404040404040403,0.12289562289562289,0.020202020202020204,0.6885521885521886,0.898989898989899,0.2996632996632997
2024-02-29,1.0,0.5993265993265994,0.2239057239057239,0.8451178451178452,0.6279461279461279,0.8686868686868687,0.7255892255892256,0.367003367003367,0.2542087542087542,0.67003367003367,0.132996632996633,0.003367003367003367,0.7525252525252525,0.8265993265993266,0.18518518518518517
2024-03-01,1.0,0.5993265993265994,0.2239057239057239,0.8451178451178452,0.6279461279461279,0.8114478114478114,0.6127946127946128,0.367003367003367,0.08249158249158249,0.4831649831649832,0.132996632996633,0.003367003367003367,0.8080808080808081,0.6565656565656566,0.5202020202020202
2024-03-04,1.0,0.6346801346801347,0.2239057239057239,0.9259259259259259,0.6801346801346801,0.8754208754208754,0.21548821548821548,0.3888888888888889,0.1127946127946128,0.49158249158249157,0.09764309764309764,0.008417508417508417,0.7441077441077442,0.6582491582491582,0.09764309764309764
2024-03-05,0.9915824915824916,0.6094276094276094,0.3956228956228956,0.9747474747474747,0.6835016835016835,0.8855218855218855,0.8552188552188552,0.35185185185185186,0.14309764309764308,0.20033670033670034,0.1026936026936027,0.013468013468013467,0.803030303030303,0.5959595959595959,0.35185185185185186
2024-03-06,0.9915824915824916,0.6498316498316499,0.3956228956228956,0.9882154882154882,0.7272727272727273,0.7895622895622896,0.7121212121212122,0.10606060606060606,0.08922558922558922,0.6952861952861953,0.11447811447811448,0.025252525252525252,0.7996632996632996,0.5589225589225589,0.5437710437710438
2024-03-07,0.9865319865319865,0.6296296296296297,0.45791245791245794,0.9124579124579124,0.7205387205387206,0.7946127946127947,0.4511784511784512,0.08249158249158249,0.07407407407407407,0.6498316498316499,0.06397306397306397,0.030303030303030304,0.8249158249158249,0.4831649831649832,0.2609427609427609
2024-03-08,0.9865319865319865,0.7171717171717171,0.45791245791245794,0.9663299663299664,0.797979797979798,0.7239057239057239,0.2037037037037037,0.08922558922558922,0.16161616161616163,0.13468013468013468,0.025252525252525252,0.06060606060606061,0.7777777777777778,0.48484848484848486,0.7003367003367004
2024-03-11,0.9865319865319865,0.7861952861952862,0.45791245791245794,0.9595959595959596,0.7878787878787878,0.8148148148148148,0.8097643097643098,0.08417508417508418,0.23232323232323232,0.12289562289562289,0.03535353535353535,0.07575757575757576,0.7744107744107744,0.51010101010101,0.531986531986532
2024-03-12,0.9747474747474747,0.7356902356902357,0.5858585858585859,0.9713804713804713,0.7777777777777778,0.734006734006734,0.3047138047138047,0.08754208754208755,0.23737373737373738,0.08080808080808081,0.07407407407407407,0.06060606060606061,0.6919191919191919,0.5016835016835017,0.6784511784511784
2024-03-13,0.9747474747474747,0.7710437710437711,0.5858585858585859,0.9023569023569024,0.8047138047138047,0.632996632996633,0.39057239057239057,0.0707070707070707,0.1936026936026936,0.23737373737373738,0.07744107744107744,0.0707070707070707,0.6548821548821548,0.4882154882154882,0.07912457912457913
2024-03-14,0.9696969696969697,0.7154882154882155,0.5959595959595959,0.8922558922558923,0.7643097643097643,0.6717171717171717,0.2727272727272727,0.058922558922558925,0.2356902356902357,0.6043771043771043,0.08585858585858586,0.04713804713804714,0.5892255892255892,0.5757575757575758,0.03367003367003367
2024-03-15,0.9646464646464646,0.6464646464646465,0.6464646464646465,0.8047138047138047,0.6885521885521886,0.6481481481481481,0.9393939393939394,0.15993265993265993,0.27441077441077444,0.7575757575757576,0.030303030303030304,0.05218855218855219,0.6262626262626263,0.6094276094276094,0.6548821548821548
2024-03-18,0.9461279461279462,0.5909090909090909,0.6144781144781145,0.8535353535353535,0.5993265993265994,0.7592592592592593,0.3282828282828283,0.13636363636363635,0.23063973063973064,0.9663299663299664,0.1717171717171717,0.04882154882154882,0.6178451178451179,0.5622895622895623,0.9107744107744108
2024-03-19,0.9461279461279462,0.5538720538720538,0.5673400673400674,0.8501683501683501,0.5589225589225589,0.7037037037037037,0.8787878787878788,0.12121212121212122,0.24242424242424243,0.7845117845117845,0.18855218855218855,0.06397306397306397,0.6868686868686869,0.5353535353535354,0.6952861952861953
2024-03-20,0.9393939393939394,0.5606060606060606,0.5757575757575758,0.9023569023569024,0.5622895622895623,0.5185185185185185,0.19528619528619529,0.15824915824915825,0.2946127946127946,0.8097643097643098,0.21043771043771045,0.10101010101010101,0.702020202020202,0.5387205387205387,0.6060606060606061
2024-03-21,0.9393939393939394,0.67003367003367,0.5757575757575758,0.797979797979798,0.6430976430976431,0.4696969696969697,0.06565656565656566,0.31313131313131315,0.3383838383838384,0.4983164983164983,0.19865319865319866,0.15151515151515152,0.6565656565656566,0.6734006734006734,0.18855218855218855
2024-03-22,0.9393939393939394,0.7087542087542088,0.5757575757575758,0.9090909090909091,0.696969696969697,0.4764309764309764,0.6902356902356902,0.3181818181818182,0.3434343434343434,0.04713804713804714,0.29797979797979796,0.14646464646464646,0.6582491582491582,0.6161616161616161,0.5909090909090909
2024-03-25,0.9393939393939394,0.7407407407407407,0.4444444444444444,0.9023569023569024,0.6767676767676768,0.5084175084175084,0.7323232323232324,0.335016835016835,0.32154882154882153,0.9427609427609428,0.3468013468013468,0.1414141414141414,0.6397306397306397,0.4898989898989899,0.8097643097643098
2024-03-26,0.9393939393939394,0.7087542087542088,0.2946127946127946,0.8198653198653199,0.6481481481481481,0.46464646464646464,0.3265993265993266,0.30976430976430974,0.3265993265993266,0.7828282828282829,0.367003367003367,0.12289562289562289,0.6784511784511784,0.5,0.7710437710437711
2024-03-27,0.930976430976431,0.6902356902356902,0.3333333333333333,0.8619528619528619,0.6616161616161617,0.4006734006734007,0.6447811447811448,0.2727272727272727,0.26936026936026936,0.2828282828282828,0.3720538720538721,0.12794612794612795,0.6902356902356902,0.6296296296296297,0.9629629629629629
2024-03-28,0.930976430976431,0.6835016835016835,0.3333333333333333,0.8821548821548821,0.6464646464646465,0.40404040404040403,0.7205387205387206,0.26430976430976433,0.2760942760942761,0.8804713804713805,0.41919191919191917,0.11952861952861953,0.6952861952861953,0.6363636363636364,0.1531986531986532
2024-03-29,0.930976430976431,0.6144781144781145,0.3333333333333333,0.8400673400673401,0.6077441077441077,0.40404040404040403,0.531986531986532,0.2558922558922559,0.2777777777777778,0.5521885521885522,0.41414141414141414,0.11447811447811448,0.7407407407407407,0.696969696969697,0.8838383838383839
2024-04-01,0.9259259259259259,0.6548821548821548,0.3552188552188552,0.8468013468013468,0.632996632996633,0.5555555555555556,0.5218855218855218,0.20875420875420875,0.1717171717171717,0.5303030303030303,0.41245791245791247,0.15488215488215487,0.5808080808080808,0.5555555555555556,0.803030303030303
2024-04-02,0.9259259259259259,0.6111111111111112,0.3383838383838384,0.8367003367003367,0.5791245791245792,0.6144781144781145,0.46464646464646464,0.17676767676767677,0.10437710437710437,0.3872053872053872,0.38552188552188554,0.14309764309764308,0.5909090909090909,0.5538720538720538,0.7070707070707071
2024-04-03,0.9225589225589226,0.5858585858585859,0.563973063973064,0.7912457912457912,0.5488215488215489,0.6498316498316499,0.9259259259259259,0.28114478114478114,0.17676767676767677,0.8265993265993266,0.4107744107744108,0.14646464646464646,0.6111111111111112,0.569023569023569,0.40404040404040403
2024-04-04,0.9208754208754208,0.5740740740740741,0.563973063973064,0.7744107744107744,0.5437710437710438,0.6094276094276094,0.1936026936026936,0.3282828282828283,0.2558922558922559,0.21548821548821548,0.4276094276094276,0.15993265993265993,0.664983164983165,0.622895622895623,0.3164983164983165
2024-04-05,0.9107744107744108,0.5723905723905723,0.531986531986532,0.8013468013468014,0.5404040404040404,0.5606060606060606,0.8653198653198653,0.3333333333333333,0.21548821548821548,0.2777777777777778,0.3872053872053872,0.16498316498316498,0.5757575757575758,0.6127946127946128,0.3063973063973064
2024-04-08,0.8569023569023569,0.49663299663299665,0.4898989898989899,0.797979797979798,0.5084175084175084,0.6885521885521886,0.494949494949495,0.2996632996632997,0.15151515151515152,0.7962962962962963,0.3400673400673401,0.15824915824915825,0.5959595959595959,0.6212121212121212,0.3047138047138047
2024-04-09,0.8367003367003367,0.4612794612794613,0.4898989898989899,0.7861952861952862,0.5,0.6734006734006734,0.7424242424242424,0.29797979797979796,0.10606060606060606,0.6111111111111112,0.2760942760942761,0.15151515151515152,0.6599326599326599,0.6414141414141414,0.6919191919191919
2024-04-10,0.8367003367003367,0.4612794612794613,0.48653198653198654,0.7861952861952862,0.5,0.877104377104377,0.6127946127946128,0.29797979797979796,0.08585858585858586,0.4831649831649832,0.2760942760942761,0.15151515151515152,0.4983164983164983,0.5286195286195287,0.5202020202020202
2024-04-11,0.8367003367003367,0.3367003367003367,0.531986531986532,0.7744107744107744,0.4478114478114478,0.8636363636363636,0.5134680134680135,0.29292929292929293,0.05555555555555555,0.5387205387205387,0.25925925925925924,0.1026936026936027,0.5555555555555556,0.43265993265993263,0.8249158249158249
2024-04-12,0.8367003367003367,0.4444444444444444,0.563973063973064,0.734006734006734,0.48484848484848486,0.9158249158249159,0.8535353535353535,0.28619528619528617,0.04208754208754209,0.9259259259259259,0.28619528619528617,0.13973063973063973,0.5673400673400674,0.45791245791245794,0.9242424242424242
2024-04-15,0.8282828282828283,0.37542087542087543,0.563973063973064,0.7693602693602694,0.45791245791245794,0.9562289562289562,0.7373737373737373,0.17003367003367004,0.026936026936026935,0.8905723905723906,0.30303030303030304,0.12457912457912458,0.4781144781144781,0.45454545454545453,0.34175084175084175
2024-04-16,0.8232323232323232,0.32154882154882153,0.531986531986532,0.6902356902356902,0.41414141414141414,0.9545454545454546,0.9494949494949495,0.3148148148148148,0.050505050505050504,0.968013468013468,0.3063973063973064,0.1111111111111111,0.49326599326599324,0.46464646464646464,0.5808080808080808
2024-04-17,0.8232323232323232,0.3063973063973064,0.563973063973064,0.6734006734006734,0.4006734006734007,0.9191919191919192,0.8585858585858586,0.30808080808080807,0.0707070707070707,0.9528619528619529,0.3383838383838384,0.12289562289562289,0.5740740740740741,0.4562289562289562,0.4478114478114478
2024-04-18,0.8232323232323232,0.398989898989899,0.563973063973064,0.734006734006734,0.4595959595959596,0.8552188552188552,0.09090909090909091,0.41245791245791247,0.09427609427609428,0.08417508417508418,0.4696969696969697,0.15488215488215487,0.4713804713804714,0.32154882154882153,0.6279461279461279
2024-04-19,0.8232323232323232,0.3265993265993266,0.563973063973064,0.7760942760942761,0.4158249158249158,0.8956228956228957,0.9225589225589226,0.2255892255892256,0.14646464646464646,0.058922558922558925,0.622895622895623,0.11447811447811448,0.5084175084175084,0.31986531986531985,0.25084175084175087
2024-04-22,0.8232323232323232,0.265993265993266,0.563973063973064,0.7154882154882155,0.32491582491582494,0.8518518518518519,0.16161616161616163,0.33164983164983164,0.24579124579124578,0.9175084175084175,0.4393939393939394,0.06902356902356903,0.5589225589225589,0.7693602693602694,0.0016835016835016834
2024-04-23,0.8232323232323232,0.30976430976430974,0.563973063973064,0.7222222222222222,0.37542087542087543,0.8232323232323232,0.696969696969697,0.3265993265993266,0.21043771043771045,0.19528619528619529,0.42592592592592593,0.07744107744107744,0.5454545454545454,0.7727272727272727,0.2138047138047138
2024-04-24,0.8282828282828283,0.3148148148148148,0.6346801346801347,0.7222222222222222,0.3569023569023569,0.8838383838383839,0.08754208754208755,0.49663299663299665,0.3787878787878788,0.2676767676767677,0.4494949494949495,0.05218855218855219,0.5218855218855218,0.7171717171717171,0.9663299663299664
2024-04-25,0.8282828282828283,0.2895622895622896,0.6346801346801347,0.6599326599326599,0.30976430976430974,0.8501683501683501,0.9326599326599326,0.5606060606060606,0.5168350168350169,0.09259259259259259,0.5387205387205387,0.030303030303030304,0.5353535353535354,0.7104377104377104,0.06228956228956229
2024-04-26,0.8367003367003367,0.30976430976430974,0.6851851851851852,0.6616161616161617,0.3265993265993266,0.7777777777777778,0.25084175084175087,0.5942760942760943,0.5841750841750841,0.8535353535353535,0.5218855218855218,0.03367003367003367,0.5521885521885522,0.8131313131313131,0.025252525252525252
2024-04-29,0.8569023569023569,0.2996632996632997,0.7407407407407407,0.6784511784511784,0.3164983164983165,0.7929292929292929,0.22053872053872053,0.601010101010101,0.6531986531986532,0.3686868686868687,0.5269360269360269,0.005050505050505051,0.6043771043771043,0.8316498316498316,0.9781144781144782
2024-04-30,0.8569023569023569,0.32491582491582494,0.7407407407407407,0.7542087542087542,0.3569023569023569,0.82996632996633,0.47474747474747475,0.6077441077441077,0.6565656565656566,0.6734006734006734,0.5303030303030303,0.013468013468013467,0.51010101010101,0.82996632996633,0.6902356902356902
2024-05-01,0.8569023569023569,0.32491582491582494,0.6178451178451179,0.7542087542087542,0.3569023569023569,0.7154882154882155,0.6127946127946128,0.6077441077441077,0.5808080808080808,0.4831649831649832,0.5303030303030303,0.013468013468013467,0.5572390572390572,0.8215488215488216,0.5202020202020202
2024-05-02,0.8569023569023569,0.3434343434343434,0.5875420875420876,0.7457912457912458,0.39225589225589225,0.7171717171717171,0.7138047138047138,0.6026936026936027,0.5235690235690236,0.37037037037037035,0.5370370370370371,0.018518518518518517,0.5858585858585859,0.8501683501683501,0.9427609427609428
2024-05-03,0.8569023569023569,0.335016835016835,0.5387205387205387,0.7828282828282829,0.4107744107744108,0.6060606060606061,0.7003367003367004,0.5808080808080808,0.5016835016835017,0.5202020202020202,0.5016835016835017,0.016835016835016835,0.632996632996633,0.8636363636363636,0.1936026936026936
2024-05-06,0.8569023569023569,0.335016835016835,0.43434343434343436,0.7828282828282829,0.4107744107744108,0.5656565656565656,0.6127946127946128,0.5808080808080808,0.4882154882154882,0.4831649831649832,0.5016835016835017,0.016835016835016835,0.6464646464646465,0.8535353535353535,0.5202020202020202
2024-05-07,0.8569023569023569,0.41245791245791247,0.3653198653198653,0.8518518518518519,0.46296296296296297,0.6616161616161617,0.07744107744107744,0.6178451178451179,0.5858585858585859,0.04208754208754209,0.6498316498316499,0.04208754208754209,0.5925925925925926,0.8585858585858586,0.7676767676767676
2024-05-08,0.8569023569023569,0.41245791245791247,0.3653198653198653,0.8400673400673401,0.4730639730639731,0.5909090909090909,0.4090909090909091,0.5993265993265994,0.6144781144781145,0.10437710437710437,0.6784511784511784,0.06228956228956229,0.5791245791245792,0.877104377104377,0.10942760942760943
2024-05-09,0.8569023569023569,0.39057239057239057,0.3653198653198653,0.803030303030303,0.4612794612794613,0.5420875420875421,0.8855218855218855,0.6245791245791246,0.6868686868686869,0.8569023569023569,0.6902356902356902,0.04040404040404041,0.6313131313131313,0.8787878787878788,0.5959595959595959
2024-05-10,0.8569023569023569,0.4208754208754209,0.3653198653198653,0.8181818181818182,0.4696969696969697,0.5572390572390572,0.3552188552188552,0.6262626262626263,0.6683501683501684,0.7070707070707071,0.696969696969697,0.06902356902356903,0.5673400673400674,0.8552188552188552,0.0723905723905724
2024-05-13,0.9107744107744108,0.4158249158249158,0.30134680134680136,0.8097643097643098,0.468013468013468,0.7912457912457912,0.6178451178451179,0.6279461279461279,0.6464646464646465,0.4831649831649832,0.7003367003367004,0.05387205387205387,0.6026936026936027,0.8653198653198653,0.16835016835016836
2024-05-14,0.9107744107744108,0.4276094276094276,0.18013468013468015,0.8367003367003367,0.4663299663299663,0.8131313131313131,0.5033670033670034,0.6111111111111112,0.5303030303030303,0.6363636363636364,0.6531986531986532,0.06060606060606061,0.6195286195286195,0.8181818181818182,0.7777777777777778
2024-05-15,0.9107744107744108,0.4276094276094276,0.18013468013468015,0.8367003367003367,0.4663299663299663,0.5404040404040404,0.6127946127946128,0.6111111111111112,0.4612794612794613,0.4831649831649832,0.6531986531986532,0.06060606060606061,0.7070707070707071,0.8114478114478114,0.5202020202020202
2024-05-16,0.9107744107744108,0.5084175084175084,0.18013468013468015,0.8855218855218855,0.5134680134680135,0.5016835016835017,0.30134680134680136,0.6127946127946128,0.39057239057239057,0.335016835016835,0.6245791245791246,0.1111111111111111,0.6060606060606061,0.8164983164983165,0.1414141414141414
2024-05-17,0.9107744107744108,0.5067340067340067,0.18013468013468015,0.9242424242424242,0.5117845117845118,0.43434343434343436,0.8720538720538721,0.5353535353535354,0.38215488215488214,0.016835016835016835,0.7441077441077442,0.10606060606060606,0.5622895622895623,0.8249158249158249,0.5723905723905723
2024-05-20,0.9107744107744108,0.47474747474747475,0.18013468013468015,0.8703703703703703,0.494949494949495,0.4208754208754209,0.3451178451178451,0.4983164983164983,0.31313131313131315,0.8215488215488216,0.6582491582491582,0.09259259259259259,0.5841750841750841,0.49663299663299665,0.26262626262626265
2024-05-21,0.9107744107744108,0.48653198653198654,0.18013468013468015,0.9023569023569024,0.5,0.38047138047138046,0.7912457912457912,0.4107744107744108,0.33164983164983164,0.5505050505050505,0.6380471380471381,0.09764309764309764,0.6077441077441077,0.5084175084175084,0.38552188552188554
2024-05-22,0.9107744107744108,0.4713804713804714,0.09764309764309764,0.9528619528619529,0.5016835016835017,0.33164983164983164,0.6245791245791246,0.27441077441077444,0.1414141414141414,0.898989898989899,0.6414141414141414,0.09427609427609428,0.5774410774410774,0.5673400673400674,0.9494949494949495
2024-05-23,0.9107744107744108,0.49326599326599324,0.09764309764309764,0.9511784511784511,0.5033670033670034,0.39730639730639733,0.632996632996633,0.2239057239057239,0.03367003367003367,0.32323232323232326,0.5673400673400674,0.10437710437710437,0.5269360269360269,0.5976430976430976,0.7457912457912458
2024-05-24,0.9107744107744108,0.4562289562289562,0.04377104377104377,0.8316498316498316,0.48484848484848486,0.3468013468013468,0.8939393939393939,0.29124579124579125,0.03872053872053872,0.5858585858585859,0.563973063973064,0.08754208754208755,0.5824915824915825,0.4696969696969697,0.4074074074074074
2024-05-27,0.9107744107744108,0.4696969696969697,0.008417508417508417,0.8619528619528619,0.4898989898989899,0.3468013468013468,0.18855218855218855,0.20707070707070707,0.037037037037037035,0.8047138047138047,0.5925925925925926,0.09764309764309764,0.569023569023569,0.43602693602693604,0.7946127946127947
2024-05-28,0.9107744107744108,0.5016835016835017,0.008417508417508417,0.8569023569023569,0.5067340067340067,0.44612794612794615,0.6161616161616161,0.10437710437710437,0.02861952861952862,0.18181818181818182,0.5555555555555556,0.10774410774410774,0.48653198653198654,0.4292929292929293,0.5572390572390572
2024-05-29,0.9107744107744108,0.48148148148148145,0.008417508417508417,0.7895622895622896,0.4797979797979798,0.5303030303030303,0.9242424242424242,0.1717171717171717,0.08417508417508418,0.13973063973063973,0.5235690235690236,0.09259259259259259,0.47474747474747475,0.43097643097643096,0.12457912457912458
2024-05-30,0.9107744107744108,0.4478114478114478,0.008417508417508417,0.7626262626262627,0.4764309764309764,0.4781144781144781,0.9191919191919192,0.19023569023569023,0.2037037037037037,0.7996632996632996,0.5707070707070707,0.0723905723905724,0.5437710437710438,0.32996632996632996,0.17003367003367004
2024-05-31,0.9208754208754208,0.4612794612794613,0.04377104377104377,0.7575757575757576,0.47474747474747475,0.4797979797979798,0.5269360269360269,0.18855218855218855,0.1750841750841751,0.9612794612794613,0.6565656565656566,0.08417508417508418,0.5959595959595959,0.3333333333333333,0.2356902356902357
2024-06-03,0.9208754208754208,0.49158249158249157,0.04377104377104377,0.8181818181818182,0.48148148148148145,0.5471380471380471,0.12121212121212122,0.3063973063973064,0.25925925925925924,0.7946127946127947,0.6666666666666666,0.09932659932659933,0.6447811447811448,0.3367003367003367,0.7912457912457912
2024-06-04,0.9208754208754208,0.5235690235690236,0.04377104377104377,0.9023569023569024,0.51010101010101,0.7070707070707071,0.8063973063973064,0.32491582491582494,0.1447811447811448,0.21212121212121213,0.6734006734006734,0.11784511784511785,0.6531986531986532,0.3888888888888889,0.8703703703703703
2024-06-05,0.9208754208754208,0.5606060606060606,0.04377104377104377,0.8703703703703703,0.5303030303030303,0.7491582491582491,0.2558922558922559,0.18686868686868688,0.1531986531986532,0.18518518518518517,0.5892255892255892,0.13973063973063973,0.6531986531986532,0.3400673400673401,0.797979797979798
2024-06-06,0.9208754208754208,0.5606060606060606,0.04377104377104377,0.8703703703703703,0.5303030303030303,0.7289562289562289,0.6127946127946128,0.18686868686868688,0.0723905723905724,0.4831649831649832,0.5892255892255892,0.13973063973063973,0.6683501683501684,0.3164983164983165,0.5202020202020202
2024-06-07,0.9107744107744108,0.5925925925925926,0.13636363636363635,0.9191919191919192,0.5656565656565656,0.4983164983164983,0.2053872053872054,0.25252525252525254,0.07912457912457913,0.29797979797979796,0.5084175084175084,0.16161616161616163,0.5016835016835017,0.2558922558922559,0.4107744107744108
2024-06-10,0.9107744107744108,0.5185185185185185,0.08417508417508418,0.9057239057239057,0.5168350168350169,0.5538720538720538,0.8164983164983165,0.21885521885521886,0.12457912457912458,0.1835016835016835,0.49326599326599324,0.11784511784511785,0.5084175084175084,0.2239057239057239,0.44612794612794615
2024-06-11,0.9107744107744108,0.5252525252525253,0.08417508417508418,0.8821548821548821,0.5252525252525253,0.6363636363636364,0.4797979797979798,0.20202020202020202,0.132996632996633,0.9511784511784511,0.6127946127946128,0.132996632996633,0.563973063973064,0.2037037037037037,0.6835016835016835
2024-06-12,0.9107744107744108,0.5505050505050505,0.08417508417508418,0.9242424242424242,0.5673400673400674,0.49326599326599324,0.2946127946127946,0.23737373737373738,0.18855218855218855,0.3771043771043771,0.6144781144781145,0.15824915824915825,0.601010101010101,0.24579124579124578,0.4225589225589226
2024-06-13,0.9107744107744108,0.5875420875420876,0.08417508417508418,0.9562289562289562,0.601010101010101,0.5033670033670034,0.26262626262626265,0.26936026936026936,0.18013468013468015,0.5151515151515151,0.6094276094276094,0.1632996632996633,0.6296296296296297,0.12962962962962962,0.8686868686868687
2024-06-14,0.9107744107744108,0.601010101010101,0.08417508417508418,0.9932659932659933,0.6296296296296297,0.7104377104377104,0.49326599326599324,0.2441077441077441,0.11616161616161616,0.11952861952861953,0.6430976430976431,0.16666666666666666,0.6279461279461279,0.10942760942760943,0.6144781144781145
2024-06-17,0.9107744107744108,0.6835016835016835,0.08417508417508418,0.9444444444444444,0.7138047138047138,0.6801346801346801,0.7575757575757576,0.21043771043771045,0.10942760942760943,0.8585858585858586,0.2962962962962963,0.1750841750841751,0.5286195286195287,0.0723905723905724,0.6767676767676768
2024-06-18,0.9107744107744108,0.6986531986531986,0.08417508417508418,0.9629629629629629,0.7121212121212122,0.6599326599326599,0.32323232323232326,0.21717171717171718,0.1111111111111111,0.6632996632996633,0.2828282828282828,0.16835016835016836,0.5875420875420876,0.07407407407407407,0.7138047138047138
2024-06-19,0.9107744107744108,0.7626262626262627,0.08417508417508418,0.9545454545454546,0.7962962962962963,0.6599326599326599,0.2138047138047138,0.24074074074074073,0.18518518518518517,0.4898989898989899,0.2845117845117845,0.1835016835016835,0.5404040404040404,0.04040404040404041,0.5521885521885522
2024-06-20,0.9107744107744108,0.7205387205387206,0.08417508417508418,0.930976430976431,0.7441077441077442,0.5505050505050505,0.4175084175084175,0.24242424242424243,0.19865319865319866,0.5033670033670034,0.2558922558922559,0.1717171717171717,0.5471380471380471,0.09427609427609428,0.08080808080808081
2024-06-21,0.9107744107744108,0.7508417508417509,0.08417508417508418,0.9074074074074074,0.7727272727272727,0.5488215488215489,0.8265993265993266,0.2760942760942761,0.15824915824915825,0.6818181818181818,0.2542087542087542,0.18518518518518517,0.531986531986532,0.07912457912457913,0.36363636363636365
2024-06-24,0.9107744107744108,0.734006734006734,0.08417508417508418,0.9511784511784511,0.7474747474747475,0.5824915824915825,0.797979797979798,0.23232323232323232,0.10774410774410774,0.797979797979798,0.2676767676767677,0.17676767676767677,0.5420875420875421,0.07744107744107744,0.2727272727272727
2024-06-25,0.9107744107744108,0.7323232323232324,0.08417508417508418,0.9511784511784511,0.7356902356902357,0.6296296296296297,0.4208754208754209,0.18181818181818182,0.13468013468013468,0.5286195286195287,0.25084175084175087,0.17845117845117844,0.5707070707070707,0.08080808080808081,0.5303030303030303
2024-06-26,0.9107744107744108,0.7188552188552189,0.08417508417508418,0.9663299663299664,0.7087542087542088,0.6531986531986532,0.3468013468013468,0.1835016835016835,0.06060606060606061,0.2474747474747475,0.23905723905723905,0.1750841750841751,0.5050505050505051,0.08417508417508418,0.7845117845117845
2024-06-27,0.9107744107744108,0.6885521885521886,0.08417508417508418,0.9057239057239057,0.7037037037037037,0.5993265993265994,0.7104377104377104,0.09595959595959595,0.020202020202020204,0.7205387205387206,0.20707070707070707,0.17003367003367004,0.5387205387205387,0.08585858585858586,0.2676767676767677
2024-06-28,0.9107744107744108,0.7626262626262627,0.011784511784511785,0.8787878787878788,0.765993265993266,0.664983164983165,0.3771043771043771,0.04713804713804714,0.025252525252525252,0.3468013468013468,0.20033670033670034,0.18181818181818182,0.45791245791245794,0.11616161616161616,0.16666666666666666
2024-07-01,0.9107744107744108,0.7289562289562289,0.011784511784511785,0.8097643097643098,0.7222222222222222,0.8063973063973064,0.45286195286195285,0.045454545454545456,0.011784511784511785,0.12121212121212122,0.13636363636363635,0.18013468013468015,0.4175084175084175,0.12289562289562289,0.7542087542087542
2024-07-02,0.8569023569023569,0.8047138047138047,0.04377104377104377,0.7710437710437711,0.7710437710437711,0.8316498316498316,0.8282828282828283,0.03872053872053872,0.016835016835016835,0.30134680134680136,0.11784511784511785,0.19023569023569023,0.43265993265993263,0.09090909090909091,0.02861952861952862
2024-07-03,0.8232323232323232,0.7744107744107744,0.6683501683501684,0.7828282828282829,0.7373737373737373,0.7575757575757576,0.38047138047138046,0.021885521885521887,0.018518518518518517,0.8518518518518519,0.14309764309764308,0.1919191919191919,0.46296296296296297,0.1127946127946128,0.1717171717171717
2024-07-04,0.8114478114478114,0.7912457912457912,0.8164983164983165,0.7946127946127947,0.7390572390572391,0.7575757575757576,0.24242424242424243,0.025252525252525252,0.04713804713804714,0.622895622895623,0.11616161616161616,0.19865319865319866,0.4393939393939394,0.13804713804713806,0.3181818181818182
2024-07-05,0.8097643097643098,0.7457912457912458,0.8518518518518519,0.7878787878787878,0.7272727272727273,0.6750841750841751,0.18686868686868688,0.02861952861952862,0.08080808080808081,0.10606060606060606,0.1835016835016835,0.234006734006734,0.49158249158249157,0.13973063973063973,0.367003367003367
2024-07-08,0.7996632996632996,0.7306397306397306,0.8552188552188552,0.8282828282828283,0.7070707070707071,0.6565656565656566,0.67003367003367,0.015151515151515152,0.05723905723905724,0.26262626262626265,0.16835016835016836,0.25084175084175087,0.4797979797979798,0.2441077441077441,0.898989898989899
2024-07-09,0.7861952861952862,0.7003367003367004,0.8653198653198653,0.9191919191919192,0.6666666666666666,0.5976430976430976,0.42424242424242425,0.013468013468013467,0.06734006734006734,0.5134680134680135,0.05723905723905724,0.2609427609427609,0.44612794612794615,0.265993265993266,0.8552188552188552
2024-07-10,0.7777777777777778,0.6683501683501684,0.8636363636363636,0.9124579124579124,0.6380471380471381,0.5218855218855218,0.5370370370370371,0.011784511784511785,0.04377104377104377,0.7373737373737373,0.06734006734006734,0.26262626262626265,0.468013468013468,0.26430976430976433,0.5824915824915825
2024-07-11,0.7777777777777778,0.5959595959595959,0.8636363636363636,0.9427609427609428,0.5808080808080808,0.44612794612794615,0.30808080808080807,0.006734006734006734,0.045454545454545456,0.6346801346801347,0.06902356902356903,0.23737373737373738,0.5606060606060606,0.28114478114478114,0.22727272727272727
2024-07-12,0.7777777777777778,0.6734006734006734,0.8636363636363636,0.9208754208754208,0.6734006734006734,0.4107744107744108,0.8838383838383839,0.03367003367003367,0.09932659932659933,0.15488215488215487,0.05555555555555555,0.25757575757575757,0.5235690235690236,0.27441077441077444,0.132996632996633
2024-07-15,0.7861952861952862,0.7373737373737373,0.8888888888888888,0.8114478114478114,0.7457912457912458,0.5656565656565656,0.4882154882154882,0.030303030303030304,0.08754208754208755,0.22727272727272727,0.03198653198653199,0.24579124579124578,0.49158249158249157,0.2777777777777778,0.8181818181818182
2024-07-16,0.7777777777777778,0.7878787878787878,0.8872053872053872,0.8097643097643098,0.7861952861952862,0.5437710437710438,0.4713804713804714,0.02356902356902357,0.06397306397306397,0.8080808080808081,0.050505050505050504,0.2558922558922559,0.5117845117845118,0.27946127946127947,0.6363636363636364
2024-07-17,0.7777777777777778,0.7861952861952862,0.8872053872053872,0.8501683501683501,0.7693602693602694,0.4730639730639731,0.8181818181818182,0.018518518518518517,0.05387205387205387,0.7441077441077442,0.06565656565656566,0.25084175084175087,0.5151515151515151,0.2727272727272727,0.14646464646464646
2024-07-18,0.7777777777777778,0.7525252525252525,0.8872053872053872,0.9023569023569024,0.7575757575757576,0.5050505050505051,0.7929292929292929,0.026936026936026935,0.06902356902356903,0.19023569023569023,0.08080808080808081,0.24579124579124578,0.48148148148148145,0.17676767676767677,0.29797979797979796
2024-07-19,0.7777777777777778,0.7121212121212122,0.8872053872053872,0.8888888888888888,0.7306397306397306,0.5589225589225589,0.867003367003367,0.03198653198653199,0.09259259259259259,0.2996632996632997,0.0723905723905724,0.22053872053872053,0.4595959595959596,0.1734006734006734,0.20033670033670034
2024-07-22,0.7777777777777778,0.7390572390572391,0.8872053872053872,0.9276094276094277,0.7356902356902357,0.5622895622895623,0.8804713804713805,0.04208754208754209,0.13804713804713806,0.8552188552188552,0.09090909090909091,0.21717171717171718,0.44276094276094274,0.17003367003367004,0.11784511784511785
2024-07-23,0.7777777777777778,0.7222222222222222,0.8872053872053872,0.8569023569023569,0.7121212121212122,0.5774410774410774,0.4107744107744108,0.04377104377104377,0.14814814814814814,0.6245791245791246,0.09427609427609428,0.21212121212121213,0.4696969696969697,0.1717171717171717,0.5505050505050505
2024-07-24,0.7777777777777778,0.7491582491582491,0.8872053872053872,0.8703703703703703,0.7744107744107744,0.5740740740740741,0.7710437710437711,0.04040404040404041,0.14983164983164984,0.2356902356902357,0.09595959595959595,0.21885521885521886,0.42592592592592593,0.2255892255892256,0.7306397306397306
2024-07-25,0.7542087542087542,0.7626262626262627,0.8737373737373737,0.7996632996632996,0.7912457912457912,0.6835016835016835,0.930976430976431,0.06734006734006734,0.265993265993266,0.4831649831649832,0.08417508417508418,0.22895622895622897,0.4292929292929293,0.2542087542087542,0.2558922558922559
2024-07-26,0.7542087542087542,0.7710437710437711,0.8737373737373737,0.8787878787878788,0.7912457912457912,0.6447811447811448,0.3114478114478115,0.07744107744107744,0.2895622895622896,0.5016835016835017,0.08249158249158249,0.23063973063973064,0.4612794612794613,0.3468013468013468,0.04208754208754209
2024-07-29,0.7542087542087542,0.835016835016835,0.8737373737373737,0.9579124579124579,0.8569023569023569,0.6683501683501684,0.20875420875420875,0.12457912457912458,0.34175084175084175,0.4831649831649832,0.04377104377104377,0.265993265993266,0.44107744107744107,0.3872053872053872,0.13973063973063973
2024-07-30,0.7542087542087542,0.8063973063973064,0.8872053872053872,0.9797979797979798,0.8198653198653199,0.7138047138047138,0.8619528619528619,0.13804713804713806,0.36195286195286197,0.2441077441077441,0.05218855218855219,0.25925925925925924,0.45286195286195285,0.38215488215488214,0.6111111111111112
2024-07-31,0.7542087542087542,0.7946127946127947,0.8198653198653199,0.9730639730639731,0.8148148148148148,0.6902356902356902,0.21885521885521886,0.16666666666666666,0.38552188552188554,0.6531986531986532,0.02861952861952862,0.2542087542087542,0.5134680134680135,0.3686868686868687,0.6430976430976431
2024-08-01,0.7542087542087542,0.8316498316498316,0.702020202020202,1.0,0.8585858585858586,0.7390572390572391,0.44276094276094274,0.13973063973063973,0.32323232323232326,0.18855218855218855,0.03367003367003367,0.26430976430976433,0.5505050505050505,0.3434343434343434,0.5757575757575758
2024-08-02,0.7542087542087542,0.8535353535353535,0.5791245791245792,0.9983164983164983,0.8872053872053872,0.9074074074074074,0.9764309764309764,0.48148148148148145,0.41919191919191917,0.03535353535353535,0.16498316498316498,0.27946127946127947,0.6936026936026936,0.47474747474747475,0.7121212121212122
2024-08-05,0.7390572390572391,0.936026936026936,0.5808080808080808,0.9393939393939394,0.9427609427609428,0.9579124579124579,0.9983164983164983,0.8131313131313131,0.7306397306397306,0.8703703703703703,0.20202020202020202,0.31986531986531985,0.6212121212121212,0.8973063973063973,0.32996632996632996
2024-08-06,0.7306397306397306,0.8148148148148148,0.40235690235690236,0.9797979797979798,0.8703703703703703,0.9511784511784511,0.02861952861952862,0.8451178451178452,0.803030303030303,0.04882154882154882,0.2895622895622896,0.27104377104377103,0.6144781144781145,0.9141414141414141,0.765993265993266
2024-08-07,0.7222222222222222,0.8282828282828283,0.40235690235690236,0.9393939393939394,0.867003367003367,0.9141414141414141,0.10437710437710437,0.8501683501683501,0.8451178451178452,0.9579124579124579,0.38215488215488214,0.28114478114478114,0.5723905723905723,0.9326599326599326,0.14309764309764308
2024-08-08,0.7222222222222222,0.8484848484848485,0.40235690235690236,0.8585858585858586,0.8838383838383839,0.8872053872053872,0.7407407407407407,0.8484848484848485,0.82996632996633,0.7525252525252525,0.40404040404040403,0.2878787878787879,0.5353535353535354,0.9242424242424242,0.15993265993265993
2024-08-09,0.7306397306397306,0.8417508417508418,0.4663299663299663,0.9427609427609428,0.8653198653198653,0.8383838383838383,0.20202020202020202,0.8518518518518519,0.8282828282828283,0.5740740740740741,0.37542087542087543,0.27104377104377103,0.5993265993265994,0.9225589225589226,0.7693602693602694
2024-08-12,0.7306397306397306,0.8417508417508418,0.40235690235690236,0.9915824915824916,0.8619528619528619,0.9410774410774411,0.22727272727272727,0.8602693602693603,0.8939393939393939,0.08922558922558922,0.4292929292929293,0.27104377104377103,0.6245791245791246,0.9208754208754208,0.7188552188552189
2024-08-13,0.7306397306397306,0.8501683501683501,0.30134680134680136,0.9865319865319865,0.8922558922558923,0.9444444444444444,0.5,0.8585858585858586,0.8973063973063973,0.2962962962962963,0.39730639730639733,0.2727272727272727,0.6481481481481481,0.9276094276094277,0.13636363636363635
2024-08-14,0.7390572390572391,0.8821548821548821,0.4276094276094276,0.9848484848484849,0.9242424242424242,0.8080808080808081,0.28619528619528617,0.8653198653198653,0.9074074074074074,0.6565656565656566,0.3787878787878788,0.2878787878787879,0.6346801346801347,0.930976430976431,0.8585858585858586
2024-08-15,0.7390572390572391,0.8821548821548821,0.4276094276094276,0.9848484848484849,0.9242424242424242,0.765993265993266,0.6127946127946128,0.8653198653198653,0.898989898989899,0.4831649831649832,0.3787878787878788,0.2878787878787879,0.5538720538720538,0.9292929292929293,0.5202020202020202
2024-08-16,0.7390572390572391,0.8451178451178452,0.4276094276094276,0.9949494949494949,0.8922558922558923,0.7542087542087542,0.08922558922558922,0.8821548821548821,0.9208754208754208,0.08249158249158249,0.43434343434343436,0.25252525252525254,0.6094276094276094,0.9343434343434344,0.7962962962962963
2024-08-19,0.7542087542087542,0.8602693602693603,0.5387205387205387,0.9797979797979798,0.9040404040404041,0.8821548821548821,0.8333333333333334,0.8787878787878788,0.9158249158249159,0.32154882154882153,0.43265993265993263,0.25084175084175087,0.6498316498316499,0.936026936026936,0.02356902356902357
2024-08-20,0.7777777777777778,0.8569023569023569,0.6026936026936027,0.98989898989899,0.8939393939393939,0.898989898989899,0.29797979797979796,0.8754208754208754,0.9225589225589226,0.010101010101010102,0.7306397306397306,0.2356902356902357,0.7003367003367004,0.9444444444444444,0.0707070707070707
2024-08-21,0.7777777777777778,0.8619528619528619,0.6026936026936027,0.9848484848484849,0.898989898989899,0.8973063973063973,0.4781144781144781,0.8720538720538721,0.9141414141414141,0.13804713804713806,0.7171717171717171,0.23905723905723905,0.734006734006734,0.9427609427609428,0.6447811447811448
2024-08-22,0.7777777777777778,0.877104377104377,0.5387205387205387,0.930976430976431,0.9259259259259259,0.8468013468013468,0.4478114478114478,0.8703703703703703,0.8804713804713805,0.5168350168350169,0.7272727272727273,0.24579124579124578,0.6397306397306397,0.9410774410774411,0.5740740740740741
2024-08-23,0.7777777777777778,0.8686868686868687,0.5387205387205387,0.8703703703703703,0.9141414141414141,0.7962962962962963,0.6885521885521886,0.8686868686868687,0.8619528619528619,0.7138047138047138,0.7542087542087542,0.2239057239057239,0.7154882154882155,0.9259259259259259,0.2962962962962963
2024-08-26,0.7861952861952862,0.9006734006734006,0.5925925925925926,0.8787878787878788,0.9292929292929293,0.8164983164983165,0.6616161616161617,0.867003367003367,0.8265993265993266,0.7592592592592593,0.7676767676767676,0.22895622895622897,0.6750841750841751,0.9191919191919192,0.09090909090909091
2024-08-27,0.7861952861952862,0.8602693602693603,0.5925925925925926,0.7373737373737373,0.9057239057239057,0.8737373737373737,0.7171717171717171,0.8619528619528619,0.8131313131313131,0.025252525252525252,0.8063973063973064,0.21043771043771045,0.7760942760942761,0.9175084175084175,0.37037037037037035
2024-08-28,0.7861952861952862,0.8872053872053872,0.5925925925925926,0.734006734006734,0.9208754208754208,0.8602693602693603,0.5353535353535354,0.8569023569023569,0.7912457912457912,0.8602693602693603,0.8148148148148148,0.2138047138047138,0.7424242424242424,0.9393939393939394,0.9814814814814815
2024-08-29,0.7912457912457912,0.8686868686868687,0.6178451178451179,0.7222222222222222,0.9158249158249159,0.8198653198653199,0.8686868686868687,0.8535353535353535,0.8232323232323232,0.765993265993266,0.8164983164983165,0.20875420875420875,0.7306397306397306,0.9377104377104377,0.21212121212121213
2024-08-30,0.7996632996632996,0.8686868686868687,0.6616161616161617,0.7272727272727273,0.9124579124579124,0.835016835016835,0.3838383838383838,0.8552188552188552,0.7592592592592593,0.531986531986532,0.8181818181818182,0.20707070707070707,0.6986531986531986,0.9158249158249159,0.7626262626262627
2024-09-02,0.7996632996632996,0.8434343434343434,0.5774410774410774,0.7390572390572391,0.8754208754208754,0.835016835016835,0.4444444444444444,0.8367003367003367,0.49326599326599324,0.37542087542087543,0.8013468013468014,0.20033670033670034,0.7373737373737373,0.4494949494949495,0.3383838383838384
2024-09-03,0.8097643097643098,0.8569023569023569,0.46296296296296297,0.7104377104377104,0.8973063973063973,0.9225589225589226,0.7828282828282829,0.3383838383838384,0.37373737373737376,0.7474747474747475,0.7929292929292929,0.20707070707070707,0.8047138047138047,0.42424242424242425,0.11447811447811448
2024-09-04,0.8097643097643098,0.9057239057239057,0.3383838383838384,0.7693602693602694,0.9276094276094277,0.9494949494949495,0.968013468013468,0.4478114478114478,0.4713804713804714,0.6380471380471381,0.7727272727272727,0.21717171717171718,0.8063973063973064,0.4090909090909091,0.21717171717171718
2024-09-05,0.8097643097643098,0.9175084175084175,0.3383838383838384,0.7592592592592593,0.9343434343434344,0.930976430976431,0.6801346801346801,0.3164983164983165,0.45286195286195285,0.5555555555555556,0.67003367003367,0.2222222222222222,0.8215488215488216,0.40404040404040403,0.4175084175084175
2024-09-06,0.8097643097643098,0.9225589225589226,0.29124579124579125,0.7929292929292929,0.9393939393939394,0.8249158249158249,0.8888888888888888,0.37373737373737376,0.4730639730639731,0.13131313131313133,0.6632996632996633,0.22895622895622897,0.797979797979798,0.4158249158249158,0.29124579124579125
2024-09-09,0.8097643097643098,0.9124579124579124,0.29124579124579125,0.7272727272727273,0.936026936026936,0.7845117845117845,0.7188552188552189,0.30303030303030304,0.398989898989899,0.1531986531986532,0.6616161616161617,0.234006734006734,0.8367003367003367,0.44276094276094274,0.7508417508417509
2024-09-10,0.7996632996632996,0.9461279461279462,0.4377104377104377,0.7373737373737373,0.9377104377104377,0.8451178451178452,0.7525252525252525,0.25757575757575757,0.42592592592592593,0.9225589225589226,0.7154882154882155,0.27441077441077444,0.8585858585858586,0.41245791245791247,0.19865319865319866
2024-09-11,0.7996632996632996,0.9511784511784511,0.4074074074074074,0.7643097643097643,0.9562289562289562,0.7676767676767676,0.7306397306397306,0.2542087542087542,0.3872053872053872,0.7895622895622896,0.7525252525252525,0.29292929292929293,0.8164983164983165,0.5521885521885522,0.9932659932659933
2024-10-10,0.7912457912457912,0.9276094276094277,0.1414141414141414,0.7575757575757576,0.8956228956228957,0.936026936026936,0.4696969696969697,0.5892255892255892,0.44107744107744107,0.5774410774410774,0.7643097643097643,0.3047138047138047,0.5252525252525253,0.4983164983164983,0.234006734006734
2024-10-11,0.7912457912457912,0.9326599326599326,0.1414141414141414,0.7154882154882155,0.9074074074074074,0.9478114478114478,0.6531986531986532,0.5875420875420876,0.43097643097643096,0.5976430976430976,0.765993265993266,0.3148148148148148,0.531986531986532,0.4730639730639731,0.1919191919191919
2024-10-14,0.7542087542087542,0.9191919191919192,0.7306397306397306,0.6902356902356902,0.8922558922558923,0.9478114478114478,0.25925925925925924,0.5707070707070707,0.5151515151515151,0.35858585858585856,0.7424242424242424,0.34175084175084175,0.5370370370370371,0.494949494949495,0.08249158249158249
2024-10-15,0.7390572390572391,0.9292929292929293,0.7373737373737373,0.702020202020202,0.9090909090909091,0.968013468013468,0.41245791245791247,0.5622895622895623,0.5336700336700336,0.8434343434343434,0.7205387205387206,0.35353535353535354,0.5505050505050505,0.49326599326599324,0.6178451178451179
2024-10-16,0.7306397306397306,0.9444444444444444,0.7558922558922558,0.7508417508417509,0.9191919191919192,0.9595959595959596,0.8417508417508418,0.5824915824915825,0.6060606060606061,0.8063973063973064,0.6801346801346801,0.35858585858585856,0.5185185185185185,0.5050505050505051,0.31986531986531985
2024-10-17,0.7222222222222222,0.930976430976431,0.7609427609427609,0.7407407407407407,0.9040404040404041,0.9612794612794613,0.6279461279461279,0.5740740740740741,0.5892255892255892,0.7003367003367004,0.6750841750841751,0.35185185185185186,0.4831649831649832,0.48148148148148145,0.5589225589225589
2024-10-18,0.7171717171717171,0.9175084175084175,0.765993265993266,0.6582491582491582,0.877104377104377,0.9646464646464646,0.7794612794612794,0.4292929292929293,0.6296296296296297,0.6767676767676768,0.664983164983165,0.3434343434343434,0.5202020202020202,0.4781144781144781,0.28619528619528617
2024-10-21,0.7171717171717171,0.9208754208754208,0.765993265993266,0.6801346801346801,0.8804713804713805,0.9781144781144782,0.3939393939393939,0.43434343434343436,0.6481481481481481,0.7760942760942761,0.6683501683501684,0.3451178451178451,0.43434343434343436,0.4797979797979798,0.7087542087542088
2024-10-22,0.6952861952861953,0.8939393939393939,0.7777777777777778,0.6346801346801347,0.8215488215488216,0.9814814814814815,0.9023569023569024,0.5134680134680135,0.6666666666666666,0.367003367003367,0.6161616161616161,0.3400673400673401,0.4764309764309764,0.4764309764309764,0.12289562289562289
2024-10-23,0.6952861952861953,0.8973063973063973,0.7777777777777778,0.6296296296296297,0.8383838383838383,0.9797979797979798,0.2356902356902357,0.5370370370370371,0.6750841750841751,0.930976430976431,0.6464646464646465,0.3383838383838384,0.4444444444444444,0.34175084175084175,0.8148148148148148
2024-10-24,0.6952861952861953,0.9276094276094277,0.765993265993266,0.6414141414141414,0.8838383838383839,0.9696969696969697,0.7996632996632996,0.5488215488215489,0.4696969696969697,0.6178451178451179,0.6363636363636364,0.36195286195286197,0.43602693602693604,0.06902356902356903,0.5673400673400674
2024-10-25,0.6717171717171717,0.9242424242424242,0.7744107744107744,0.6498316498316499,0.8804713804713805,0.9730639730639731,0.5084175084175084,0.5117845117845118,0.4158249158249158,0.3114478114478115,0.6397306397306397,0.36363636363636365,0.40235690235690236,0.2676767676767677,0.015151515151515152
2024-10-28,0.6717171717171717,0.8922558922558923,0.7744107744107744,0.6380471380471381,0.8249158249158249,0.9865319865319865,0.234006734006734,0.5,0.3468013468013468,0.7306397306397306,0.6313131313131313,0.3282828282828283,0.41919191919191917,0.3047138047138047,0.9747474747474747
2024-10-29,0.6952861952861953,0.8922558922558923,0.7878787878787878,0.6430976430976431,0.8383838383838383,0.9882154882154882,0.4612794612794613,0.1750841750841751,0.35858585858585856,0.6515151515151515,0.5774410774410774,0.335016835016835,0.4208754208754209,0.30303030303030304,0.4494949494949495
2024-10-30,0.6717171717171717,0.8737373737373737,0.7929292929292929,0.6548821548821548,0.8181818181818182,0.9848484848484849,0.8484848484848485,0.18013468013468015,0.3148148148148148,0.22053872053872053,0.6111111111111112,0.32996632996632996,0.4074074074074074,0.30134680134680136,0.21885521885521886
2024-10-31,0.6952861952861953,0.8754208754208754,0.8131313131313131,0.6582491582491582,0.8383838383838383,0.9932659932659933,0.9124579124579124,0.1111111111111111,0.41245791245791247,0.49663299663299665,0.4225589225589226,0.32323232323232326,0.41245791245791247,0.5454545454545454,0.9848484848484849
2024-11-01,0.6952861952861953,0.8787878787878788,0.8131313131313131,0.6835016835016835,0.82996632996633,0.9915824915824916,0.7626262626262627,0.08080808080808081,0.44276094276094274,0.2138047138047138,0.26262626262626265,0.32323232323232326,0.3720538720538721,0.563973063973064,0.05723905723905724
2024-11-04,0.6952861952861953,0.8855218855218855,0.8131313131313131,0.6666666666666666,0.8400673400673401,0.9949494949494949,0.10606060606060606,0.16835016835016836,0.4494949494949495,0.3148148148148148,0.19528619528619529,0.31986531986531985,0.39057239057239057,0.5471380471380471,0.9175084175084175
2024-11-05,0.6952861952861953,0.9057239057239057,0.7912457912457912,0.6767676767676768,0.8602693602693603,0.9831649831649831,0.7457912457912458,0.1026936026936027,0.43434343434343436,0.12457912457912458,0.15993265993265993,0.3265993265993266,0.4057239057239057,0.5488215488215489,0.3282828282828283
2024-11-06,0.6952861952861953,0.8636363636363636,0.7912457912457912,0.6481481481481481,0.8063973063973064,0.9393939393939394,0.7558922558922558,0.09764309764309764,0.4663299663299663,0.8468013468013468,0.045454545454545456,0.3047138047138047,0.37037037037037035,0.6195286195286195,0.03535353535353535
2024-11-07,0.7171717171717171,0.9006734006734006,0.8063973063973064,0.6464646464646465,0.8636363636363636,0.7710437710437711,0.5235690235690236,0.09090909090909091,0.45454545454545453,0.9831649831649831,0.18181818181818182,0.3114478114478115,0.39225589225589225,0.6111111111111112,0.6818181818181818
2024-11-08,0.6952861952861953,0.9107744107744108,0.8131313131313131,0.6717171717171717,0.8872053872053872,0.6986531986531986,0.6599326599326599,0.09259259259259259,0.46296296296296297,0.8872053872053872,0.19696969696969696,0.335016835016835,0.38047138047138046,0.5993265993265994,0.5286195286195287
2024-11-11,0.6952861952861953,0.8956228956228957,0.6632996632996633,0.7171717171717171,0.8720538720538721,0.6986531986531986,0.8821548821548821,0.08585858585858586,0.4478114478114478,0.04040404040404041,0.3451178451178451,0.3164983164983165,0.3771043771043771,0.48653198653198654,0.21043771043771045
2024-11-12,0.6952861952861953,0.9074074074074074,0.6565656565656566,0.7828282828282829,0.8737373737373737,0.8501683501683501,0.9410774410774411,0.16498316498316498,0.5050505050505051,0.9343434343434344,0.39225589225589225,0.3265993265993266,0.31986531986531985,0.5117845117845118,0.27104377104377103
2024-11-13,0.6952861952861953,0.8703703703703703,0.6077441077441077,0.7508417508417509,0.82996632996633,0.7457912457912458,0.9579124579124579,0.3434343434343434,0.569023569023569,0.8131313131313131,0.3956228956228956,0.3063973063973064,0.34175084175084175,0.5168350168350169,0.10774410774410774
2024-11-14,0.6952861952861953,0.8838383838383839,0.5824915824915825,0.696969696969697,0.8535353535353535,0.6919191919191919,0.51010101010101,0.3451178451178451,0.5673400673400674,0.82996632996633,0.4074074074074074,0.30976430976430974,0.3468013468013468,0.5151515151515151,0.5925925925925926
2024-11-15,0.7171717171717171,0.8737373737373737,0.6026936026936027,0.7037037037037037,0.8434343434343434,0.7508417508417509,0.6498316498316499,0.3484848484848485,0.5084175084175084,0.3501683501683502,0.4175084175084175,0.2996632996632997,0.35353535353535354,0.5437710437710438,0.9074074074074074
2024-11-18,0.7171717171717171,0.8888888888888888,0.6026936026936027,0.6919191919191919,0.8703703703703703,0.7441077441077442,0.07575757575757576,0.5555555555555556,0.6043771043771043,0.234006734006734,0.44107744107744107,0.3047138047138047,0.3451178451178451,0.6952861952861953,0.26936026936026936
2024-11-19,0.7171717171717171,0.9090909090909091,0.5,0.6936026936026936,0.9006734006734006,0.7878787878787878,0.5016835016835017,0.5286195286195287,0.49158249158249157,0.0707070707070707,0.5791245791245792,0.30808080808080807,0.3501683501683502,0.6902356902356902,0.4377104377104377
2024-11-20,0.7171717171717171,0.9141414141414141,0.5,0.702020202020202,0.9107744107744108,0.8181818181818182,0.39730639730639733,0.4764309764309764,0.4225589225589226,0.37373737373737376,0.48653198653198654,0.31313131313131315,0.3367003367003367,0.7508417508417509,0.09427609427609428
2024-11-21,0.7171717171717171,0.9377104377104377,0.5,0.6902356902356902,0.930976430976431,0.7407407407407407,0.6397306397306397,0.4663299663299663,0.3653198653198653,0.38215488215488214,0.48148148148148145,0.3383838383838384,0.2895622895622896,0.7457912457912458,0.43602693602693604
2024-11-22,0.7171717171717171,0.9478114478114478,0.4276094276094276,0.6717171717171717,0.9326599326599326,0.6851851851851852,0.2996632996632997,0.5067340067340067,0.4074074074074074,0.8417508417508418,0.51010101010101,0.335016835016835,0.3047138047138047,0.5572390572390572,0.42424242424242425
2024-11-25,0.7171717171717171,0.9528619528619529,0.4276094276094276,0.6952861952861953,0.9461279461279462,0.702020202020202,0.1835016835016835,0.5235690235690236,0.37542087542087543,0.6430976430976431,0.5033670033670034,0.3468013468013468,0.35185185185185186,0.5067340067340067,0.7811447811447811
2024-11-26,0.7171717171717171,0.9562289562289562,0.35858585858585856,0.7441077441077442,0.9461279461279462,0.6868686868686869,0.7676767676767676,0.5252525252525253,0.40235690235690236,0.28114478114478114,0.5067340067340067,0.3484848484848485,0.335016835016835,0.5303030303030303,0.7878787878787878
2024-11-27,0.7171717171717171,0.9764309764309764,0.2609427609427609,0.7121212121212122,0.9545454545454546,0.6430976430976431,0.7962962962962963,0.5168350168350169,0.3956228956228956,0.6801346801346801,0.49158249158249157,0.3552188552188552,0.3434343434343434,0.6026936026936027,0.030303030303030304
2024-11-28,0.7171717171717171,1.0,0.13804713804713806,0.6851851851851852,0.9949494949494949,0.6430976430976431,0.5151515151515151,0.44612794612794615,0.3063973063973064,0.19696969696969696,0.531986531986532,0.3872053872053872,0.28114478114478114,0.35858585858585856,0.6582491582491582
2024-11-29,0.6447811447811448,0.9848484848484849,0.9747474747474747,0.702020202020202,0.9646464646464646,0.5858585858585859,0.9427609427609428,0.5505050505050505,0.3939393939393939,0.2878787878787879,0.5050505050505051,0.42592592592592593,0.3114478114478115,0.32491582491582494,0.16498316498316498
2024-12-02,0.6380471380471381,0.9949494949494949,0.9848484848484849,0.7441077441077442,0.9713804713804713,0.6464646464646465,0.6313131313131313,0.40235690235690236,0.2727272727272727,0.51010101010101,0.4983164983164983,0.45454545454545453,0.25757575757575757,0.33164983164983164,0.19696969696969696
2024-12-03,0.6346801346801347,0.9797979797979798,0.9781144781144782,0.7508417508417509,0.9595959595959596,0.5959595959595959,0.1026936026936027,0.5521885521885522,0.3720538720538721,0.8619528619528619,0.4713804713804714,0.46296296296296297,0.2222222222222222,0.45286195286195285,0.09932659932659933
2024-12-04,0.6346801346801347,0.9579124579124579,0.9781144781144782,0.7104377104377104,0.9478114478114478,0.51010101010101,0.9107744107744108,0.5841750841750841,0.4107744107744108,0.5791245791245792,0.4511784511784512,0.45286195286195285,0.3164983164983165,0.5185185185185185,0.9393939393939394
2024-12-05,0.6346801346801347,0.9781144781144782,0.968013468013468,0.734006734006734,0.9528619528619529,0.49158249158249157,0.8468013468013468,0.5909090909090909,0.4595959595959596,0.9242424242424242,0.35185185185185186,0.4713804713804714,0.30808080808080807,0.8080808080808081,0.9949494949494949
2024-12-06,0.6346801346801347,0.9730639730639731,0.9730639730639731,0.7626262626262627,0.9494949494949495,0.34175084175084175,0.7693602693602694,0.5925925925925926,0.4764309764309764,0.6127946127946128,0.32154882154882153,0.46464646464646464,0.3265993265993266,0.8097643097643098,0.18686868686868688
2024-12-09,0.6346801346801347,0.98989898989899,0.9730639730639731,0.8181818181818182,0.9629629629629629,0.3872053872053872,0.9612794612794613,0.6515151515151515,0.5572390572390572,0.7609427609427609,0.1936026936026936,0.4983164983164983,0.21548821548821548,0.8703703703703703,0.6986531986531986
2024-12-10,0.6346801346801347,0.9915824915824916,0.9730639730639731,0.7693602693602694,0.9865319865319865,0.45286195286195285,0.06397306397306397,0.6902356902356902,0.6094276094276094,0.9781144781144782,0.24074074074074073,0.4898989898989899,0.17676767676767677,0.8686868686868687,0.9090909090909091
2024-12-11,0.6380471380471381,0.9932659932659933,0.9831649831649831,0.6750841750841751,0.9848484848484849,0.32996632996632996,0.25757575757575757,0.6397306397306397,0.5252525252525253,0.17676767676767677,0.2609427609427609,0.48148148148148145,0.18518518518518517,0.8804713804713805,0.19023569023569023
2024-12-12,0.6430976430976431,0.9865319865319865,0.9865319865319865,0.6818181818181818,0.9831649831649831,0.335016835016835,0.13468013468013468,0.6599326599326599,0.5976430976430976,0.6919191919191919,0.2441077441077441,0.4781144781144781,0.14646464646464646,0.8905723905723906,0.664983164983165
2024-12-13,0.6430976430976431,0.9848484848484849,0.9831649831649831,0.7272727272727273,0.9882154882154882,0.3888888888888889,0.37373737373737376,0.6616161616161617,0.6195286195286195,0.4882154882154882,0.24242424242424243,0.48484848484848486,0.0707070707070707,0.8737373737373737,0.8417508417508418
2024-12-16,0.6430976430976431,0.9814814814814815,0.9831649831649831,0.6548821548821548,0.9814814814814815,0.4713804713804714,0.6868686868686869,0.6144781144781145,0.4781144781144781,0.569023569023569,0.22727272727272727,0.4730639730639731,0.11784511784511785,0.8282828282828283,0.7575757575757576
2024-12-17,0.6464646464646465,0.9696969696969697,0.9882154882154882,0.6515151515151515,0.9612794612794613,0.4612794612794613,0.898989898989899,0.6380471380471381,0.5404040404040404,0.6296296296296297,0.10101010101010101,0.4494949494949495,0.1531986531986532,0.8367003367003367,0.6043771043771043
2024-12-18,0.6481481481481481,0.9983164983164983,0.98989898989899,0.6161616161616161,0.9966329966329966,0.41245791245791247,0.23737373737373738,0.6464646464646465,0.5909090909090909,0.5959595959595959,0.09932659932659933,0.47474747474747475,0.04713804713804714,0.8518518518518519,0.1447811447811448
2024-12-19,0.6515151515151515,0.9882154882154882,0.9932659932659933,0.5976430976430976,0.9797979797979798,0.4595959595959596,0.9444444444444444,0.6818181818181818,0.6936026936026936,0.494949494949495,0.09259259259259259,0.4494949494949495,0.04882154882154882,0.8619528619528619,0.23905723905723905
2024-12-20,0.6515151515151515,0.9730639730639731,0.9932659932659933,0.5555555555555556,0.968013468013468,0.494949494949495,0.9006734006734006,0.6851851851851852,0.7070707070707071,0.9713804713804713,0.18518518518518517,0.44276094276094274,0.13468013468013468,0.867003367003367,0.6346801346801347
2024-12-23,0.6531986531986532,0.9747474747474747,0.9949494949494949,0.5774410774410774,0.9730639730639731,0.6043771043771043,0.14309764309764308,0.6952861952861953,0.734006734006734,0.5252525252525253,0.18686868686868688,0.4444444444444444,0.05555555555555555,0.8922558922558923,0.2239057239057239
2024-12-24,0.6582491582491582,0.9612794612794613,0.9983164983164983,0.5505050505050505,0.9764309764309764,0.6279461279461279,0.6363636363636364,0.6936026936026936,0.7104377104377104,0.3434343434343434,0.17676767676767677,0.43434343434343436,0.08249158249158249,0.8838383838383839,0.569023569023569
2024-12-25,0.6582491582491582,0.9612794612794613,0.9983164983164983,0.5505050505050505,0.9764309764309764,0.6279461279461279,0.6127946127946128,0.6936026936026936,0.6784511784511784,0.4831649831649832,0.17676767676767677,0.43434343434343436,0.08249158249158249,0.8417508417508418,0.5202020202020202
2024-12-26,0.6666666666666666,0.9494949494949495,1.0,0.5454545454545454,0.9696969696969697,0.5824915824915825,0.7390572390572391,0.6885521885521886,0.7003367003367004,0.7457912457912458,0.17845117845117844,0.4292929292929293,0.10942760942760943,0.8451178451178452,0.6397306397306397
2024-12-27,0.6666666666666666,0.9545454545454546,0.7861952861952862,0.5622895622895623,0.9781144781144782,0.5723905723905723,0.8703703703703703,0.6986531986531986,0.6582491582491582,0.9023569023569024,0.1632996632996633,0.43097643097643096,0.05723905723905724,0.8468013468013468,0.39225589225589225
2024-12-30,0.6666666666666666,0.968013468013468,0.6212121212121212,0.5437710437710438,0.98989898989899,0.6835016835016835,0.6851851851851852,0.6683501683501684,0.6767676767676768,0.9461279461279462,0.18013468013468015,0.4393939393939394,0.09595959595959595,0.8383838383838383,0.835016835016835
2024-12-31,0.6666666666666666,0.968013468013468,0.5168350168350169,0.5404040404040404,0.9932659932659933,0.6784511784511784,0.6127946127946128,0.6683501683501684,0.5067340067340067,0.2239057239057239,0.2138047138047138,0.4393939393939394,0.06902356902356903,0.7491582491582491,0.5202020202020202
2025-01-01,0.6666666666666666,0.968013468013468,0.5168350168350169,0.5404040404040404,0.9932659932659933,0.6784511784511784,0.6127946127946128,0.6683501683501684,0.43602693602693604,0.4831649831649832,0.2138047138047138,0.4393939393939394,0.06902356902356903,0.5808080808080808,0.5202020202020202
2025-01-02,0.6582491582491582,0.9966329966329966,0.6212121212121212,0.5622895622895623,1.0,0.6178451178451179,0.6195286195286195,0.67003367003367,0.39225589225589225,0.4831649831649832,0.21548821548821548,0.494949494949495,0.013468013468013467,0.4006734006734007,0.6026936026936027
2025-01-03,0.6346801346801347,0.9629629629629629,0.9343434343434344,0.5185185185185185,0.9983164983164983,0.5286195286195287,0.1127946127946128,0.6632996632996633,0.494949494949495,0.30303030303030304,0.2239057239057239,0.5235690235690236,0.011784511784511785,0.398989898989899,0.82996632996633
2025-01-06,0.622895622895623,0.9427609427609428,0.9562289562289562,0.48484848484848486,0.9663299663299664,0.6515151515151515,0.09764309764309764,0.6801346801346801,0.5370370370370371,0.31313131313131315,0.2053872053872054,0.5202020202020202,0.02356902356902357,0.3114478114478115,0.6212121212121212
2025-01-07,0.6212121212121212,0.9393939393939394,0.9595959595959596,0.5,0.9579124579124579,0.7525252525252525,0.48653198653198654,0.6717171717171717,0.4292929292929293,0.7222222222222222,0.20875420875420875,0.5336700336700336,0.008417508417508417,0.30976430976430974,0.6313131313131313
2025-01-08,0.6195286195286195,0.9343434343434344,0.9612794612794613,0.4882154882154882,0.9511784511784511,0.7222222222222222,0.2239057239057239,0.6734006734006734,0.47474747474747475,0.030303030303030304,0.4006734006734007,0.5538720538720538,0.010101010101010102,0.25252525252525254,0.7996632996632996
2025-01-09,0.6178451178451179,0.9410774410774411,0.9646464646464646,0.5084175084175084,0.9410774410774411,0.7222222222222222,0.5303030303030303,0.569023569023569,0.4057239057239057,0.28619528619528617,0.30134680134680136,0.601010101010101,0.006734006734006734,0.2356902356902357,0.3367003367003367
2025-01-10,0.6161616161616161,0.9023569023569024,0.9663299663299664,0.5117845117845118,0.9175084175084175,0.6144781144781145,0.6936026936026936,0.4225589225589226,0.40404040404040403,0.7811447811447811,0.28114478114478114,0.6094276094276094,0.003367003367003367,0.22727272727272727,0.2474747474747475
2025-01-13,0.6144781144781145,0.8131313131313131,0.9629629629629629,0.6077441077441077,0.803030303030303,0.7643097643097643,0.8737373737373737,0.45454545454545453,0.4393939393939394,0.6414141414141414,0.27946127946127947,0.5606060606060606,0.005050505050505051,0.1919191919191919,0.11616161616161616
2025-01-14,0.6127946127946128,0.8164983164983165,0.9579124579124579,0.6245791245791246,0.8114478114478114,0.7424242424242424,0.4276094276094276,0.36195286195286197,0.39730639730639733,0.9377104377104377,0.3164983164983165,0.6043771043771043,0.0016835016835016834,0.14983164983164984,0.6868686868686869
2025-01-15,0.6111111111111112,0.7811447811447811,0.9545454545454546,0.6380471380471381,0.7626262626262627,0.5235690235690236,0.6212121212121212,0.3468013468013468,0.32996632996632996,0.1026936026936027,0.39057239057239057,0.5959595959595959,0.026936026936026935,0.06228956228956229,0.3720538720538721
2025-01-16,0.6094276094276094,0.8333333333333334,0.9528619528619529,0.6447811447811448,0.8114478114478114,0.5185185185185185,0.21043771043771045,0.40404040404040403,0.3047138047138047,0.25925925925925924,0.4090909090909091,0.6767676767676768,0.021885521885521887,0.05723905723905724,0.5858585858585859
2025-01-17,0.6077441077441077,0.8535353535353535,0.9511784511784511,0.5791245791245792,0.8569023569023569,0.5959595959595959,0.6683501683501684,0.31986531986531985,0.25084175084175087,0.1632996632996633,0.45454545454545453,0.7070707070707071,0.02861952861952862,0.04882154882154882,0.8383838383838383
2025-01-20,0.6060606060606061,0.8265993265993266,0.9494949494949495,0.5538720538720538,0.7929292929292929,0.5959595959595959,0.6632996632996633,0.2878787878787879,0.12626262626262627,0.5606060606060606,0.45286195286195285,0.6767676767676768,0.06228956228956229,0.021885521885521887,0.3939393939393939
2025-01-21,0.6043771043771043,0.8316498316498316,0.9478114478114478,0.5673400673400674,0.82996632996633,0.622895622895623,0.6481481481481481,0.15656565656565657,0.12289562289562289,0.26936026936026936,0.32491582491582494,0.7037037037037037,0.05218855218855219,0.025252525252525252,0.32154882154882153
2025-01-22,0.6043771043771043,0.8367003367003367,0.9478114478114478,0.5505050505050505,0.8333333333333334,0.4494949494949495,0.22895622895622897,0.10101010101010101,0.20202020202020202,0.03198653198653199,0.5252525252525253,0.6616161616161617,0.03535353535353535,0.026936026936026935,0.8451178451178452
2025-01-23,0.6043771043771043,0.8114478114478114,0.9427609427609428,0.5370370370370371,0.8316498316498316,0.42592592592592593,0.8922558922558923,0.1127946127946128,0.2222222222222222,0.24074074074074073,0.5437710437710438,0.6397306397306397,0.018518518518518517,0.018518518518518517,0.20875420875420875
2025-01-24,0.6043771043771043,0.8249158249158249,0.9427609427609428,0.49663299663299665,0.8518518518518519,0.4090909090909091,0.29292929292929293,0.132996632996633,0.15656565656565657,0.6616161616161617,0.5185185185185185,0.6531986531986532,0.037037037037037035,0.013468013468013467,0.7861952861952862
2025-01-27,0.6043771043771043,0.8249158249158249,0.9427609427609428,0.49663299663299665,0.8518518518518519,0.5791245791245792,0.6127946127946128,0.132996632996633,0.13131313131313133,0.4831649831649832,0.5185185185185185,0.6531986531986532,0.11447811447811448,0.006734006734006734,0.5202020202020202
2025-01-28,0.6043771043771043,0.8249158249158249,0.9427609427609428,0.49663299663299665,0.8518518518518519,0.5202020202020202,0.6127946127946128,0.132996632996633,0.13131313131313133,0.4831649831649832,0.5185185185185185,0.6531986531986532,0.10101010101010101,0.006734006734006734,0.5202020202020202
2025-01-29,0.6043771043771043,0.8249158249158249,0.9427609427609428,0.49663299663299665,0.8518518518518519,0.468013468013468,0.6127946127946128,0.132996632996633,0.13131313131313133,0.4831649831649832,0.5185185185185185,0.6531986531986532,0.10101010101010101,0.006734006734006734,0.5202020202020202
2025-01-30,0.6043771043771043,0.8249158249158249,0.9444444444444444,0.49663299663299665,0.8518518518518519,0.46296296296296297,0.6127946127946128,0.132996632996633,0.12121212121212122,0.4831649831649832,0.5185185185185185,0.6531986531986532,0.12457912457912458,0.0016835016835016834,0.5202020202020202
2025-01-31,0.6043771043771043,0.8383838383838383,0.9326599326599326,0.5,0.8417508417508418,0.49663299663299665,0.8114478114478114,0.14646464646464646,0.05218855218855219,0.23232323232323232,0.4208754208754209,0.6313131313131313,0.07407407407407407,0.04208754208754209,0.008417508417508417
2025-02-03,0.5892255892255892,0.7962962962962963,0.8686868686868687,0.5269360269360269,0.8232323232323232,0.5521885521885522,0.9562289562289562,0.32996632996632996,0.04040404040404041,0.9949494949494949,0.6548821548821548,0.5959595959595959,0.08754208754208755,0.04713804713804714,0.23063973063973064
2025-02-04,0.5892255892255892,0.7777777777777778,0.8215488215488216,0.5353535353535354,0.8131313131313131,0.45791245791245794,0.23232323232323232,0.37037037037037035,0.06565656565656566,0.9865319865319865,0.7861952861952862,0.5808080808080808,0.1111111111111111,0.10437710437710437,0.18013468013468015
2025-02-05,0.5858585858585859,0.7760942760942761,0.7575757575757576,0.5656565656565656,0.8080808080808081,0.5707070707070707,0.24074074074074073,0.398989898989899,0.04882154882154882,0.09427609427609428,0.7946127946127947,0.6026936026936027,0.15151515151515152,0.10774410774410774,0.8367003367003367
2025-02-06,0.5841750841750841,0.7542087542087542,0.4764309764309764,0.5892255892255892,0.7962962962962963,0.5454545454545454,0.2441077441077441,0.32154882154882153,0.10101010101010101,0.06565656565656566,0.8114478114478114,0.6094276094276094,0.13131313131313133,0.16666666666666666,0.9562289562289562
2025-02-07,0.5824915824915825,0.6397306397306397,0.3501683501683502,0.6195286195286195,0.6952861952861953,0.5252525252525253,0.7760942760942761,0.22895622895622897,0.13636363636363635,0.265993265993266,0.8131313131313131,0.563973063973064,0.13131313131313133,0.15993265993265993,0.3265993265993266
2025-02-10,0.5824915824915825,0.6515151515151515,0.37373737373737376,0.6296296296296297,0.6885521885521886,0.41414141414141414,0.622895622895623,0.23063973063973064,0.07744107744107744,0.5,0.8080808080808081,0.5875420875420876,0.10774410774410774,0.16498316498316498,0.6885521885521886
2025-02-11,0.5824915824915825,0.6750841750841751,0.34175084175084175,0.5858585858585859,0.702020202020202,0.38552188552188554,0.32996632996632996,0.1919191919191919,0.09595959595959595,0.8114478114478114,0.7845117845117845,0.6161616161616161,0.10101010101010101,0.1632996632996633,0.6801346801346801
2025-02-12,0.5774410774410774,0.6161616161616161,0.34175084175084175,0.5757575757575758,0.6346801346801347,0.4057239057239057,0.41919191919191917,0.19528619528619529,0.11447811447811448,0.48653198653198654,0.7828282828282829,0.6195286195286195,0.06397306397306397,0.15656565656565657,0.6565656565656566
2025-02-13,0.5774410774410774,0.6683501683501684,0.30976430976430974,0.563973063973064,0.6750841750841751,0.3653198653198653,0.1734006734006734,0.2609427609427609,0.09764309764309764,0.35353535353535354,0.7744107744107744,0.6262626262626263,0.132996632996633,0.15151515151515152,0.9276094276094277
2025-02-14,0.5774410774410774,0.6784511784511784,0.2845117845117845,0.5723905723905723,0.7205387205387206,0.3686868686868687,0.43265993265993263,0.20033670033670034,0.1026936026936027,0.2895622895622896,0.7710437710437711,0.6414141414141414,0.1414141414141414,0.15488215488215487,0.1734006734006734
2025-02-17,0.5774410774410774,0.6414141414141414,0.26430976430976433,0.5521885521885522,0.702020202020202,0.3686868686868687,0.3164983164983165,0.2138047138047138,0.16666666666666666,0.11784511784511785,0.7188552188552189,0.6313131313131313,0.15993265993265993,0.21212121212121213,0.2037037037037037
2025-02-18,0.5774410774410774,0.6262626262626263,0.1835016835016835,0.5707070707070707,0.6531986531986532,0.36363636363636365,0.3484848484848485,0.22053872053872053,0.21885521885521886,0.2845117845117845,0.6885521885521886,0.6262626262626263,0.1127946127946128,0.20875420875420875,0.6936026936026936
2025-02-19,0.5774410774410774,0.6531986531986532,0.1835016835016835,0.5589225589225589,0.6801346801346801,0.35185185185185186,0.12626262626262627,0.26262626262626265,0.26430976430976433,0.6599326599326599,0.6986531986531986,0.6363636363636364,0.12626262626262627,0.21548821548821548,0.7727272727272727
2025-02-20,0.5673400673400674,0.6464646464646465,0.265993265993266,0.5353535353535354,0.6582491582491582,0.398989898989899,0.7895622895622896,0.2845117845117845,0.234006734006734,0.25084175084175087,0.6835016835016835,0.6262626262626263,0.14983164983164984,0.23905723905723905,0.4444444444444444
2025-02-21,0.5656565656565656,0.6616161616161617,0.2845117845117845,0.569023569023569,0.6616161616161617,0.5016835016835017,0.5387205387205387,0.27946127946127947,0.1835016835016835,0.33164983164983164,0.6818181818181818,0.6363636363636364,0.19023569023569023,0.23232323232323232,0.5622895622895623
2025-02-24,0.563973063973064,0.6565656565656566,0.3148148148148148,0.5875420875420876,0.6548821548821548,0.42424242424242425,0.7239057239057239,0.2946127946127946,0.20875420875420875,0.1734006734006734,0.6936026936026936,0.6548821548821548,0.1750841750841751,0.234006734006734,0.3838383838383838
2025-02-25,0.5622895622895623,0.6279461279461279,0.5420875420875421,0.6195286195286195,0.6430976430976431,0.6161616161616161,0.7727272727272727,0.2777777777777778,0.26262626262626265,0.18013468013468015,0.6026936026936027,0.6666666666666666,0.24579124579124578,0.24915824915824916,0.6245791245791246
2025-02-26,0.5606060606060606,0.5892255892255892,0.82996632996633,0.6683501683501684,0.5959595959595959,0.6380471380471381,0.4057239057239057,0.19696969696969696,0.2962962962962963,0.5875420875420876,0.5993265993265994,0.7087542087542088,0.25252525252525254,0.2609427609427609,0.33164983164983164
2025-02-27,0.5589225589225589,0.5656565656565656,0.8249158249158249,0.664983164983165,0.5858585858585859,0.6111111111111112,0.8047138047138047,0.2222222222222222,0.31986531986531985,0.563973063973064,0.5959595959595959,0.6666666666666666,0.2037037037037037,0.25925925925925924,0.24242424242424243
2025-02-28,0.5589225589225589,0.5774410774410774,0.8249158249158249,0.7070707070707071,0.6178451178451179,0.7828282828282829,0.9747474747474747,0.5976430976430976,0.43265993265993263,0.8855218855218855,0.6195286195286195,0.6801346801346801,0.20875420875420875,0.12121212121212122,0.07407407407407407
2025-03-03,0.5589225589225589,0.5774410774410774,0.8282828282828283,0.7070707070707071,0.6178451178451179,0.797979797979798,0.6127946127946128,0.5976430976430976,0.30808080808080807,0.4831649831649832,0.6195286195286195,0.6801346801346801,0.28619528619528617,0.07575757575757576,0.5202020202020202
2025-03-04,0.5589225589225589,0.5824915824915825,0.8282828282828283,0.664983164983165,0.6531986531986532,0.8653198653198653,0.6666666666666666,0.4057239057239057,0.2474747474747475,0.9915824915824916,0.6060606060606061,0.6666666666666666,0.2255892255892256,0.050505050505050504,0.9006734006734006
2025-03-05,0.5589225589225589,0.5454545454545454,0.8333333333333334,0.6060606060606061,0.6195286195286195,0.7760942760942761,0.2255892255892256,0.4074074074074074,0.22727272727272727,0.5420875420875421,0.35353535353535354,0.6195286195286195,0.234006734006734,0.06734006734006734,0.9326599326599326
2025-03-06,0.5505050505050505,0.5134680134680135,0.8333333333333334,0.5942760942760943,0.5707070707070707,0.867003367003367,0.33164983164983164,0.38047138047138046,0.19023569023569023,0.24242424242424243,0.31986531986531985,0.5740740740740741,0.2676767676767677,0.09595959595959595,0.15488215488215487
2025-03-07,0.5505050505050505,0.5420875420875421,0.8501683501683501,0.6060606060606061,0.6043771043771043,0.7794612794612794,0.7508417508417509,0.35858585858585856,0.16835016835016836,0.037037037037037035,0.3838383838383838,0.6531986531986532,0.19528619528619529,0.16161616161616163,0.8787878787878788
2025-03-10,0.5505050505050505,0.5353535353535354,0.8501683501683501,0.6111111111111112,0.569023569023569,0.9124579124579124,0.4393939393939394,0.3367003367003367,0.1919191919191919,0.7710437710437711,0.4057239057239057,0.6161616161616161,0.3181818181818182,0.18855218855218855,0.19528619528619529
2025-03-11,0.5505050505050505,0.5707070707070707,0.8501683501683501,0.622895622895623,0.6127946127946128,0.9259259259259259,0.8973063973063973,0.4175084175084175,0.24915824915824916,0.7929292929292929,0.42424242424242425,0.6363636363636364,0.22053872053872053,0.23737373737373738,0.4276094276094276
2025-03-12,0.5437710437710438,0.5824915824915825,0.8501683501683501,0.5925925925925926,0.6144781144781145,0.7727272727272727,0.15993265993265993,0.4781144781144781,0.32491582491582494,0.8282828282828283,0.43097643097643096,0.6313131313131313,0.1936026936026936,0.27104377104377103,0.5488215488215489
2025-03-13,0.5437710437710438,0.5707070707070707,0.8501683501683501,0.6212121212121212,0.5909090909090909,0.803030303030303,0.6296296296296297,0.47474747474747475,0.27946127946127947,0.15151515151515152,0.46464646464646464,0.5959595959595959,0.25084175084175087,0.25757575757575757,0.4393939393939394
2025-03-14,0.5437710437710438,0.531986531986532,0.8501683501683501,0.5824915824915825,0.5538720538720538,0.7306397306397306,0.7087542087542088,0.4006734006734007,0.2828282828282828,0.4074074074074074,0.46296296296296297,0.5673400673400674,0.2542087542087542,0.19696969696969696,0.5942760942760943
2025-03-17,0.5437710437710438,0.531986531986532,0.8501683501683501,0.6127946127946128,0.5505050505050505,0.6952861952861953,0.12457912457912458,0.5202020202020202,0.3451178451178451,0.6666666666666666,0.468013468013468,0.5622895622895623,0.23905723905723905,0.16835016835016836,0.6380471380471381
2025-03-18,0.5437710437710438,0.5404040404040404,0.8501683501683501,0.632996632996633,0.5521885521885522,0.6195286195286195,0.5168350168350169,0.5033670033670034,0.30976430976430974,0.12794612794612795,0.4595959595959596,0.5673400673400674,0.24915824915824916,0.19865319865319866,0.1835016835016835
2025-03-19,0.5437710437710438,0.5218855218855218,0.8501683501683501,0.632996632996633,0.5269360269360269,0.4882154882154882,0.3501683501683502,0.5016835016835017,0.2441077441077441,0.35185185185185186,0.4562289562289562,0.569023569023569,0.2996632996632997,0.20707070707070707,0.4090909090909091
2025-03-20,0.531986531986532,0.5404040404040404,0.8501683501683501,0.6262626262626263,0.5437710437710438,0.601010101010101,0.42592592592592593,0.3787878787878788,0.22053872053872053,0.7912457912457912,0.4730639730639731,0.601010101010101,0.29124579124579125,0.20202020202020202,0.41919191919191917
2025-03-21,0.531986531986532,0.5286195286195287,0.8535353535353535,0.6060606060606061,0.5471380471380471,0.5673400673400674,0.45454545454545453,0.3686868686868687,0.24074074074074073,0.8484848484848485,0.4898989898989899,0.5976430976430976,0.29292929292929293,0.21043771043771045,0.7205387205387206
2025-03-24,0.531986531986532,0.5151515151515151,0.8569023569023569,0.5959595959595959,0.5336700336700336,0.5858585858585859,0.7356902356902357,0.3720538720538721,0.25757575757575757,0.8754208754208754,0.5471380471380471,0.5875420875420876,0.2138047138047138,0.22053872053872053,0.2255892255892256
2025-03-25,0.531986531986532,0.5033670033670034,0.8148148148148148,0.601010101010101,0.5235690235690236,0.5353535353535354,0.7861952861952862,0.3838383838383838,0.2609427609427609,0.4831649831649832,0.4882154882154882,0.5808080808080808,0.26262626262626265,0.19023569023569023,0.36195286195286197
2025-03-26,0.531986531986532,0.5067340067340067,0.1447811447811448,0.5808080808080808,0.5202020202020202,0.4898989898989899,0.2474747474747475,0.4208754208754209,0.29124579124579125,0.6481481481481481,0.44612794612794615,0.5808080808080808,0.23063973063973064,0.18013468013468015,0.867003367003367
2025-03-27,0.531986531986532,0.51010101010101,0.11447811447811448,0.5858585858585859,0.5185185185185185,0.47474747474747475,0.9074074074074074,0.4898989898989899,0.3367003367003367,0.20875420875420875,0.4781144781144781,0.5824915824915825,0.20202020202020202,0.17845117845117844,0.15151515151515152
2025-03-28,0.531986531986532,0.5016835016835017,0.11447811447811448,0.5925925925925926,0.5151515151515151,0.6245791245791246,0.9377104377104377,0.5673400673400674,0.28619528619528617,0.5824915824915825,0.4764309764309764,0.5959595959595959,0.3148148148148148,0.1750841750841751,0.23737373737373738
2025-03-31,0.5185185185185185,0.5336700336700336,0.1447811447811448,0.6161616161616161,0.563973063973064,0.7323232323232324,0.9663299663299664,0.5084175084175084,0.5,0.3939393939393939,0.4478114478114478,0.6818181818181818,0.2828282828282828,0.18518518518518517,0.07575757575757576
2025-04-01,0.51010101010101,0.5185185185185185,0.20033670033670034,0.6094276094276094,0.5353535353535354,0.7861952861952862,0.132996632996633,0.5757575757575758,0.5993265993265994,0.7255892255892256,0.22053872053872053,0.6767676767676768,0.3400673400673401,0.14814814814814814,0.601010101010101
2025-04-02,0.51010101010101,0.5202020202020202,0.20033670033670034,0.6414141414141414,0.5336700336700336,0.8097643097643098,0.7845117845117845,0.5538720538720538,0.5723905723905723,0.5572390572390572,0.2222222222222222,0.696969696969697,0.3063973063973064,0.13468013468013468,0.3888888888888889
2025-04-03,0.5016835016835017,0.5622895622895623,0.18518518518518517,0.601010101010101,0.5925925925925926,0.9040404040404041,0.8080808080808081,0.5437710437710438,0.5824915824915825,0.23063973063973064,0.2255892255892256,0.7390572390572391,0.3569023569023569,0.13636363636363635,0.8198653198653199
2025-04-04,0.4292929292929293,0.6043771043771043,0.7121212121212122,0.5740740740740741,0.632996632996633,0.9663299663299664,0.835016835016835,0.5572390572390572,0.5959595959595959,0.3653198653198653,0.04208754208754209,0.7441077441077442,0.35858585858585856,0.06397306397306397,0.2946127946127946
2025-04-07,0.40404040404040403,0.7272727272727273,0.7171717171717171,0.5589225589225589,0.7289562289562289,0.9983164983164983,0.98989898989899,0.7373737373737373,0.7710437710437711,0.005050505050505051,0.6262626262626263,0.7592592592592593,0.24915824915824916,0.3939393939393939,0.3602693602693603
2025-04-08,0.39057239057239057,0.6885521885521886,0.7272727272727273,0.5151515151515151,0.702020202020202,1.0,0.44107744107744107,0.7323232323232324,0.7407407407407407,0.9983164983164983,0.8249158249158249,0.7558922558922558,0.17845117845117844,0.4074074074074074,0.9040404040404041
2025-04-09,0.39057239057239057,0.6734006734006734,0.7222222222222222,0.47474747474747475,0.6447811447811448,0.9764309764309764,0.9292929292929293,0.7289562289562289,0.7154882154882155,0.7390572390572391,0.8232323232323232,0.7525252525252525,0.15488215488215487,0.3771043771043771,0.30303030303030304
2025-04-10,0.34175084175084175,0.6363636363636364,0.7272727272727273,0.5252525252525253,0.6245791245791246,0.9713804713804713,0.010101010101010102,0.8265993265993266,0.8468013468013468,0.9646464646464646,0.82996632996633,0.7542087542087542,0.09090909090909091,0.5942760942760943,0.8855218855218855
2025-04-11,0.34175084175084175,0.6986531986531986,0.7272727272727273,0.5016835016835017,0.6734006734006734,0.9966329966329966,0.7542087542087542,0.8282828282828283,0.8552188552188552,0.008417508417508417,0.9175084175084175,0.7609427609427609,0.03367003367003367,0.5925925925925926,0.43434343434343436
2025-04-14,0.31986531986531985,0.6599326599326599,0.7205387205387206,0.5033670033670034,0.6582491582491582,0.98989898989899,0.265993265993266,0.8181818181818182,0.8198653198653199,0.10774410774410774,0.9208754208754208,0.7592592592592593,0.1026936026936027,0.5774410774410774,0.4158249158249158
2025-04-15,0.31986531986531985,0.7121212121212122,0.7205387205387206,0.5252525252525253,0.6835016835016835,0.9629629629629629,0.2878787878787879,0.8215488215488216,0.8383838383838383,0.011784511784511785,0.9831649831649831,0.7626262626262627,0.10606060606060606,0.5909090909090909,0.3148148148148148
2025-04-16,0.3047138047138047,0.7558922558922558,0.7104377104377104,0.5084175084175084,0.7525252525252525,0.9528619528619529,0.8872053872053872,0.8232323232323232,0.8569023569023569,0.21717171717171718,0.9848484848484849,0.7693602693602694,0.12289562289562289,0.6077441077441077,0.058922558922558925
2025-04-17,0.2962962962962963,0.702020202020202,0.7087542087542088,0.531986531986532,0.6632996632996633,0.9292929292929293,0.26936026936026936,0.8249158249158249,0.8737373737373737,0.7356902356902357,0.9814814814814815,0.765993265993266,0.09595959595959595,0.601010101010101,0.8164983164983165
2025-04-18,0.2962962962962963,0.7441077441077442,0.7087542087542088,0.5437710437710438,0.7171717171717171,0.9292929292929293,0.36363636363636365,0.82996632996633,0.8888888888888888,0.1111111111111111,0.9696969696969697,0.7710437710437711,0.07744107744107744,0.6515151515151515,0.24074074074074073
2025-04-21,0.2895622895622896,0.7744107744107744,0.7003367003367004,0.5218855218855218,0.7525252525252525,0.9747474747474747,0.46296296296296297,0.835016835016835,0.8754208754208754,0.5925925925925926,0.9545454545454546,0.7912457912457912,0.016835016835016835,0.6818181818181818,0.17845117845117844
2025-04-22,0.2895622895622896,0.7710437710437711,0.7003367003367004,0.4882154882154882,0.7558922558922558,0.9427609427609428,0.6430976430976431,0.8316498316498316,0.8501683501683501,0.27104377104377103,0.9528619528619529,0.7895622895622896,0.030303030303030304,0.6835016835016835,0.3451178451178451
2025-04-23,0.2895622895622896,0.7626262626262627,0.7003367003367004,0.5303030303030303,0.7424242424242424,0.9377104377104377,0.14646464646464646,0.8383838383838383,0.867003367003367,0.7104377104377104,0.9562289562289562,0.7878787878787878,0.025252525252525252,0.7003367003367004,0.6481481481481481
2025-04-24,0.2895622895622896,0.7441077441077442,0.7003367003367004,0.5050505050505051,0.7356902356902357,0.8400673400673401,0.6565656565656566,0.8333333333333334,0.8181818181818182,0.7289562289562289,0.9579124579124579,0.7878787878787878,0.09259259259259259,0.702020202020202,0.3552188552188552
2025-04-25,0.2727272727272727,0.7946127946127947,0.6767676767676768,0.5218855218855218,0.7760942760942761,0.7996632996632996,0.2676767676767677,0.8198653198653199,0.8097643097643098,0.7053872053872053,0.9595959595959596,0.8148148148148148,0.08249158249158249,0.6919191919191919,0.43265993265993263
2025-04-28,0.2727272727272727,0.7811447811447811,0.7003367003367004,0.5168350168350169,0.7609427609427609,0.8804713804713805,0.5067340067340067,0.8047138047138047,0.6919191919191919,0.7558922558922558,0.9730639730639731,0.8131313131313131,0.13636363636363635,0.6767676767676768,0.6414141414141414
2025-04-29,0.26430976430976433,0.7861952861952862,0.7003367003367004,0.48484848484848486,0.7558922558922558,0.9090909090909091,0.3400673400673401,0.803030303030303,0.632996632996633,0.7727272727272727,0.9781144781144782,0.8181818181818182,0.16666666666666666,0.6717171717171717,0.8619528619528619
2025-04-30,0.2558922558922559,0.8114478114478114,0.6767676767676768,0.4797979797979798,0.8013468013468014,0.9107744107744108,0.7222222222222222,0.8013468013468014,0.6161616161616161,0.36363636363636365,0.9764309764309764,0.8367003367003367,0.15824915824915825,0.7239057239057239,0.05555555555555555
2025-05-01,0.2558922558922559,0.8114478114478114,0.7003367003367004,0.4797979797979798,0.8013468013468014,0.8282828282828283,0.6127946127946128,0.8013468013468014,0.5606060606060606,0.4831649831649832,0.9764309764309764,0.8367003367003367,0.10437710437710437,0.6498316498316499,0.5202020202020202
2025-05-02,0.2558922558922559,0.8047138047138047,0.3720538720538721,0.4612794612794613,0.7828282828282829,0.7373737373737373,0.49663299663299665,0.7929292929292929,0.5286195286195287,0.05218855218855219,0.98989898989899,0.8333333333333334,0.06565656565656566,0.6481481481481481,0.2845117845117845
2025-05-05,0.2558922558922559,0.8047138047138047,0.3501683501683502,0.4612794612794613,0.7828282828282829,0.7811447811447811,0.6127946127946128,0.7929292929292929,0.28114478114478114,0.4831649831649832,0.98989898989899,0.8333333333333334,0.04208754208754209,0.35353535353535354,0.5202020202020202
2025-05-06,0.2558922558922559,0.8047138047138047,0.31313131313131315,0.4612794612794613,0.7828282828282829,0.8013468013468014,0.6127946127946128,0.7929292929292929,0.27104377104377103,0.4831649831649832,0.98989898989899,0.8333333333333334,0.08585858585858586,0.3063973063973064,0.5202020202020202
2025-05-07,0.2558922558922559,0.8468013468013468,0.31313131313131315,0.3434343434343434,0.8164983164983165,0.7003367003367004,0.36195286195286197,0.7861952861952862,0.21717171717171718,0.3888888888888889,0.9915824915824916,0.8451178451178452,0.12794612794612795,0.26262626262626265,0.5656565656565656
2025-05-08,0.234006734006734,0.797979797979798,0.3282828282828283,0.367003367003367,0.7676767676767676,0.67003367003367,0.4562289562289562,0.7255892255892256,0.013468013468013467,0.0016835016835016834,1.0,0.8383838383838383,0.05387205387205387,0.03367003367003367,0.6161616161616161
2025-05-09,0.22727272727272727,0.7239057239057239,0.3501683501683502,0.37542087542087543,0.6531986531986532,0.7121212121212122,0.6515151515151515,0.7272727272727273,0.003367003367003367,0.6144781144781145,0.9225589225589226,0.8265993265993266,0.08922558922558922,0.030303030303030304,0.5454545454545454
2025-05-12,0.2239057239057239,0.7087542087542088,0.3501683501683502,0.32491582491582494,0.6380471380471381,0.7609427609427609,0.2222222222222222,0.7171717171717171,0.010101010101010102,0.9276094276094277,0.9326599326599326,0.8282828282828283,0.04377104377104377,0.03198653198653199,0.45286195286195285
2025-05-13,0.2239057239057239,0.6245791245791246,0.3501683501683502,0.3383838383838384,0.5875420875420876,0.7087542087542088,0.5252525252525253,0.010101010101010102,0.0016835016835016834,0.1717171717171717,0.9141414141414141,0.8181818181818182,0.03872053872053872,0.02356902356902357,0.563973063973064
2025-05-14,0.2239057239057239,0.6767676767676768,0.3282828282828283,0.2760942760942761,0.6094276094276094,0.7188552188552189,0.20707070707070707,0.008417508417508417,0.006734006734006734,0.9764309764309764,0.898989898989899,0.8552188552188552,0.020202020202020204,0.020202020202020204,0.7424242424242424
2025-05-15,0.21717171717171718,0.6498316498316499,0.3282828282828283,0.2828282828282828,0.5858585858585859,0.6683501683501684,0.803030303030303,0.020202020202020204,0.015151515151515152,0.6262626262626263,0.8939393939393939,0.8535353535353535,0.0723905723905724,0.016835016835016835,0.25925925925925924
2025-05-16,0.21717171717171718,0.7255892255892256,0.3282828282828283,0.3164983164983165,0.6397306397306397,0.6212121212121212,0.45791245791245794,0.016835016835016835,0.005050505050505051,0.026936026936026935,0.8451178451178452,0.936026936026936,0.050505050505050504,0.010101010101010102,0.4511784511784512
2025-05-19,0.21717171717171718,0.6683501683501684,0.2878787878787879,0.21885521885521886,0.5757575757575758,0.7693602693602694,0.8434343434343434,0.003367003367003367,0.03198653198653199,0.16161616161616163,0.8501683501683501,0.9158249158249159,0.08417508417508418,0.008417508417508417,0.29292929292929293
2025-05-20,0.21212121212121213,0.6952861952861953,0.3282828282828283,0.2053872053872054,0.6127946127946128,0.7356902356902357,0.6380471380471381,0.0016835016835016834,0.030303030303030304,0.7171717171717171,0.8468013468013468,0.9781144781144782,0.04208754208754209,0.015151515151515152,0.12626262626262627
2025-05-21,0.21212121212121213,0.6801346801346801,0.3282828282828283,0.11447811447811448,0.5942760942760943,0.7474747474747475,0.2760942760942761,0.005050505050505051,0.02356902356902357,0.15824915824915825,0.8417508417508418,0.9545454545454546,0.015151515151515152,0.011784511784511785,0.5370370370370371
2025-05-22,0.21212121212121213,0.6885521885521886,0.3282828282828283,0.09764309764309764,0.6026936026936027,0.6936026936026936,0.8905723905723906,0.037037037037037035,0.058922558922558925,0.15656565656565657,0.8434343434343434,0.9612794612794613,0.03198653198653199,0.02861952861952862,0.3956228956228956
2025-05-23,0.21212121212121213,0.7087542087542088,0.29292929292929293,0.08417508417508418,0.5976430976430976,0.7272727272727273,0.6346801346801347,0.03535353535353535,0.03535353535353535,0.08585858585858586,0.8535353535353535,0.9629629629629629,0.06060606060606061,0.037037037037037035,0.10101010101010101
2025-05-26,0.2037037037037037,0.6952861952861953,0.3282828282828283,0.1026936026936027,0.5723905723905723,0.7272727272727273,0.08585858585858586,0.04882154882154882,0.13973063973063973,0.30976430976430974,0.8484848484848485,0.9730639730639731,0.06060606060606061,0.045454545454545456,0.3434343434343434
2025-05-27,0.2037037037037037,0.6952861952861953,0.2878787878787879,0.26430976430976433,0.5909090909090909,0.6548821548821548,0.702020202020202,0.050505050505050504,0.11952861952861953,0.050505050505050504,0.8569023569023569,0.98989898989899,0.07575757575757576,0.03872053872053872,0.3400673400673401
2025-05-28,0.2037037037037037,0.7154882154882155,0.2676767676767677,0.18855218855218855,0.622895622895623,0.5269360269360269,0.19865319865319866,0.05723905723905724,0.21212121212121213,0.6986531986531986,0.8552188552188552,0.9932659932659933,0.045454545454545456,0.03535353535353535,0.8080808080808081
2025-05-29,0.19528619528619529,0.6464646464646465,0.48484848484848486,0.09932659932659933,0.5622895622895623,0.5151515151515151,0.10101010101010101,0.10774410774410774,0.335016835016835,0.8367003367003367,0.867003367003367,0.9696969696969697,0.11616161616161616,0.08249158249158249,0.14814814814814814
2025-05-30,0.1936026936026936,0.6043771043771043,0.5269360269360269,0.05555555555555555,0.5471380471380471,0.5067340067340067,0.8316498316498316,0.14814814814814814,0.367003367003367,0.8636363636363636,0.8821548821548821,0.9545454545454546,0.13973063973063973,0.08922558922558922,0.2441077441077441
2025-06-02,0.18855218855218855,0.6077441077441077,0.5488215488215489,0.03198653198653199,0.5387205387205387,0.6026936026936027,0.5202020202020202,0.14309764309764308,0.37037037037037035,0.1447811447811448,0.8855218855218855,0.9545454545454546,0.12121212121212122,0.23063973063973064,0.9343434343434344
2025-06-03,0.18855218855218855,0.6077441077441077,0.5488215488215489,0.03198653198653199,0.5387205387205387,0.7053872053872053,0.6127946127946128,0.14309764309764308,0.37037037037037035,0.4831649831649832,0.8855218855218855,0.9545454545454546,0.12121212121212122,0.23063973063973064,0.5202020202020202
2025-06-04,0.1835016835016835,0.5437710437710438,0.5185185185185185,0.008417508417508417,0.4882154882154882,0.6313131313131313,0.05387205387205387,0.3047138047138047,0.5117845117845118,0.5707070707070707,0.8653198653198653,0.8838383838383839,0.2727272727272727,0.531986531986532,0.010101010101010102
2025-06-05,0.1835016835016835,0.5488215488215489,0.5488215488215489,0.011784511784511785,0.494949494949495,0.569023569023569,0.15488215488215487,0.3552188552188552,0.5774410774410774,0.2542087542087542,0.8636363636363636,0.9057239057239057,0.23232323232323232,0.5370370370370371,0.8821548821548821
2025-06-06,0.1835016835016835,0.5488215488215489,0.5269360269360269,0.011784511784511785,0.494949494949495,0.44107744107744107,0.6127946127946128,0.3552188552188552,0.5656565656565656,0.4831649831649832,0.8636363636363636,0.9057239057239057,0.14814814814814814,0.5269360269360269,0.5202020202020202
2025-06-09,0.1750841750841751,0.5370370370370371,0.51010101010101,0.025252525252525252,0.48653198653198654,0.5134680134680135,0.14983164983164984,0.3956228956228956,0.5707070707070707,0.02861952861952862,0.7289562289562289,0.9276094276094277,0.1447811447811448,0.6346801346801347,0.08585858585858586
2025-06-10,0.1750841750841751,0.5269360269360269,0.51010101010101,0.04882154882154882,0.5050505050505051,0.4831649831649832,0.35858585858585856,0.38215488215488214,0.6077441077441077,0.4057239057239057,0.7121212121212122,0.9090909090909091,0.13804713804713806,0.6178451178451179,0.5892255892255892
2025-06-11,0.1717171717171717,0.5016835016835017,0.5488215488215489,0.1026936026936027,0.4781144781144781,0.43602693602693604,0.21212121212121213,0.3872053872053872,0.6026936026936027,0.5488215488215489,0.6481481481481481,0.8872053872053872,0.18181818181818182,0.6313131313131313,0.8047138047138047
2025-06-12,0.1717171717171717,0.48484848484848486,0.5269360269360269,0.1734006734006734,0.4730639730639731,0.43097643097643096,0.3872053872053872,0.37542087542087543,0.5521885521885522,0.9141414141414141,0.7104377104377104,0.8905723905723906,0.21043771043771045,0.6262626262626263,0.6077441077441077
2025-06-13,0.1717171717171717,0.40404040404040403,0.5269360269360269,0.31986531986531985,0.45454545454545453,0.5892255892255892,0.8400673400673401,0.42592592592592593,0.5589225589225589,0.1414141414141414,0.5808080808080808,0.8585858585858586,0.1632996632996633,0.6548821548821548,0.3333333333333333
2025-06-16,0.1717171717171717,0.39225589225589225,0.5269360269360269,0.21885521885521886,0.4225589225589226,0.5336700336700336,0.1111111111111111,0.4276094276094276,0.5505050505050505,0.734006734006734,0.5976430976430976,0.8501683501683501,0.16161616161616163,0.6599326599326599,0.3787878787878788
2025-06-17,0.1632996632996633,0.43265993265993263,0.51010101010101,0.09595959595959595,0.4562289562289562,0.6346801346801347,0.4983164983164983,0.43097643097643096,0.5488215488215489,0.24915824915824916,0.398989898989899,0.9006734006734006,0.21885521885521886,0.6750841750841751,0.67003367003367
2025-06-18,0.1632996632996633,0.3771043771043771,0.51010101010101,0.15656565656565657,0.4276094276094276,0.5387205387205387,0.31986531986531985,0.34175084175084175,0.5218855218855218,0.29124579124579125,0.38047138047138046,0.8636363636363636,0.24074074074074073,0.7205387205387206,0.8888888888888888
2025-06-19,0.1632996632996633,0.3434343434343434,0.51010101010101,0.1717171717171717,0.4208754208754209,0.5387205387205387,0.4663299663299663,0.32323232323232326,0.42424242424242425,0.9545454545454546,0.5488215488215489,0.8535353535353535,0.2356902356902357,0.6801346801346801,0.44107744107744107
2025-06-20,0.1632996632996633,0.367003367003367,0.51010101010101,0.15656565656565657,0.44107744107744107,0.45286195286195285,0.15656565656565657,0.3569023569023569,0.5185185185185185,0.8400673400673401,0.5824915824915825,0.877104377104377,0.22727272727272727,0.67003367003367,0.6498316498316499
2025-06-23,0.1632996632996633,0.31986531986531985,0.48484848484848486,0.24242424242424243,0.3771043771043771,0.5757575757575758,0.6952861952861953,0.2474747474747475,0.36363636363636365,0.06397306397306397,0.6279461279461279,0.8434343434343434,0.27946127946127947,0.6144781144781145,0.12121212121212122
2025-06-24,0.1632996632996633,0.38552188552188554,0.48484848484848486,0.2946127946127946,0.4444444444444444,0.5134680134680135,0.03535353535353535,0.39057239057239057,0.4983164983164983,0.9730639730639731,0.6717171717171717,0.877104377104377,0.26936026936026936,0.7744107744107744,0.12794612794612795
2025-06-25,0.1632996632996633,0.38552188552188554,0.48484848484848486,0.3063973063973064,0.44612794612794615,0.48484848484848486,0.4831649831649832,0.3602693602693603,0.4090909090909091,0.02356902356902357,0.7962962962962963,0.8703703703703703,0.2760942760942761,0.7760942760942761,0.5538720538720538
2025-06-26,0.1632996632996633,0.41245791245791247,0.27441077441077444,0.3888888888888889,0.4494949494949495,0.4377104377104377,0.8518518518518519,0.42424242424242425,0.3501683501683502,0.19865319865319866,0.7777777777777778,0.877104377104377,0.27441077441077444,0.7710437710437711,0.6750841750841751
2025-06-27,0.1632996632996633,0.38047138047138046,0.19528619528619529,0.398989898989899,0.45286195286195285,0.4158249158249158,0.8131313131313131,0.51010101010101,0.3602693602693603,0.24579124579124578,0.7760942760942761,0.8501683501683501,0.23737373737373738,0.7777777777777778,0.3872053872053872
2025-06-30,0.14814814814814814,0.39730639730639733,0.21885521885521886,0.32996632996632996,0.44276094276094274,0.4562289562289562,0.3653198653198653,0.4494949494949495,0.3838383838383838,0.3282828282828283,0.7558922558922558,0.8585858585858586,0.30303030303030304,0.7087542087542088,0.6515151515151515
2025-07-01,0.14814814814814814,0.4074074074074074,0.21885521885521886,0.4057239057239057,0.43602693602693604,0.5336700336700336,0.35353535353535354,0.36363636363636365,0.4175084175084175,0.26430976430976433,0.7053872053872053,0.8939393939393939,0.2727272727272727,0.6936026936026936,0.2760942760942761
2025-07-02,0.13804713804713806,0.3468013468013468,0.19528619528619529,0.3484848484848485,0.37373737373737376,0.48653198653198654,0.7474747474747475,0.3939393939393939,0.29797979797979796,0.34175084175084175,0.6868686868686869,0.898989898989899,0.2777777777777778,0.38047138047138046,0.41414141414141414
2025-07-03,0.11616161616161616,0.40404040404040403,0.27441077441077444,0.27946127946127947,0.41414141414141414,0.3956228956228956,0.17676767676767677,0.25925925925925924,0.2845117845117845,0.8686868686868687,0.7457912457912458,0.968013468013468,0.20707070707070707,0.37542087542087543,0.5976430976430976
2025-07-04,0.11616161616161616,0.35185185185185186,0.27441077441077444,0.30303030303030304,0.3787878787878788,0.3956228956228956,0.9461279461279462,0.4612794612794613,0.3771043771043771,0.31986531986531985,0.7390572390572391,0.9461279461279462,0.21885521885521886,0.4444444444444444,0.41245791245791247
2025-07-07,0.11616161616161616,0.3434343434343434,0.21885521885521886,0.31313131313131315,0.3400673400673401,0.4276094276094276,0.4764309764309764,0.41414141414141414,0.3164983164983165,0.8316498316498316,0.6296296296296297,0.9612794612794613,0.1919191919191919,0.3569023569023569,0.12962962962962962
2025-07-08,0.11616161616161616,0.36195286195286197,0.21885521885521886,0.2609427609427609,0.36363636363636365,0.41919191919191917,0.10942760942760943,0.49326599326599324,0.35353535353535354,0.6447811447811448,0.632996632996633,0.9764309764309764,0.18181818181818182,0.5791245791245792,0.005050505050505051
2025-07-09,0.09595959595959595,0.35353535353535354,0.19528619528619529,0.23905723905723905,0.32996632996632996,0.3569023569023569,0.35185185185185186,0.46464646464646464,0.30134680134680136,0.5841750841750841,0.6346801346801347,0.9848484848484849,0.26430976430976433,0.5841750841750841,0.702020202020202
2025-07-10,0.09595959595959595,0.43434343434343436,0.19528619528619529,0.21548821548821548,0.42424242424242425,0.31313131313131315,0.13973063973063973,0.5218855218855218,0.35185185185185186,0.8198653198653199,0.6043771043771043,1.0,0.20707070707070707,0.5875420875420876,0.5791245791245792
2025-07-11,0.09595959595959595,0.39057239057239057,0.19528619528619529,0.24242424242424243,0.3939393939393939,0.38215488215488214,0.6919191919191919,0.4730639730639731,0.3400673400673401,0.3602693602693603,0.5740740740740741,0.9983164983164983,0.15824915824915825,0.5824915824915825,0.5606060606060606
2025-07-14,0.09595959595959595,0.3468013468013468,0.19528619528619529,0.12794612794612795,0.335016835016835,0.468013468013468,0.30303030303030304,0.39730639730639733,0.3181818181818182,0.5993265993265994,0.5656565656565656,0.9848484848484849,0.19865319865319866,0.6784511784511784,0.05387205387205387
2025-07-15,0.09595959595959595,0.367003367003367,0.14646464646464646,0.11952861952861953,0.37373737373737376,0.4292929292929293,0.398989898989899,0.39225589225589225,0.3484848484848485,0.7239057239057239,0.5606060606060606,0.9814814814814815,0.1447811447811448,0.7037037037037037,0.8215488215488216
2025-07-16,0.08585858585858586,0.3602693602693603,0.21885521885521886,0.10606060606060606,0.35185185185185186,0.4393939393939394,0.8451178451178452,0.45791245791245794,0.3552188552188552,0.7508417508417509,0.5622895622895623,0.9764309764309764,0.17003367003367004,0.8232323232323232,0.9696969696969697
2025-07-17,0.08585858585858586,0.3282828282828283,0.21885521885521886,0.08585858585858586,0.3181818181818182,0.3838383838383838,0.468013468013468,0.4595959595959596,0.3569023569023569,0.7626262626262627,0.44276094276094274,0.936026936026936,0.18855218855218855,0.8198653198653199,0.32491582491582494
2025-07-18,0.08585858585858586,0.335016835016835,0.21885521885521886,0.1717171717171717,0.32323232323232326,0.3434343434343434,0.6582491582491582,0.41919191919191917,0.29292929292929293,0.7188552188552189,0.4158249158249158,0.930976430976431,0.18686868686868688,0.8484848484848485,0.8602693602693603
2025-07-21,0.08585858585858586,0.37542087542087543,0.21885521885521886,0.1717171717171717,0.3653198653198653,0.4074074074074074,0.32491582491582494,0.4090909090909091,0.3282828282828283,0.5673400673400674,0.3114478114478115,0.9410774410774411,0.21212121212121213,0.8434343434343434,0.7474747474747475
2025-07-22,0.08585858585858586,0.3602693602693603,0.21885521885521886,0.23905723905723905,0.3383838383838384,0.4478114478114478,0.8956228956228957,0.1936026936026936,0.2878787878787879,0.36195286195286197,0.22895622895622897,0.9276094276094277,0.23063973063973064,0.7626262626262627,0.23232323232323232
2025-07-23,0.08585858585858586,0.3686868686868687,0.21885521885521886,0.25084175084175087,0.35858585858585856,0.39057239057239057,0.39225589225589225,0.19865319865319866,0.2996632996632997,0.17845117845117844,0.018518518518518517,0.930976430976431,0.1835016835016835,0.7609427609427609,0.5993265993265994
2025-07-24,0.08585858585858586,0.35185185185185186,0.21885521885521886,0.21043771043771045,0.33164983164983164,0.3367003367003367,0.4595959595959596,0.1734006734006734,0.25252525252525254,0.1127946127946128,0.026936026936026935,0.9158249158249159,0.1734006734006734,0.7407407407407407,0.44276094276094274
2025-07-25,0.05387205387205387,0.3434343434343434,0.27441077441077444,0.2609427609427609,0.30808080808080807,0.32491582491582494,0.4730639730639731,0.15151515151515152,0.19528619528619529,0.05555555555555555,0.10942760942760943,0.9057239057239057,0.19696969696969696,0.7373737373737373,0.32323232323232326
2025-07-28,0.08585858585858586,0.4158249158249158,0.3771043771043771,0.27946127946127947,0.335016835016835,0.3484848484848485,0.3956228956228956,0.14983164983164984,0.18686868686868688,0.877104377104377,0.15824915824915825,0.9276094276094277,0.16498316498316498,0.8821548821548821,1.0
2025-07-29,0.08585858585858586,0.44276094276094274,0.3771043771043771,0.29292929292929293,0.3484848484848485,0.3720538720538721,0.3367003367003367,0.1531986531986532,0.2138047138047138,0.7121212121212122,0.1447811447811448,0.936026936026936,0.2255892255892256,0.8872053872053872,0.22895622895622897
2025-07-30,0.08585858585858586,0.43602693602693604,0.28114478114478114,0.3602693602693603,0.367003367003367,0.32323232323232326,0.32154882154882153,0.1447811447811448,0.2676767676767677,0.9595959595959596,0.21885521885521886,0.9410774410774411,0.1717171717171717,0.8888888888888888,0.8131313131313131
2025-07-31,0.08585858585858586,0.4208754208754209,0.24242424242424243,0.42592592592592593,0.3484848484848485,0.2946127946127946,0.7070707070707071,0.10942760942760943,0.19696969696969696,0.08754208754208755,0.27104377104377103,0.9191919191919192,0.16835016835016836,0.8855218855218855,0.6734006734006734
2025-08-01,0.08585858585858586,0.3602693602693603,0.24242424242424243,0.3265993265993266,0.31986531986531985,0.3501683501683502,0.9831649831649831,0.531986531986532,0.3114478114478115,0.8838383838383839,0.2878787878787879,0.8905723905723906,0.3333333333333333,0.9090909090909091,0.6262626262626263
2025-08-04,0.08585858585858586,0.48148148148148145,0.24242424242424243,0.3164983164983165,0.4292929292929293,0.4175084175084175,0.27946127946127947,0.5471380471380471,0.38047138047138046,0.9057239057239057,0.30808080808080807,0.9966329966329966,0.2962962962962963,0.9074074074074074,0.31313131313131315
2025-08-05,0.05387205387205387,0.48148148148148145,0.27946127946127947,0.3653198653198653,0.40404040404040403,0.43265993265993263,0.13636363636363635,0.5303030303030303,0.4797979797979798,0.03367003367003367,0.5336700336700336,0.9949494949494949,0.2878787878787879,0.7912457912457912,0.28114478114478114
2025-08-06,0.05387205387205387,0.468013468013468,0.24242424242424243,0.3484848484848485,0.39057239057239057,0.35353535353535354,0.5437710437710438,0.5269360269360269,0.4511784511784512,0.6077441077441077,0.5353535353535354,0.98989898989899,0.29797979797979796,0.8013468013468014,0.18181818181818182
2025-08-07,0.05387205387205387,0.4882154882154882,0.24242424242424243,0.2895622895622896,0.43434343434343436,0.2996632996632997,0.27441077441077444,0.46296296296296297,0.45791245791245794,0.6683501683501684,0.49663299663299665,0.9932659932659933,0.2845117845117845,0.7946127946127947,0.5420875420875421
2025-08-08,0.05387205387205387,0.4898989898989899,0.24242424242424243,0.2760942760942761,0.43097643097643096,0.27946127946127947,0.7643097643097643,0.4797979797979798,0.49663299663299665,0.15993265993265993,0.5505050505050505,0.9814814814814815,0.2558922558922559,0.7996632996632996,0.6851851851851852
2025-08-11,0.05387205387205387,0.45454545454545453,0.24242424242424243,0.30134680134680136,0.4107744107744108,0.31986531986531985,0.6548821548821548,0.4511784511784512,0.44612794612794615,0.6094276094276094,0.5538720538720538,0.968013468013468,0.26262626262626265,0.6868686868686869,0.6599326599326599
2025-08-12,0.05387205387205387,0.44107744107744107,0.24242424242424243,0.2609427609427609,0.3872053872053872,0.24915824915824916,0.7592592592592593,0.4562289562289562,0.4562289562289562,0.6397306397306397,0.5454545454545454,0.9410774410774411,0.25925925925925924,0.7306397306397306,0.10606060606060606
2025-08-13,0.05387205387205387,0.45454545454545453,0.12962962962962962,0.1835016835016835,0.41919191919191917,0.2474747474747475,0.24579124579124578,0.4713804713804714,0.5134680134680135,0.6161616161616161,0.5202020202020202,0.9461279461279462,0.30976430976430974,0.5235690235690236,0.7592592592592593
2025-08-14,0.05387205387205387,0.468013468013468,0.12962962962962962,0.2053872053872054,0.4393939393939394,0.2356902356902357,0.5286195286195287,0.4696969696969697,0.5033670033670034,0.132996632996633,0.5589225589225589,0.9612794612794613,0.24242424242424243,0.5252525252525253,0.265993265993266
2025-08-15,0.05387205387205387,0.468013468013468,0.12962962962962962,0.2053872053872054,0.4393939393939394,0.234006734006734,0.6127946127946128,0.4696969696969697,0.48653198653198654,0.4831649831649832,0.5589225589225589,0.9612794612794613,0.20033670033670034,0.5134680134680135,0.5202020202020202
2025-08-18,0.05387205387205387,0.44612794612794615,0.12962962962962962,0.13131313131313133,0.39730639730639733,0.32154882154882153,0.9141414141414141,0.5420875420875421,0.5622895622895623,0.3047138047138047,0.5404040404040404,0.9276094276094277,0.24579124579124578,0.5723905723905723,0.8282828282828283
2025-08-19,0.013468013468013467,0.42424242424242425,0.22895622895622897,0.11616161616161616,0.3367003367003367,0.3265993265993266,0.8215488215488216,0.5404040404040404,0.5471380471380471,0.6885521885521886,0.5521885521885522,0.9158249158249159,0.2962962962962963,0.5707070707070707,0.30134680134680136
2025-08-20,0.013468013468013467,0.42424242424242425,0.22895622895622897,0.12121212121212122,0.34175084175084175,0.30303030303030304,0.7946127946127947,0.5185185185185185,0.5942760942760943,0.7424242424242424,0.569023569023569,0.9191919191919192,0.30134680134680136,0.5656565656565656,0.30976430976430974
2025-08-21,0.013468013468013467,0.4292929292929293,0.22895622895622897,0.1447811447811448,0.36195286195286197,0.30134680134680136,0.4158249158249158,0.5151515151515151,0.622895622895623,0.8939393939393939,0.601010101010101,0.9276094276094277,0.265993265993266,0.6060606060606061,0.24915824915824916
2025-08-22,0.013468013468013467,0.4175084175084175,0.12962962962962962,0.15656565656565657,0.32154882154882153,0.26262626262626265,0.29124579124579125,0.5336700336700336,0.702020202020202,0.5269360269360269,0.5420875420875421,0.9158249158249159,0.33164983164983164,0.5892255892255892,0.8114478114478114
2025-08-25,0.013468013468013467,0.4511784511784512,0.018518518518518517,0.10606060606060606,0.3686868686868687,0.25252525252525254,0.19023569023569023,0.5723905723905723,0.7828282828282829,0.27441077441077444,0.40235690235690236,0.9545454545454546,0.31313131313131315,0.42592592592592593,0.632996632996633
2025-08-26,0.013468013468013467,0.4730639730639731,0.018518518518518517,0.06228956228956229,0.38215488215488214,0.2828282828282828,0.8569023569023569,0.5858585858585859,0.8013468013468014,0.07575757575757576,0.4663299663299663,0.9730639730639731,0.33164983164983164,0.4377104377104377,0.7289562289562289
2025-08-27,0.013468013468013467,0.494949494949495,0.018518518518518517,0.08922558922558922,0.4276094276094276,0.2542087542087542,0.44612794612794615,0.5774410774410774,0.7811447811447811,0.7878787878787878,0.47474747474747475,0.98989898989899,0.32323232323232326,0.43434343434343436,0.5269360269360269
2025-08-28,0.013468013468013467,0.4831649831649832,0.018518518518518517,0.1717171717171717,0.398989898989899,0.25084175084175087,0.43602693602693604,0.563973063973064,0.7861952861952862,0.7676767676767676,0.3602693602693603,0.968013468013468,0.3282828282828283,0.44612794612794615,0.25252525252525254
2025-08-29,0.05387205387205387,0.48148148148148145,0.12962962962962962,0.1936026936026936,0.39730639730639733,0.28619528619528617,0.7154882154882155,0.5656565656565656,0.6818181818181818,0.11616161616161616,0.335016835016835,0.9427609427609428,0.32154882154882153,0.2053872053872054,0.5774410774410774
2025-09-01,0.05387205387205387,0.4494949494949495,0.12962962962962962,0.12794612794612795,0.38047138047138046,0.28619528619528617,0.9040404040404041,0.11447811447811448,0.7289562289562289,0.3451178451178451,0.30976430976430974,0.9090909090909091,0.3383838383838384,0.1936026936026936,0.37542087542087543
2025-09-02,0.05387205387205387,0.4377104377104377,0.06060606060606061,0.09595959595959595,0.3484848484848485,0.37542087542087543,0.27104377104377103,0.11784511784511785,0.6599326599326599,0.7777777777777778,0.2777777777777778,0.898989898989899,0.32491582491582494,0.1414141414141414,0.3501683501683502
2025-09-03,0.05387205387205387,0.38047138047138046,0.06060606060606061,0.06228956228956229,0.31313131313131315,0.44612794612794615,0.41414141414141414,0.06228956228956229,0.6885521885521886,0.39730639730639733,0.1127946127946128,0.8636363636363636,0.3653198653198653,0.12457912457912458,0.5841750841750841
2025-09-04,0.05387205387205387,0.37037037037037035,0.06060606060606061,0.13131313131313133,0.3164983164983165,0.4225589225589226,0.367003367003367,0.06565656565656566,0.6632996632996633,0.5942760942760943,0.1111111111111111,0.867003367003367,0.3686868686868687,0.11952861952861953,0.8484848484848485
2025-09-05,0.05387205387205387,0.3872053872053872,0.06060606060606061,0.17845117845117844,0.3282828282828283,0.3771043771043771,0.4898989898989899,0.05555555555555555,0.6346801346801347,0.3367003367003367,0.10606060606060606,0.8821548821548821,0.3838383838383838,0.10101010101010101,0.40235690235690236
2025-09-08,0.05387205387205387,0.3939393939393939,0.06060606060606061,0.1632996632996633,0.36195286195286197,0.3552188552188552,0.38552188552188554,0.05387205387205387,0.6515151515151515,0.3484848484848485,0.07575757575757576,0.8821548821548821,0.398989898989899,0.09764309764309764,0.7558922558922558
2025-09-09,0.05387205387205387,0.4006734006734007,0.06060606060606061,0.18181818181818182,0.40404040404040403,0.3282828282828283,0.19696969696969696,0.0723905723905724,0.6902356902356902,0.3164983164983165,0.07912457912457913,0.8939393939393939,0.3771043771043771,0.20033670033670034,0.13804713804713806
2025-09-10,0.05387205387205387,0.3484848484848485,0.06060606060606061,0.15993265993265993,0.39057239057239057,0.2878787878787879,0.12962962962962962,0.13468013468013468,0.6851851851851852,0.22895622895622897,0.08922558922558922,0.8636363636363636,0.39730639730639733,0.4276094276094276,0.045454545454545456
2025-09-11,0.05387205387205387,0.38552188552188554,0.06060606060606061,0.18181818181818182,0.4107744107744108,0.2138047138047138,0.2845117845117845,0.11616161616161616,0.7272727272727273,0.5471380471380471,0.08754208754208755,0.8821548821548821,0.4006734006734007,0.44107744107744107,0.8468013468013468
2025-09-12,0.05387205387205387,0.3720538720538721,0.06060606060606061,0.21043771043771045,0.3872053872053872,0.1835016835016835,0.15151515151515152,0.1632996632996633,0.7744107744107744,0.6060606060606061,0.06060606060606061,0.8703703703703703,0.38215488215488214,0.4478114478114478,0.5707070707070707
2025-09-15,0.05387205387205387,0.3552188552188552,0.06060606060606061,0.234006734006734,0.37373737373737376,0.24074074074074073,0.4225589225589226,0.07407407407407407,0.7188552188552189,0.3720538720538721,0.05387205387205387,0.867003367003367,0.3872053872053872,0.3501683501683502,0.20202020202020202
2025-09-16,0.05387205387205387,0.4057239057239057,0.0016835016835016834,0.19696969696969696,0.41919191919191917,0.24242424242424243,0.20033670033670034,0.06397306397306397,0.7255892255892256,0.5370370370370371,0.04713804713804714,0.898989898989899,0.38552188552188554,0.3602693602693603,0.8939393939393939
2025-09-17,0.08585858585858586,0.44107744107744107,0.02861952861952862,0.26936026936026936,0.43265993265993263,0.23063973063973064,0.8754208754208754,0.07912457912457913,0.7474747474747475,0.11447811447811448,0.0707070707070707,0.877104377104377,0.37373737373737376,0.39057239057239057,0.6632996632996633
2025-09-18,0.08585858585858586,0.46296296296296297,0.02861952861952862,0.335016835016835,0.4511784511784512,0.16161616161616163,0.16666666666666666,0.09932659932659933,0.7727272727272727,0.27946127946127947,0.021885521885521887,0.8872053872053872,0.3484848484848485,0.38552188552188554,0.8569023569023569
2025-09-19,0.08585858585858586,0.43097643097643096,0.02861952861952862,0.24579124579124578,0.3872053872053872,0.1734006734006734,0.7441077441077442,0.11952861952861953,0.7457912457912458,0.7744107744107744,0.03872053872053872,0.8468013468013468,0.3552188552188552,0.3838383838383838,0.2542087542087542
2025-09-22,0.08585858585858586,0.39730639730639733,0.02861952861952862,0.24579124579124578,0.35185185185185186,0.22895622895622897,0.3333333333333333,0.09427609427609428,0.6717171717171717,0.9090909090909091,0.10774410774410774,0.8417508417508418,0.3602693602693603,0.3787878787878788,0.7390572390572391
2025-09-23,0.08585858585858586,0.367003367003367,0.02861952861952862,0.32996632996632996,0.3484848484848485,0.22727272727272727,0.37037037037037035,0.06060606060606061,0.6313131313131313,0.5117845117845118,0.037037037037037035,0.8400673400673401,0.3653198653198653,0.3451178451178451,0.7609427609427609
2025-09-24,0.08585858585858586,0.335016835016835,0.02861952861952862,0.30976430976430974,0.3114478114478115,0.21717171717171718,0.734006734006734,0.06902356902356903,0.6430976430976431,0.398989898989899,0.02356902356902357,0.8249158249158249,0.36195286195286197,0.36363636363636365,0.6296296296296297
2025-09-25,0.09595959595959595,0.3164983164983165,0.09427609427609428,0.31986531986531985,0.30303030303030304,0.2222222222222222,0.6262626262626263,0.07575757575757576,0.6212121212121212,0.5656565656565656,0.020202020202020204,0.8063973063973064,0.367003367003367,0.367003367003367,0.7491582491582491
2025-09-26,0.11616161616161616,0.2946127946127946,0.09427609427609428,0.21548821548821548,0.29797979797979796,0.2037037037037037,0.9545454545454546,0.30134680134680136,0.7390572390572391,0.803030303030303,0.016835016835016835,0.7777777777777778,0.3787878787878788,0.3720538720538721,0.13468013468013468
2025-09-29,0.11616161616161616,0.25252525252525254,0.09427609427609428,0.23905723905723905,0.2946127946127946,0.2255892255892256,0.18181818181818182,0.2356902356902357,0.6952861952861953,0.9494949494949495,0.06228956228956229,0.7760942760942761,0.3939393939393939,0.39225589225589225,0.21548821548821548
2025-09-30,0.13804713804713806,0.2558922558922559,0.16161616161616163,0.26430976430976433,0.2777777777777778,0.2609427609427609,0.6767676767676768,0.23905723905723905,0.6279461279461279,0.07744107744107744,0.1414141414141414,0.7727272727272727,0.3956228956228956,0.4175084175084175,0.8013468013468014
2025-10-01,0.13804713804713806,0.2542087542087542,0.16161616161616163,0.2895622895622896,0.27441077441077444,0.18855218855218855,0.2777777777777778,0.25084175084175087,0.6447811447811448,0.5454545454545454,0.13804713804713806,0.7794612794612794,0.4225589225589226,0.41919191919191917,0.7222222222222222
2025-10-02,0.13804713804713806,0.2760942760942761,0.16161616161616163,0.234006734006734,0.2895622895622896,0.1531986531986532,0.04882154882154882,0.4444444444444444,0.7542087542087542,0.664983164983165,0.15488215488215487,0.803030303030303,0.43265993265993263,0.40235690235690236,0.8636363636363636
2025-10-03,0.13804713804713806,0.2760942760942761,0.16161616161616163,0.234006734006734,0.2895622895622896,0.12794612794612795,0.6127946127946128,0.4444444444444444,0.7491582491582491,0.4831649831649832,0.15488215488215487,0.803030303030303,0.4158249158249158,0.4057239057239057,0.5202020202020202
2025-10-06,0.13804713804713806,0.2760942760942761,0.16161616161616163,0.234006734006734,0.2895622895622896,0.17676767676767677,0.6127946127946128,0.4444444444444444,0.7239057239057239,0.4831649831649832,0.15488215488215487,0.803030303030303,0.3888888888888889,0.3956228956228956,0.5202020202020202
2025-10-07,0.13804713804713806,0.2760942760942761,0.16161616161616163,0.234006734006734,0.2895622895622896,0.22053872053872053,0.6127946127946128,0.4444444444444444,0.6548821548821548,0.4831649831649832,0.15488215488215487,0.803030303030303,0.4107744107744108,0.3282828282828283,0.5202020202020202
2025-10-08,0.13804713804713806,0.2760942760942761,0.16161616161616163,0.234006734006734,0.2895622895622896,0.21043771043771045,0.6127946127946128,0.4444444444444444,0.563973063973064,0.4831649831649832,0.15488215488215487,0.803030303030303,0.4158249158249158,0.058922558922558925,0.5202020202020202
2025-10-09,0.13804713804713806,0.2760942760942761,0.16161616161616163,0.234006734006734,0.2895622895622896,0.19865319865319866,0.6127946127946128,0.4444444444444444,0.51010101010101,0.4831649831649832,0.15488215488215487,0.803030303030303,0.4107744107744108,0.05555555555555555,0.5202020202020202
2025-10-10,0.13804713804713806,0.25925925925925924,0.16161616161616163,0.24915824915824916,0.2760942760942761,0.3164983164983165,0.12289562289562289,0.49158249158249157,0.5269360269360269,0.21043771043771045,0.17003367003367004,0.7845117845117845,0.46464646464646464,0.06060606060606061,0.9730639730639731
2025-10-13,0.11616161616161616,0.29797979797979796,0.29797979797979796,0.3434343434343434,0.30134680134680136,0.3164983164983165,0.8013468013468014,0.5387205387205387,0.5555555555555556,0.9932659932659933,0.37373737373737376,0.8114478114478114,0.4276094276094276,0.05218855218855219,0.7794612794612794
2025-10-14,0.11616161616161616,0.31313131313131315,0.29797979797979796,0.3787878787878788,0.3047138047138047,0.29797979797979796,0.7878787878787878,0.5589225589225589,0.48484848484848486,0.8720538720538721,0.3888888888888889,0.8215488215488216,0.42424242424242425,0.05387205387205387,0.5218855218855218
2025-10-15,0.11616161616161616,0.31986531986531985,0.25925925925925924,0.3838383838383838,0.3063973063973064,0.21548821548821548,0.050505050505050504,0.6043771043771043,0.5387205387205387,0.5336700336700336,0.35858585858585856,0.8249158249158249,0.40404040404040403,0.14646464646464646,0.5252525252525253
2025-10-16,0.11616161616161616,0.26262626262626265,0.25925925925925924,0.37542087542087543,0.29292929292929293,0.3063973063973064,0.06228956228956229,0.6531986531986532,0.5875420875420876,0.2222222222222222,0.3939393939393939,0.8063973063973064,0.468013468013468,0.1531986531986532,0.8956228956228957
2025-10-17,0.11616161616161616,0.2962962962962963,0.25925925925925924,0.4057239057239057,0.2996632996632997,0.26936026936026936,0.5420875420875421,0.6447811447811448,0.5454545454545454,0.17003367003367004,0.4444444444444444,0.8198653198653199,0.4377104377104377,0.15824915824915825,0.7323232323232324
2025-10-20,0.11616161616161616,0.2609427609427609,0.25925925925925924,0.43097643097643096,0.29292929292929293,0.24579124579124578,0.11784511784511785,0.6582491582491582,0.6111111111111112,0.5084175084175084,0.43602693602693604,0.8097643097643098,0.4478114478114478,0.35185185185185186,0.1026936026936027
2025-10-21,0.13804713804713806,0.2474747474747475,0.30808080808080807,0.4663299663299663,0.2727272727272727,0.2441077441077441,0.4494949494949495,0.6548821548821548,0.5791245791245792,0.5353535353535354,0.4377104377104377,0.803030303030303,0.4730639730639731,0.3552188552188552,0.7154882154882155
2025-10-22,0.13804713804713806,0.26430976430976433,0.30808080808080807,0.4764309764309764,0.29797979797979796,0.2239057239057239,0.14814814814814814,0.6414141414141414,0.6178451178451179,0.7037037037037037,0.3552188552188552,0.8097643097643098,0.4511784511784512,0.3484848484848485,0.9124579124579124
2025-10-23,0.13804713804713806,0.2356902356902357,0.25925925925925924,0.46464646464646464,0.27104377104377103,0.19696969696969696,0.8602693602693603,0.6565656565656566,0.6801346801346801,0.8333333333333334,0.3484848484848485,0.7811447811447811,0.45454545454545453,0.3383838383838384,0.3468013468013468
2025-10-24,0.14814814814814814,0.25084175084175087,0.25925925925925924,0.43434343434343436,0.27946127946127947,0.12121212121212122,0.06060606060606061,0.6784511784511784,0.67003367003367,0.835016835016835,0.36195286195286197,0.7828282828282829,0.4494949494949495,0.32323232323232326,0.9292929292929293
2025-10-27,0.14814814814814814,0.2441077441077441,0.25925925925925924,0.37542087542087543,0.26936026936026936,0.08754208754208755,0.05723905723905724,0.7037037037037037,0.7087542087542088,0.3787878787878788,0.3265993265993266,0.7744107744107744,0.494949494949495,0.2996632996632997,0.8434343434343434
2025-10-28,0.14814814814814814,0.23063973063973064,0.132996632996633,0.4696969696969697,0.2676767676767677,0.10101010101010101,0.8198653198653199,0.7138047138047138,0.7441077441077442,0.23905723905723905,0.3501683501683502,0.7676767676767676,0.4882154882154882,0.26936026936026936,0.30808080808080807
2025-10-29,0.14814814814814814,0.2138047138047138,0.132996632996633,0.46464646464646464,0.25757575757575757,0.07575757575757576,0.11616161616161616,0.7121212121212122,0.7643097643097643,0.601010101010101,0.3434343434343434,0.7643097643097643,0.4562289562289562,0.2878787878787879,0.9461279461279462
2025-10-30,0.1717171717171717,0.18855218855218855,0.4612794612794613,0.4444444444444444,0.23063973063973064,0.08922558922558922,0.48484848484848486,0.7104377104377104,0.6414141414141414,0.3265993265993266,0.3569023569023569,0.7491582491582491,0.48484848484848486,0.29292929292929293,0.8400673400673401
2025-10-31,0.1835016835016835,0.22053872053872053,0.6666666666666666,0.35858585858585856,0.25925925925925924,0.08417508417508418,0.3720538720538721,0.6161616161616161,0.6734006734006734,0.07407407407407407,0.4612794612794613,0.7508417508417509,0.49663299663299665,0.29797979797979796,0.5353535353535354
2025-11-03,0.1835016835016835,0.19023569023569023,0.6666666666666666,0.35858585858585856,0.23737373737373738,0.09595959595959595,0.03872053872053872,0.6498316498316499,0.7777777777777778,0.7407407407407407,0.37037037037037035,0.7474747474747475,0.5033670033670034,0.29797979797979796,0.9528619528619529
2025-11-04,0.18855218855218855,0.21043771043771045,0.6784511784511784,0.335016835016835,0.2558922558922559,0.10774410774410774,0.9528619528619529,0.7154882154882155,0.8434343434343434,0.5909090909090909,0.2996632996632997,0.7457912457912458,0.5168350168350169,0.31313131313131315,0.006734006734006734
2025-11-05,0.1936026936026936,0.1919191919191919,0.6885521885521886,0.3114478114478115,0.23232323232323232,0.17003367003367004,0.9629629629629629,0.7424242424242424,0.9090909090909091,0.9006734006734006,0.32323232323232326,0.7424242424242424,0.5016835016835017,0.3148148148148148,0.04882154882154882
2025-11-06,0.1936026936026936,0.15656565656565657,0.6885521885521886,0.26936026936026936,0.20033670033670034,0.1717171717171717,0.3602693602693603,0.734006734006734,0.9276094276094277,0.9074074074074074,0.36363636363636365,0.7356902356902357,0.6127946127946128,0.4225589225589226,0.04040404040404041
2025-11-07,0.19696969696969696,0.1447811447811448,0.7794612794612794,0.40235690235690236,0.17845117845117844,0.2053872053872054,0.9343434343434344,0.7441077441077442,0.9292929292929293,0.3181818181818182,0.3333333333333333,0.7205387205387206,0.6363636363636364,0.41414141414141414,0.37373737373737376
2025-11-10,0.2037037037037037,0.15151515151515152,0.7154882154882155,0.2828282828282828,0.19865319865319866,0.2760942760942761,0.03367003367003367,0.7474747474747475,0.9511784511784511,0.8922558922558923,0.1919191919191919,0.7222222222222222,0.6245791245791246,0.4511784511784512,0.38215488215488214
2025-11-11,0.21212121212121213,0.1750841750841751,0.7053872053872053,0.2609427609427609,0.21548821548821548,0.2760942760942761,0.30976430976430974,0.7457912457912458,0.9528619528619529,0.39225589225589225,0.1734006734006734,0.7272727272727273,0.5976430976430976,0.46296296296296297,0.9057239057239057
2025-11-12,0.2239057239057239,0.14646464646464646,0.7542087542087542,0.30976430976430974,0.19023569023569023,0.3047138047138047,0.24915824915824916,0.7407407407407407,0.9494949494949495,0.9124579124579124,0.21717171717171718,0.6767676767676768,0.7222222222222222,0.49158249158249157,0.020202020202020204
2025-11-13,0.22727272727272727,0.1531986531986532,0.734006734006734,0.3872053872053872,0.1919191919191919,0.2777777777777778,0.3787878787878788,0.7306397306397306,0.9377104377104377,0.6868686868686869,0.19023569023569023,0.6565656565656566,0.6784511784511784,0.5033670033670034,0.7255892255892256
2025-11-14,0.26430976430976433,0.16666666666666666,0.8047138047138047,0.2474747474747475,0.19528619528619529,0.2895622895622896,0.9797979797979798,0.7592592592592593,0.9629629629629629,0.6784511784511784,0.12962962962962962,0.6262626262626263,0.696969696969697,0.5858585858585859,0.1750841750841751
2025-11-17,0.2727272727272727,0.19696969696969696,0.803030303030303,0.19696969696969696,0.21043771043771045,0.3333333333333333,0.09259259259259259,0.7609427609427609,0.9663299663299664,0.06060606060606061,0.26430976430976433,0.6531986531986532,0.6851851851851852,0.5218855218855218,0.9831649831649831
2025-11-18,0.2895622895622896,0.23063973063973064,0.797979797979798,0.17676767676767677,0.24074074074074073,0.3400673400673401,0.9730639730639731,0.7828282828282829,0.9764309764309764,0.4006734006734007,0.265993265993266,0.6936026936026936,0.6666666666666666,0.664983164983165,0.3653198653198653
2025-11-19,0.2895622895622896,0.24074074074074073,0.797979797979798,0.12794612794612795,0.24242424242424243,0.35858585858585856,0.7811447811447811,0.7744107744107744,0.9747474747474747,0.8451178451178452,0.2727272727272727,0.6936026936026936,0.6717171717171717,0.6632996632996633,0.27441077441077444
2025-11-20,0.2895622895622896,0.24242424242424243,0.797979797979798,0.10774410774410774,0.2222222222222222,0.25757575757575757,0.09427609427609428,0.7878787878787878,0.9814814814814815,0.40235690235690236,0.26936026936026936,0.6851851851851852,0.7542087542087542,0.6531986531986532,0.8720538720538721
2025-11-21,0.2962962962962963,0.3114478114478115,0.803030303030303,0.1717171717171717,0.2542087542087542,0.2727272727272727,0.9781144781144782,0.8164983164983165,0.98989898989899,0.6936026936026936,0.25252525252525254,0.7138047138047138,0.7390572390572391,0.6666666666666666,0.03198653198653199
2025-11-24,0.2962962962962963,0.2845117845117845,0.803030303030303,0.19865319865319866,0.22895622895622897,0.23905723905723905,0.6750841750841751,0.797979797979798,0.9848484848484849,0.702020202020202,0.24915824915824916,0.7070707070707071,0.7828282828282829,0.6430976430976431,0.5404040404040404
2025-11-25,0.3047138047138047,0.2895622895622896,0.7828282828282829,0.2996632996632997,0.2356902356902357,0.1750841750841751,0.43434343434343436,0.7962962962962963,0.9831649831649831,0.5808080808080808,0.23063973063973064,0.7104377104377104,0.7878787878787878,0.6397306397306397,0.622895622895623
2025-11-26,0.3047138047138047,0.25925925925925924,0.7828282828282829,0.32154882154882153,0.23905723905723905,0.15993265993265993,0.05218855218855219,0.8080808080808081,0.9882154882154882,0.4831649831649832,0.23232323232323232,0.7121212121212122,0.7861952861952862,0.7424242424242424,0.39057239057239057
2025-11-27,0.31986531986531985,0.19528619528619529,0.7710437710437711,0.3787878787878788,0.19023569023569023,0.15993265993265993,0.335016835016835,0.8097643097643098,0.9966329966329966,0.06902356902356903,0.31313131313131315,0.5555555555555556,0.8484848484848485,0.7289562289562289,0.7828282828282829
2025-11-28,0.39057239057239057,0.2138047138047138,0.7710437710437711,0.335016835016835,0.20707070707070707,0.12289562289562289,0.9158249158249159,0.8148148148148148,1.0,0.6212121212121212,0.23737373737373738,0.5589225589225589,0.8333333333333334,0.734006734006734,0.15824915824915825
2025-12-01,0.40404040404040403,0.1835016835016835,0.7525252525252525,0.36363636363636365,0.18518518518518517,0.15488215488215487,0.6717171717171717,0.7760942760942761,0.9949494949494949,0.5589225589225589,0.234006734006734,0.5404040404040404,0.8181818181818182,0.7390572390572391,0.15656565656565657
2025-12-02,0.4292929292929293,0.20875420875420875,0.7525252525252525,0.4292929292929293,0.20202020202020202,0.13468013468013468,0.09932659932659933,0.7777777777777778,0.9983164983164983,0.6851851851851852,0.2356902356902357,0.5538720538720538,0.7895622895622896,0.7474747474747475,0.3771043771043771
2025-12-03,0.4292929292929293,0.20202020202020202,0.7710437710437711,0.41919191919191917,0.1936026936026936,0.08249158249158249,0.2542087542087542,0.7693602693602694,0.9932659932659933,0.5185185185185185,0.2037037037037037,0.5488215488215489,0.8232323232323232,0.7441077441077442,0.6717171717171717
2025-12-04,0.45454545454545453,0.2222222222222222,0.7525252525252525,0.3400673400673401,0.2037037037037037,0.0723905723905724,0.6784511784511784,0.765993265993266,0.9915824915824916,0.3552188552188552,0.16666666666666666,0.5572390572390572,0.7946127946127947,0.6683501683501684,0.8265993265993266
2025-12-05,0.45454545454545453,0.2356902356902357,0.7457912457912458,0.2895622895622896,0.21212121212121213,0.09932659932659933,0.11447811447811448,0.7626262626262627,0.9865319865319865,0.6582491582491582,0.16161616161616163,0.5707070707070707,0.7474747474747475,0.6380471380471381,0.6683501683501684
2025-12-08,0.4781144781144781,0.22727272727272727,0.7424242424242424,0.2760942760942761,0.2053872053872054,0.16835016835016836,0.18013468013468015,0.7575757575757576,0.9797979797979798,0.5235690235690236,0.10437710437710437,0.5505050505050505,0.7609427609427609,0.5336700336700336,0.9646464646464646
2025-12-09,0.5016835016835017,0.21548821548821548,0.7457912457912458,0.26936026936026936,0.18686868686868688,0.21885521885521886,0.7037037037037037,0.7558922558922558,0.9781144781144782,0.2609427609427609,0.11952861952861953,0.5387205387205387,0.8013468013468014,0.5202020202020202,0.4057239057239057
2025-12-10,0.5016835016835017,0.20707070707070707,0.7289562289562289,0.5134680134680135,0.17676767676767677,0.11616161616161616,0.6818181818181818,0.7525252525252525,0.9730639730639731,0.5757575757575758,0.058922558922558925,0.5336700336700336,0.7727272727272727,0.39730639730639733,0.7929292929292929
2025-12-11,0.5016835016835017,0.2053872053872054,0.7323232323232324,0.51010101010101,0.1750841750841751,0.12457912457912458,0.7777777777777778,0.7542087542087542,0.9713804713804713,0.4831649831649832,0.04882154882154882,0.5336700336700336,0.7710437710437711,0.4393939393939394,0.08417508417508418
2025-12-12,0.5016835016835017,0.2053872053872054,0.48484848484848486,0.4494949494949495,0.18013468013468015,0.12626262626262627,0.1717171717171717,0.7356902356902357,0.9696969696969697,0.3569023569023569,0.04040404040404041,0.5370370370370371,0.7491582491582491,0.37037037037037035,0.8737373737373737
2025-12-15,0.5016835016835017,0.23905723905723905,0.5117845117845118,0.42592592592592593,0.2255892255892256,0.18013468013468015,0.936026936026936,0.7390572390572391,0.968013468013468,0.6750841750841751,0.015151515151515152,0.5723905723905723,0.6632996632996633,0.335016835016835,0.26430976430976433
2025-12-16,0.4781144781144781,0.23905723905723905,0.6531986531986532,0.4511784511784512,0.22053872053872053,0.09427609427609428,0.9478114478114478,0.7205387205387206,0.9612794612794613,0.5892255892255892,0.013468013468013467,0.5808080808080808,0.6801346801346801,0.21717171717171718,0.09259259259259259
2025-12-17,0.4781144781144781,0.2356902356902357,0.6531986531986532,0.41245791245791247,0.2239057239057239,0.05218855218855219,0.1632996632996633,0.7239057239057239,0.9646464646464646,0.3063973063973064,0.0016835016835016834,0.5875420875420876,0.6818181818181818,0.2222222222222222,0.7760942760942761
2025-12-18,0.5016835016835017,0.2895622895622896,0.6548821548821548,0.35858585858585856,0.24579124579124578,0.03367003367003367,0.9175084175084175,0.7222222222222222,0.9595959595959596,0.8164983164983165,0.008417508417508417,0.6599326599326599,0.7104377104377104,0.24074074074074073,0.20707070707070707
2025-12-19,0.5016835016835017,0.24579124579124578,0.6531986531986532,0.398989898989899,0.21885521885521886,0.026936026936026935,0.3383838383838384,0.6481481481481481,0.9259259259259259,0.32491582491582494,0.006734006734006734,0.5959595959595959,0.7037037037037037,0.2474747474747475,0.25757575757575757
2025-12-22,0.5016835016835017,0.24915824915824916,0.6531986531986532,0.3063973063973064,0.22727272727272727,0.04377104377104377,0.08080808080808081,0.6750841750841751,0.9461279461279462,0.5218855218855218,0.005050505050505051,0.6111111111111112,0.7087542087542088,0.2760942760942761,0.7104377104377104
2025-12-23,0.5016835016835017,0.29292929292929293,0.6313131313131313,0.1111111111111111,0.25084175084175087,0.03872053872053872,0.4377104377104377,0.6767676767676768,0.9444444444444444,0.5538720538720538,0.003367003367003367,0.6380471380471381,0.7188552188552189,0.2845117845117845,0.7373737373737373
2025-12-24,0.4781144781144781,0.3047138047138047,0.7037037037037037,0.14814814814814814,0.26430976430976433,0.030303030303030304,0.6835016835016835,0.622895622895623,0.9040404040404041,0.7491582491582491,0.011784511784511785,0.6767676767676768,0.7154882154882155,0.1447811447811448,0.16161616161616163
2025-12-25,0.4781144781144781,0.3047138047138047,0.6801346801346801,0.14814814814814814,0.26430976430976433,0.030303030303030304,0.6127946127946128,0.622895622895623,0.8602693602693603,0.4831649831649832,0.011784511784511785,0.6767676767676768,0.7154882154882155,0.14309764309764308,0.5202020202020202
2025-12-26,0.4781144781144781,0.2828282828282828,0.569023569023569,0.1111111111111111,0.2441077441077441,0.020202020202020204,0.3686868686868687,0.6195286195286195,0.7962962962962963,0.013468013468013467,0.24579124579124578,0.6582491582491582,0.7676767676767676,0.1835016835016835,0.9191919191919192
2025-12-29,0.4781144781144781,0.30134680134680136,0.46464646464646464,0.1127946127946128,0.26430976430976433,0.02356902356902357,0.07407407407407407,0.6346801346801347,0.8333333333333334,0.021885521885521887,0.45791245791245794,0.7037037037037037,0.765993265993266,0.18181818181818182,0.7895622895622896
2025-12-30,0.4781144781144781,0.28114478114478114,0.43097643097643096,0.06902356902356903,0.25252525252525254,0.06228956228956229,0.664983164983165,0.632996632996633,0.7676767676767676,0.09090909090909091,0.494949494949495,0.6936026936026936,0.7794612794612794,0.12626262626262627,0.696969696969697
2025-12-31,0.4781144781144781,0.28114478114478114,0.43097643097643096,0.07407407407407407,0.25084175084175087,0.06060606060606061,0.6127946127946128,0.632996632996633,0.7138047138047138,0.5437710437710438,0.48484848484848486,0.6936026936026936,0.7306397306397306,0.11784511784511785,0.5202020202020202
2026-01-01,0.4781144781144781,0.28114478114478114,0.37037037037037035,0.07407407407407407,0.25084175084175087,0.06060606060606061,0.6127946127946128,0.632996632996633,0.6986531986531986,0.4831649831649832,0.48484848484848486,0.6936026936026936,0.7306397306397306,0.08754208754208755,0.5202020202020202
2026-01-02,0.4781144781144781,0.29292929292929293,0.37037037037037035,0.03872053872053872,0.265993265993266,0.04713804713804714,0.06902356902356903,0.6430976430976431,0.7424242424242424,0.4831649831649832,0.4797979797979798,0.7037037037037037,0.7171717171717171,0.06565656565656566,0.9023569023569024
2026-01-05,0.39057239057239057,0.21717171717171718,0.8585858585858586,0.021885521885521887,0.234006734006734,0.06902356902356903,0.026936026936026935,0.7070707070707071,0.7845117845117845,0.8653198653198653,0.5723905723905723,0.7154882154882155,0.7558922558922558,0.04377104377104377,0.9612794612794613
2026-01-06,0.3047138047138047,0.20202020202020202,0.8973063973063973,0.04377104377104377,0.20875420875420875,0.07744107744107744,0.1531986531986532,0.7087542087542088,0.8114478114478114,0.7693602693602694,0.5858585858585859,0.7188552188552189,0.7474747474747475,0.0707070707070707,0.38047138047138046
2026-01-07,0.2895622895622896,0.19865319865319866,0.9158249158249159,0.05218855218855219,0.21717171717171718,0.08080808080808081,0.3569023569023569,0.7053872053872053,0.8164983164983165,0.3383838383838384,0.5841750841750841,0.7323232323232324,0.7239057239057239,0.09259259259259259,0.930976430976431
2026-01-08,0.2727272727272727,0.1936026936026936,0.9141414141414141,0.05555555555555555,0.2138047138047138,0.09090909090909091,0.5336700336700336,0.702020202020202,0.8080808080808081,0.6464646464646465,0.5942760942760943,0.7356902356902357,0.67003367003367,0.1111111111111111,0.8905723905723906
2026-01-09,0.26430976430976433,0.17003367003367004,0.9124579124579124,0.05218855218855219,0.19696969696969696,0.04208754208754209,0.3181818181818182,0.7003367003367004,0.7895622895622896,0.5622895622895623,0.5909090909090909,0.7306397306397306,0.7323232323232324,0.132996632996633,0.39730639730639733
2026-01-12,0.2558922558922559,0.1632996632996633,0.9040404040404041,0.12794612794612795,0.1734006734006734,0.05387205387205387,0.2962962962962963,0.696969696969697,0.7508417508417509,0.8232323232323232,0.6212121212121212,0.7289562289562289,0.7205387205387206,0.1026936026936027,0.6666666666666666
2026-01-13,0.2558922558922559,0.15824915824915825,0.9107744107744108,0.13973063973063973,0.17003367003367004,0.037037037037037035,0.15824915824915825,0.6868686868686869,0.696969696969697,0.8888888888888888,0.6599326599326599,0.7373737373737373,0.7643097643097643,0.10606060606060606,0.7053872053872053
2026-01-14,0.234006734006734,0.16161616161616163,0.9040404040404041,0.09090909090909091,0.16835016835016836,0.018518518518518517,0.34175084175084175,0.6835016835016835,0.6245791245791246,0.8973063973063973,0.6851851851851852,0.7407407407407407,0.7962962962962963,0.13131313131313133,0.3114478114478115
2026-01-15,0.234006734006734,0.12626262626262627,0.8939393939393939,0.15993265993265993,0.13804713804713806,0.005050505050505051,0.1414141414141414,0.6363636363636364,0.6363636363636364,0.7643097643097643,0.702020202020202,0.7239057239057239,0.82996632996633,0.12794612794612795,0.9141414141414141
2026-01-16,0.234006734006734,0.13468013468013468,0.8939393939393939,0.14309764309764308,0.1447811447811448,0.016835016835016835,0.2828282828282828,0.38552188552188554,0.6262626262626263,0.10942760942760943,0.7491582491582491,0.7255892255892256,0.7811447811447811,0.11447811447811448,0.3686868686868687
2026-01-19,0.2558922558922559,0.12457912457912458,0.9040404040404041,0.06734006734006734,0.12626262626262627,0.016835016835016835,0.18518518518518517,0.3771043771043771,0.4831649831649832,0.7087542087542088,0.7239057239057239,0.7171717171717171,0.835016835016835,0.09932659932659933,0.9208754208754208
2026-01-20,0.2558922558922559,0.1111111111111111,0.9040404040404041,0.025252525252525252,0.10437710437710437,0.08585858585858586,0.7272727272727273,0.2053872053872054,0.48148148148148145,0.48484848484848486,0.7222222222222222,0.6952861952861953,0.8501683501683501,0.2138047138047138,0.026936026936026935
2026-01-21,0.2558922558922559,0.12962962962962962,0.9107744107744108,0.020202020202020204,0.11952861952861953,0.03198653198653199,0.37542087542087543,0.21212121212121213,0.4898989898989899,0.6902356902356902,0.7407407407407407,0.7037037037037037,0.8400673400673401,0.18686868686868688,0.5875420875420876
2026-01-22,0.2558922558922559,0.13973063973063973,0.9107744107744108,0.045454545454545456,0.132996632996633,0.008417508417508417,0.2895622895622896,0.17845117845117844,0.531986531986532,0.21885521885521886,0.7508417508417509,0.6851851851851852,0.8198653198653199,0.19528619528619529,0.5387205387205387
2026-01-23,0.2558922558922559,0.12457912457912458,0.9107744107744108,0.03367003367003367,0.12121212121212122,0.006734006734006734,0.31313131313131315,0.16161616161616163,0.5420875420875421,0.2037037037037037,0.7474747474747475,0.6127946127946128,0.8468013468013468,0.21885521885521886,0.11952861952861953
2026-01-26,0.26430976430976433,0.14814814814814814,0.9208754208754208,0.04713804713804714,0.14646464646464646,0.0016835016835016834,0.8232323232323232,0.21548821548821548,0.468013468013468,0.3333333333333333,0.3686868686868687,0.6094276094276094,0.8333333333333334,0.24242424242424243,0.398989898989899
2026-01-27,0.26430976430976433,0.14309764309764308,0.9208754208754208,0.06397306397306397,0.14814814814814814,0.003367003367003367,0.045454545454545456,0.3114478114478115,0.6380471380471381,0.006734006734006734,0.6077441077441077,0.5420875420875421,0.8114478114478114,0.3265993265993266,0.24579124579124578
2026-01-28,0.2727272727272727,0.15488215488215487,0.9259259259259259,0.04208754208754209,0.16498316498316498,0.010101010101010102,0.12794612794612795,0.2828282828282828,0.7037037037037037,0.8148148148148148,0.5757575757575758,0.5353535353535354,0.7929292929292929,0.36195286195286197,0.9511784511784511
2026-01-29,0.2895622895622896,0.1414141414141414,0.930976430976431,0.03872053872053872,0.15151515151515152,0.03535353535353535,0.26430976430976433,0.234006734006734,0.7323232323232324,0.018518518518518517,0.7878787878787878,0.5185185185185185,0.8282828282828283,0.3653198653198653,0.4006734006734007
2026-01-30,0.2895622895622896,0.12794612794612795,0.930976430976431,0.016835016835016835,0.13468013468013468,0.021885521885521887,0.5185185185185185,0.2037037037037037,0.5925925925925926,0.30808080808080807,0.7895622895622896,0.5067340067340067,0.8451178451178452,0.37373737373737376,0.7037037037037037
2026-02-02,0.3047138047138047,0.13131313131313133,0.8956228956228957,0.03872053872053872,0.13636363636363635,0.025252525252525252,0.9882154882154882,0.7188552188552189,0.664983164983165,0.9208754208754208,0.7912457912457912,0.49326599326599324,0.8265993265993266,0.4208754208754209,0.011784511784511785
2026-02-03,0.31986531986531985,0.11784511784511785,0.8181818181818182,0.015151515151515152,0.12794612794612795,0.013468013468013467,0.008417508417508417,0.7794612794612794,0.7929292929292929,0.9966329966329966,0.8316498316498316,0.468013468013468,0.867003367003367,0.6616161616161617,0.7643097643097643
2026-02-04,0.31986531986531985,0.11447811447811448,0.7592592592592593,0.0016835016835016834,0.1127946127946128,0.011784511784511785,0.1447811447811448,0.7811447811447811,0.8047138047138047,0.09595959595959595,0.8400673400673401,0.4595959595959596,0.8821548821548821,0.6043771043771043,0.17676767676767677
2026-02-05,0.34175084175084175,0.11952861952861953,0.7356902356902357,0.005050505050505051,0.12289562289562289,0.045454545454545456,0.9814814814814815,0.8434343434343434,0.8518518518518519,0.6279461279461279,0.8383838383838383,0.46296296296296297,0.9141414141414141,0.5404040404040404,0.016835016835016835
2026-02-06,0.34175084175084175,0.11616161616161616,0.6734006734006734,0.013468013468013467,0.10942760942760943,0.05555555555555555,0.9090909090909091,0.8468013468013468,0.8535353535353535,0.9696969696969697,0.8804713804713805,0.4562289562289562,0.9225589225589226,0.5420875420875421,0.03872053872053872
2026-02-09,0.34175084175084175,0.1127946127946128,0.6127946127946128,0.003367003367003367,0.1026936026936027,0.05218855218855219,0.020202020202020204,0.8804713804713805,0.9124579124579124,0.8181818181818182,0.8787878787878788,0.45286195286195285,0.9545454545454546,0.5740740740740741,0.7744107744107744
2026-02-10,0.39057239057239057,0.14983164983164984,0.622895622895623,0.02861952861952862,0.11616161616161616,0.06734006734006734,0.5117845117845118,0.8737373737373737,0.8821548821548821,0.14983164983164984,0.8754208754208754,0.468013468013468,0.936026936026936,0.6245791245791246,0.04713804713804714
2026-02-11,0.39057239057239057,0.15993265993265993,0.494949494949495,0.05723905723905724,0.13131313131313133,0.04040404040404041,0.2609427609427609,0.877104377104377,0.8855218855218855,0.13636363636363635,0.8585858585858586,0.4797979797979798,0.9023569023569024,0.6986531986531986,0.06397306397306397
2026-02-12,0.39057239057239057,0.1734006734006734,0.494949494949495,0.020202020202020204,0.15488215488215487,0.11447811447811448,0.030303030303030304,0.8838383838383839,0.9023569023569024,0.25252525252525254,0.8518518518518519,0.49326599326599324,0.9410774410774411,0.7154882154882155,0.3484848484848485
2026-02-13,0.39057239057239057,0.1835016835016835,0.494949494949495,0.08249158249158249,0.1632996632996633,0.13973063973063973,0.7053872053872053,0.8905723905723906,0.8872053872053872,0.05387205387205387,0.8737373737373737,0.5067340067340067,0.9494949494949495,0.7323232323232324,0.2878787878787879
2026-02-16,0.39057239057239057,0.1835016835016835,0.47474747474747475,0.08249158249158249,0.1632996632996633,0.13973063973063973,0.6127946127946128,0.8905723905723906,0.8417508417508418,0.4831649831649832,0.8737373737373737,0.5067340067340067,0.9494949494949495,0.6851851851851852,0.5202020202020202
2026-02-17,0.39057239057239057,0.1835016835016835,0.47474747474747475,0.08249158249158249,0.1632996632996633,0.11952861952861953,0.6127946127946128,0.8905723905723906,0.8316498316498316,0.4831649831649832,0.8737373737373737,0.5067340067340067,0.9377104377104377,0.6885521885521886,0.5202020202020202
2026-02-18,0.39057239057239057,0.1835016835016835,0.47474747474747475,0.08249158249158249,0.1632996632996633,0.06397306397306397,0.6127946127946128,0.8905723905723906,0.8249158249158249,0.4831649831649832,0.8737373737373737,0.5067340067340067,0.9191919191919192,0.7070707070707071,0.5202020202020202
2026-02-19,0.39057239057239057,0.16498316498316498,0.47474747474747475,0.132996632996633,0.1414141414141414,0.1111111111111111,0.03198653198653199,0.8922558922558923,0.835016835016835,0.39057239057239057,0.8602693602693603,0.5117845117845118,0.9343434343434344,0.7053872053872053,0.8063973063973064
2026-02-20,0.39057239057239057,0.18518518518518517,0.47474747474747475,0.1750841750841751,0.15656565656565657,0.06565656565656566,0.06734006734006734,0.8956228956228957,0.8367003367003367,0.8737373737373737,0.8872053872053872,0.5218855218855218,0.9040404040404041,0.7356902356902357,0.2053872053872054
2026-02-23,0.39057239057239057,0.1717171717171717,0.4478114478114478,0.08754208754208755,0.15488215488215487,0.1111111111111111,0.3434343434343434,0.8939393939393939,0.8215488215488216,0.29292929292929293,0.877104377104377,0.5252525252525253,0.9629629629629629,0.7643097643097643,0.9158249158249159
2026-02-24,0.39057239057239057,0.16835016835016836,0.4478114478114478,0.06734006734006734,0.14983164983164984,0.0707070707070707,0.08249158249158249,0.8973063973063973,0.765993265993266,0.12962962962962962,0.8888888888888888,0.5269360269360269,0.9646464646464646,0.8063973063973064,0.9966329966329966
2026-02-25,0.39057239057239057,0.18686868686868688,0.43602693602693604,0.07407407407407407,0.16666666666666666,0.04882154882154882,0.09595959595959595,0.898989898989899,0.7525252525252525,0.7154882154882155,0.8905723905723906,0.5286195286195287,0.930976430976431,0.7878787878787878,0.7407407407407407
2026-02-26,0.39057239057239057,0.21885521885521886,0.4057239057239057,0.1414141414141414,0.1717171717171717,0.05723905723905724,0.02356902356902357,0.9023569023569024,0.7626262626262627,0.0723905723905724,0.8922558922558923,0.5437710437710438,0.8956228956228957,0.797979797979798,0.98989898989899
2026-02-27,0.39057239057239057,0.2255892255892256,0.4057239057239057,0.15151515151515152,0.1835016835016835,0.18518518518518517,0.8636363636363636,0.9074074074074074,0.7760942760942761,0.05723905723905724,0.8282828282828283,0.5471380471380471,0.9124579124579124,0.8754208754208754,0.9259259259259259
2026-03-02,0.39057239057239057,0.2255892255892256,0.08922558922558922,0.15151515151515152,0.1835016835016835,0.17845117845117844,0.6127946127946128,0.9074074074074074,0.5757575757575758,0.4831649831649832,0.8282828282828283,0.5471380471380471,0.8703703703703703,0.835016835016835,0.5202020202020202
2026-03-03,0.40404040404040403,0.13636363636363635,0.1111111111111111,0.11952861952861953,0.1447811447811448,0.2558922558922559,0.9966329966329966,0.9225589225589226,0.4444444444444444,0.9444444444444444,0.8333333333333334,0.51010101010101,0.9545454545454546,0.7962962962962963,0.003367003367003367
2026-03-04,0.40404040404040403,0.12121212121212122,0.1111111111111111,0.13636363636363635,0.12457912457912458,0.13636363636363635,1.0,0.968013468013468,0.6127946127946128,1.0,0.9040404040404041,0.5084175084175084,0.9612794612794613,0.9663299663299664,0.2222222222222222
2026-03-05,0.40404040404040403,0.13973063973063973,0.03198653198653199,0.1632996632996633,0.13973063973063973,0.20875420875420875,0.0016835016835016834,0.98989898989899,0.6498316498316499,0.9797979797979798,0.9158249158249159,0.5168350168350169,0.9023569023569024,0.9797979797979798,0.8316498316498316
2026-03-06,0.4292929292929293,0.132996632996633,0.08922558922558922,0.1919191919191919,0.12962962962962962,0.30976430976430974,0.5404040404040404,0.9764309764309764,0.601010101010101,0.03872053872053872,0.930976430976431,0.5151515151515151,0.9057239057239057,0.9781144781144782,0.7171717171717171
2026-03-09,0.4292929292929293,0.10437710437710437,0.08922558922558922,0.44107744107744107,0.07407407407407407,0.29292929292929293,0.9915824915824916,0.9747474747474747,0.5740740740740741,0.9292929292929293,0.9074074074074074,0.44107744107744107,0.9831649831649831,0.9848484848484849,0.05218855218855219
2026-03-10,0.4292929292929293,0.10101010101010101,0.03198653198653199,0.35185185185185186,0.10774410774410774,0.23232323232323232,0.013468013468013467,0.9882154882154882,0.7205387205387206,0.98989898989899,0.9191919191919192,0.4882154882154882,0.9175084175084175,0.9814814814814815,0.9713804713804713
2026-03-11,0.45454545454545453,0.10942760942760943,0.1111111111111111,0.32491582491582494,0.11784511784511785,0.2676767676767677,0.17003367003367004,0.9797979797979798,0.7222222222222222,0.020202020202020204,0.968013468013468,0.49663299663299665,0.877104377104377,0.9831649831649831,0.06902356902356903
2026-03-12,0.45454545454545453,0.10606060606060606,0.1111111111111111,0.234006734006734,0.1111111111111111,0.5875420875420876,0.7491582491582491,0.9781144781144782,0.6397306397306397,0.16835016835016836,0.9494949494949495,0.48484848484848486,0.8653198653198653,0.9696969696969697,0.7239057239057239
2026-03-13,0.45454545454545453,0.09764309764309764,0.1111111111111111,0.29292929292929293,0.09764309764309764,0.48148148148148145,0.9276094276094277,0.9696969696969697,0.6835016835016835,0.9562289562289562,0.9663299663299664,0.45791245791245794,0.8804713804713805,0.9730639730639731,0.35353535353535354
2026-03-16,0.45454545454545453,0.1026936026936027,0.1111111111111111,0.22053872053872053,0.10606060606060606,0.37373737373737376,0.23063973063973064,0.9713804713804713,0.7053872053872053,0.9158249158249159,0.9797979797979798,0.4713804713804714,0.8939393939393939,0.9713804713804713,0.8804713804713805
2026-03-17,0.45454545454545453,0.09932659932659933,0.1111111111111111,0.27104377104377103,0.09932659932659933,0.28114478114478114,0.13131313131313133,0.9730639730639731,0.7356902356902357,0.8249158249158249,0.9612794612794613,0.48653198653198654,0.9242424242424242,0.9764309764309764,0.6094276094276094
2026-03-18,0.45454545454545453,0.10774410774410774,0.1111111111111111,0.35858585858585856,0.11447811447811448,0.30808080808080807,0.016835016835016835,0.9814814814814815,0.797979797979798,0.20707070707070707,0.9646464646464646,0.5134680134680135,0.8417508417508418,0.9882154882154882,0.8232323232323232
2026-03-19,0.4292929292929293,0.09427609427609428,0.2474747474747475,0.2895622895622896,0.09595959595959595,0.37037037037037035,0.9595959595959596,0.9865319865319865,0.7946127946127947,0.16498316498316498,0.9478114478114478,0.4781144781144781,0.8888888888888888,0.9865319865319865,0.1111111111111111
2026-03-20,0.4292929292929293,0.07407407407407407,0.2474747474747475,0.4225589225589226,0.07575757575757576,0.8619528619528619,0.4292929292929293,0.9831649831649831,0.7794612794612794,0.9747474747474747,0.9629629629629629,0.44612794612794615,0.8434343434343434,0.9747474747474747,0.3569023569023569
2026-03-23,0.4292929292929293,0.04208754208754209,0.2474747474747475,0.5286195286195287,0.04377104377104377,0.6632996632996633,0.9949494949494949,0.9949494949494949,0.8400673400673401,0.1936026936026936,0.9713804713804713,0.4090909090909091,0.9562289562289562,0.98989898989899,0.6616161616161617
2026-03-24,0.45454545454545453,0.06060606060606061,0.3047138047138047,0.4562289562289562,0.058922558922558925,0.7626262626262627,0.04040404040404041,0.9983164983164983,0.8585858585858586,0.9814814814814815,0.9949494949494949,0.4276094276094276,0.8922558922558923,0.9915824915824916,0.8501683501683501
2026-03-25,0.4781144781144781,0.050505050505050504,0.39225589225589225,0.4713804713804714,0.05387205387205387,0.6397306397306397,0.13804713804713806,0.9966329966329966,0.8703703703703703,0.06228956228956229,0.9966329966329966,0.40235690235690236,0.9444444444444444,0.9983164983164983,0.1127946127946128
2026-03-26,0.4781144781144781,0.05723905723905724,0.39225589225589225,0.45454545454545453,0.05555555555555555,0.9326599326599326,0.9696969696969697,1.0,0.8922558922558923,0.2727272727272727,0.9983164983164983,0.4006734006734007,0.8922558922558923,1.0,0.037037037037037035
2026-03-27,0.5016835016835017,0.04882154882154882,0.41245791245791247,0.39057239057239057,0.05218855218855219,0.9006734006734006,0.7289562289562289,0.9915824915824916,0.8838383838383839,0.9326599326599326,0.9932659932659933,0.38047138047138046,0.9107744107744108,0.9932659932659933,0.27946127946127947
2026-03-30,0.51010101010101,0.058922558922558925,0.44276094276094274,0.3451178451178451,0.06397306397306397,0.8434343434343434,0.9646464646464646,0.9932659932659933,0.9242424242424242,0.6026936026936027,0.9511784511784511,0.38215488215488214,0.9595959595959596,0.9966329966329966,0.4208754208754209
2026-03-31,0.51010101010101,0.05387205387205387,0.4107744107744108,0.41919191919191917,0.06228956228956229,0.6077441077441077,0.9848484848484849,0.9848484848484849,0.9057239057239057,0.7861952861952862,0.9444444444444444,0.3771043771043771,0.9730639730639731,0.9949494949494949,0.13131313131313133
2026-04-01,0.5016835016835017,0.07575757575757576,0.5656565656565656,0.44107744107744107,0.09259259259259259,0.45454545454545453,0.003367003367003367,0.9663299663299664,0.9175084175084175,0.9882154882154882,0.9057239057239057,0.4107744107744108,0.8569023569023569,0.968013468013468,0.9595959595959596
2026-04-02,0.4781144781144781,0.06565656565656566,0.6094276094276094,0.41919191919191917,0.06734006734006734,0.36195286195286197,0.9865319865319865,0.9629629629629629,0.8956228956228957,0.015151515151515152,0.9410774410774411,0.37542087542087543,0.9259259259259259,0.9511784511784511,0.08922558922558922
2026-04-03,0.45454545454545453,0.06902356902356903,0.6447811447811448,0.4730639730639731,0.0707070707070707,0.36195286195286197,0.04377104377104377,0.9646464646464646,0.9107744107744108,0.9410774410774411,0.9259259259259259,0.3956228956228956,0.8737373737373737,0.9494949494949495,0.968013468013468
2026-04-06,0.45454545454545453,0.0723905723905724,0.6447811447811448,0.48484848484848486,0.0723905723905724,0.3181818181818182,0.1750841750841751,0.9511784511784511,0.8484848484848485,0.06734006734006734,0.9343434343434344,0.3956228956228956,0.8686868686868687,0.9478114478114478,0.5235690235690236
2026-04-07,0.45454545454545453,0.0723905723905724,0.6447811447811448,0.468013468013468,0.06902356902356903,0.3383838383838384,0.3063973063973064,0.9461279461279462,0.7878787878787878,0.38552188552188554,0.9107744107744108,0.3838383838383838,0.8855218855218855,0.9461279461279462,0.9377104377104377
2026-04-08,0.45454545454545453,0.09595959595959595,0.5942760942760943,0.45454545454545453,0.10101010101010101,0.27104377104377103,0.006734006734006734,0.9562289562289562,0.8686868686868687,0.3838383838383838,0.8367003367003367,0.42424242424242425,0.8383838383838383,0.9595959595959596,0.5555555555555556
2026-04-09,0.4292929292929293,0.09259259259259259,0.6397306397306397,0.43265993265993263,0.09427609427609428,0.19528619528619529,0.9208754208754208,0.9595959595959596,0.8905723905723906,0.003367003367003367,0.9461279461279462,0.41919191919191917,0.8619528619528619,0.9579124579124579,0.2777777777777778
2026-04-10,0.4292929292929293,0.08417508417508418,0.6397306397306397,0.4225589225589226,0.08585858585858586,0.16498316498316498,0.16835016835016836,0.9545454545454546,0.8787878787878788,0.7794612794612794,0.9377104377104377,0.41414141414141414,0.8636363636363636,0.9612794612794613,0.2828282828282828
2026-04-13,0.4292929292929293,0.07912457912457913,0.6397306397306397,0.3939393939393939,0.07912457912457913,0.20707070707070707,0.8367003367003367,0.9579124579124579,0.8720538720538721,0.32996632996632996,0.9292929292929293,0.40404040404040403,0.8787878787878788,0.9629629629629629,0.43097643097643096
2026-04-14,0.40404040404040403,0.09090909090909091,0.6717171717171717,0.44107744107744107,0.08922558922558922,0.20202020202020202,0.04208754208754209,0.9612794612794613,0.9006734006734006,0.9191919191919192,0.936026936026936,0.4158249158249158,0.877104377104377,0.9646464646464646,0.5336700336700336
2026-04-15,0.39057239057239057,0.08922558922558922,0.6835016835016835,0.41919191919191917,0.09090909090909091,0.10606060606060606,0.08417508417508418,0.9528619528619529,0.8636363636363636,0.09764309764309764,0.9393939393939394,0.4225589225589226,0.8602693602693603,0.9562289562289562,0.8754208754208754
2026-04-16,0.39057239057239057,0.08754208754208755,0.6717171717171717,0.3872053872053872,0.08585858585858586,0.07912457912457913,0.0723905723905724,0.9478114478114478,0.8653198653198653,0.09932659932659933,0.9427609427609428,0.41919191919191917,0.8518518518518519,0.9528619528619529,0.8535353535353535
2026-04-17,0.40404040404040403,0.08080808080808081,0.7138047138047138,0.35185185185185186,0.08080808080808081,0.07407407407407407,0.765993265993266,0.9494949494949495,0.877104377104377,0.38047138047138046,0.9242424242424242,0.4057239057239057,0.898989898989899,0.9545454545454546,0.35858585858585856
2026-04-20,0.39057239057239057,0.08249158249158249,0.7474747474747475,0.3686868686868687,0.08249158249158249,0.10437710437710437,0.3888888888888889,0.9276094276094277,0.8063973063973064,0.867003367003367,0.9276094276094277,0.41245791245791247,0.8872053872053872,0.9124579124579124,0.7272727272727273
2026-04-21,0.39057239057239057,0.08585858585858586,0.6818181818181818,0.4276094276094276,0.08754208754208755,0.14983164983164984,0.04713804713804714,0.9259259259259259,0.8148148148148148,0.2053872053872054,0.9124579124579124,0.4225589225589226,0.8552188552188552,0.9107744107744108,0.9545454545454546
2026-04-22,0.39057239057239057,0.07744107744107744,0.6599326599326599,0.40235690235690236,0.07744107744107744,0.132996632996633,0.38215488215488214,0.9242424242424242,0.7996632996632996,0.18686868686868688,0.9023569023569024,0.4074074074074074,0.8737373737373737,0.9006734006734006,0.8922558922558923
2026-04-23,0.39057239057239057,0.06734006734006734,0.6599326599326599,0.3939393939393939,0.06565656565656566,0.1026936026936027,0.28114478114478114,0.9175084175084175,0.7609427609427609,0.8383838383838383,0.9090909090909091,0.3956228956228956,0.8973063973063973,0.8956228956228957,0.6195286195286195
2026-04-24,0.39057239057239057,0.06228956228956229,0.5707070707070707,0.43602693602693604,0.05723905723905724,0.09259259259259259,0.6144781144781145,0.9158249158249159,0.7575757575757576,0.6717171717171717,0.8956228956228957,0.38552188552188554,0.9326599326599326,0.9023569023569024,0.6127946127946128
2026-04-27,0.39057239057239057,0.06397306397306397,0.44107744107744107,0.41245791245791247,0.06228956228956229,0.1127946127946128,0.07912457912457913,0.9141414141414141,0.7373737373737373,0.6313131313131313,0.8973063973063973,0.398989898989899,0.9090909090909091,0.8939393939393939,0.9444444444444444
2026-04-28,0.34175084175084175,0.05218855218855219,0.45286195286195285,0.398989898989899,0.04882154882154882,0.11784511784511785,0.4074074074074074,0.9090909090909091,0.6616161616161617,0.07912457912457913,0.9006734006734006,0.3956228956228956,0.9276094276094277,0.8333333333333334,0.2895622895622896
2026-04-29,0.34175084175084175,0.05555555555555555,0.44107744107744107,0.44276094276094274,0.050505050505050504,0.20033670033670034,0.3148148148148148,0.8114478114478114,0.4276094276094276,0.49326599326599324,0.835016835016835,0.39730639730639733,0.8838383838383839,0.7222222222222222,0.936026936026936
2026-04-30,0.34175084175084175,0.04040404040404041,0.4090909090909091,0.41245791245791247,0.04208754208754209,0.1632996632996633,0.9057239057239057,0.7508417508417509,0.4006734006734007,0.6548821548821548,0.8047138047138047,0.37373737373737376,0.9393939393939394,0.6447811447811448,0.42592592592592593
2026-05-01,0.34175084175084175,0.04040404040404041,0.3888888888888889,0.41245791245791247,0.04208754208754209,0.1447811447811448,0.6127946127946128,0.7508417508417509,0.3333333333333333,0.4831649831649832,0.8047138047138047,0.37373737373737376,0.9511784511784511,0.632996632996633,0.5202020202020202
2026-05-04,0.34175084175084175,0.02861952861952862,0.3888888888888889,0.4478114478114478,0.03367003367003367,0.25925925925925924,0.015151515151515152,0.7727272727272727,0.46464646464646464,0.8956228956228957,0.7996632996632996,0.367003367003367,0.9208754208754208,0.6464646464646465,0.9764309764309764
2026-05-05,0.34175084175084175,0.02861952861952862,0.3888888888888889,0.4478114478114478,0.03367003367003367,0.23737373737373738,0.6127946127946128,0.7727272727272727,0.4377104377104377,0.4831649831649832,0.7996632996632996,0.367003367003367,0.9292929292929293,0.5606060606060606,0.5202020202020202
2026-05-06,0.34175084175084175,0.03535353535353535,0.3888888888888889,0.38215488215488214,0.04208754208754209,0.14646464646464646,0.011784511784511785,0.8417508417508418,0.41414141414141414,0.04377104377104377,0.8097643097643098,0.37037037037037035,0.9696969696969697,0.3181818181818182,0.9579124579124579
2026-05-07,0.31986531986531985,0.04713804713804714,0.3888888888888889,0.36363636363636365,0.04713804713804714,0.16666666666666666,0.16498316498316498,0.8400673400673401,0.4208754208754209,0.045454545454545456,0.8198653198653199,0.3888888888888889,0.9158249158249159,0.30808080808080807,0.8518518518518519
2026-05-08,0.31986531986531985,0.045454545454545456,0.3888888888888889,0.37037037037037035,0.045454545454545456,0.09764309764309764,0.5050505050505051,0.7676767676767676,0.3888888888888889,0.14646464646464646,0.8215488215488216,0.38047138047138046,0.9444444444444444,0.28619528619528617,0.6464646464646465
2026-05-11,0.31986531986531985,0.037037037037037035,0.3888888888888889,0.3367003367003367,0.03535353535353535,0.14814814814814814,0.018518518518518517,0.7643097643097643,0.5353535353535354,0.9848484848484849,0.6767676767676768,0.3686868686868687,0.9461279461279462,0.2895622895622896,0.9983164983164983
2026-05-12,0.31986531986531985,0.018518518518518517,0.30303030303030304,0.21043771043771045,0.02356902356902357,0.15656565656565657,0.9511784511784511,0.8063973063973064,0.5202020202020202,0.8501683501683501,0.6952861952861953,0.35185185185185186,0.9764309764309764,0.25084175084175087,0.4292929292929293
2026-05-13,0.34175084175084175,0.030303030303030304,0.367003367003367,0.13973063973063973,0.030303030303030304,0.14309764309764308,0.05555555555555555,0.7946127946127947,0.5538720538720538,0.9478114478114478,0.7693602693602694,0.3602693602693603,0.9747474747474747,0.2828282828282828,0.9882154882154882
2026-05-14,0.39057239057239057,0.03367003367003367,0.43265993265993263,0.07575757575757576,0.02861952861952862,0.12962962962962962,0.11952861952861953,0.7845117845117845,0.5437710437710438,0.9393939393939394,0.7794612794612794,0.3569023569023569,0.9797979797979798,0.4107744107744108,0.10437710437710437
2026-05-15,0.39057239057239057,0.010101010101010102,0.35185185185185186,0.04208754208754209,0.005050505050505051,0.2962962962962963,0.9932659932659933,0.9040404040404041,0.7171717171717171,0.2558922558922559,0.7575757575757576,0.29797979797979796,0.9865319865319865,0.4612794612794613,0.013468013468013467
2026-05-18,0.40404040404040403,0.013468013468013467,0.35353535353535354,0.006734006734006734,0.006734006734006734,0.39225589225589225,0.43097643097643096,0.9006734006734006,0.7121212121212122,0.8787878787878788,0.7323232323232324,0.29797979797979796,0.98989898989899,0.4663299663299663,0.877104377104377
2026-05-19,0.4292929292929293,0.016835016835016835,0.4175084175084175,0.026936026936026935,0.011784511784511785,0.3787878787878788,0.9713804713804713,0.9107744107744108,0.7558922558922558,0.696969696969697,0.734006734006734,0.29797979797979796,0.9579124579124579,0.468013468013468,0.04377104377104377
2026-05-20,0.4292929292929293,0.011784511784511785,0.4175084175084175,0.058922558922558925,0.008417508417508417,0.3114478114478115,0.8383838383838383,0.9124579124579124,0.7693602693602694,0.5067340067340067,0.7037037037037037,0.29124579124579125,0.9882154882154882,0.4713804713804714,0.734006734006734
2026-05-21,0.4292929292929293,0.015151515151515152,0.4175084175084175,0.09259259259259259,0.010101010101010102,0.29124579124579125,0.005050505050505051,0.9292929292929293,0.930976430976431,0.8013468013468014,0.6919191919191919,0.2895622895622896,0.9781144781144782,0.6279461279461279,0.9915824915824916
2026-05-22,0.45454545454545453,0.021885521885521887,0.4511784511784512,0.18855218855218855,0.018518518518518517,0.265993265993266,0.40404040404040403,0.9326599326599326,0.9343434343434344,0.14814814814814814,0.7087542087542088,0.27946127946127947,0.968013468013468,0.7138047138047138,0.09595959595959595
2026-05-25,0.45454545454545453,0.021885521885521887,0.4511784511784512,0.18855218855218855,0.018518518518518517,0.265993265993266,0.6127946127946128,0.9326599326599326,0.9191919191919192,0.4831649831649832,0.7087542087542088,0.27946127946127947,0.968013468013468,0.7121212121212122,0.5202020202020202
2026-05-26,0.5016835016835017,0.04377104377104377,0.6060606060606061,0.13636363636363635,0.037037037037037035,0.21212121212121213,0.058922558922558925,0.936026936026936,0.9410774410774411,0.9107744107744108,0.7373737373737373,0.2878787878787879,0.9713804713804713,0.7255892255892256,0.9865319865319865
2026-05-27,0.5016835016835017,0.03198653198653199,0.6060606060606061,0.19023569023569023,0.026936026936026935,0.15151515151515152,0.0707070707070707,0.9343434343434344,0.9478114478114478,0.1750841750841751,0.7626262626262627,0.24579124579124578,0.9848484848484849,0.7188552188552189,0.9797979797979798
2026-05-28,0.51010101010101,0.02356902356902357,0.6127946127946128,0.21548821548821548,0.018518518518518517,0.13131313131313133,0.7609427609427609,0.9377104377104377,0.9427609427609428,0.14309764309764308,0.7811447811447811,0.20202020202020202,0.9949494949494949,0.7525252525252525,0.8973063973063973
2026-05-29,0.5185185185185185,0.025252525252525252,0.6296296296296297,0.38215488215488214,0.026936026936026935,0.1414141414141414,0.025252525252525252,0.9427609427609428,0.9562289562289562,0.7272727272727273,0.7138047138047138,0.20707070707070707,0.9814814814814815,0.7592592592592593,0.9478114478114478
2026-06-01,0.5185185185185185,0.005050505050505051,0.6296296296296297,0.20033670033670034,0.013468013468013467,0.18181818181818182,0.021885521885521887,0.9444444444444444,0.9545454545454546,0.2760942760942761,0.7356902356902357,0.19696969696969696,0.9966329966329966,0.7575757575757576,0.9225589225589226
2026-06-02,0.5185185185185185,0.008417508417508417,0.6296296296296297,0.2996632996632997,0.021885521885521887,0.18686868686868688,0.48148148148148145,0.9410774410774411,0.9579124579124579,0.8821548821548821,0.7609427609427609,0.19528619528619529,0.9932659932659933,0.8148148148148148,0.021885521885521887
2026-06-03,0.5185185185185185,0.008417508417508417,0.6296296296296297,0.2996632996632997,0.021885521885521887,0.1936026936026936,0.6127946127946128,0.9410774410774411,0.9393939393939394,0.4831649831649832,0.7609427609427609,0.19528619528619529,0.9915824915824916,0.7542087542087542,0.5202020202020202
2026-06-04,0.531986531986532,0.0016835016835016834,0.5404040404040404,0.2542087542087542,0.0016835016835016834,0.1936026936026936,0.6127946127946128,0.9208754208754208,0.936026936026936,0.7323232323232324,0.7255892255892256,0.18855218855218855,1.0,0.7861952861952862,0.07744107744107744
2026-06-05,0.5437710437710438,0.003367003367003367,0.5134680134680135,0.2542087542087542,0.003367003367003367,0.1936026936026936,0.6127946127946128,0.9208754208754208,0.9326599326599326,0.9629629629629629,0.6447811447811448,0.18855218855218855,1.0,0.7845117845117845,0.5202020202020202
