,MM1,MM2,MM3,BD1,BD2,BD3,EQ1,EQ2,EQ3,FX1,FX2,FX3,FI1,FI2,FI3
2024-01-30,0.9448275862068966,0.7586206896551724,0.9224137931034483,0.8862068965517241,0.7344827586206897,0.7689655172413793,0.6431034482758621,0.15862068965517243,0.06379310344827586,0.506896551724138,0.3,0.14310344827586208,0.8327586206896552,0.3017241379310345,0.33620689655172414
2024-01-31,0.9448275862068966,0.7413793103448276,0.9224137931034483,0.8758620689655172,0.746551724137931,0.8224137931034483,0.6379310344827587,0.05344827586206897,0.008620689655172414,0.12931034482758622,0.3017241379310345,0.13448275862068965,0.8758620689655172,0.2982758620689655,0.06551724137931035
2024-02-01,0.9637931034482758,0.7655172413793103,0.9258620689655173,0.9379310344827586,0.753448275862069,0.9189655172413793,0.10172413793103448,0.12586206896551724,0.022413793103448276,0.6879310344827586,0.253448275862069,0.1310344827586207,0.9293103448275862,0.4706896551724138,0.01896551724137931
2024-02-02,0.9637931034482758,0.7844827586206896,0.9155172413793103,0.996551724137931,0.7793103448275862,0.8172413793103448,0.032758620689655175,0.42586206896551726,0.07758620689655173,0.3413793103448276,0.2637931034482759,0.13448275862068965,0.8103448275862069,0.5603448275862069,0.06379310344827586
2024-02-05,0.9637931034482758,0.6310344827586207,0.8879310344827587,0.9689655172413794,0.6620689655172414,0.853448275862069,0.8482758620689655,0.44310344827586207,0.09310344827586207,0.10344827586206896,0.2982758620689655,0.0706896551724138,0.743103448275862,0.7327586206896551,0.8741379310344828
2024-02-06,0.9637931034482758,0.6551724137931034,0.8637931034482759,0.8413793103448276,0.7103448275862069,0.8862068965517241,0.7724137931034483,0.46379310344827585,0.1206896551724138,0.9362068965517242,0.3448275862068966,0.0896551724137931,0.8344827586206897,0.7672413793103449,0.7586206896551724
2024-02-07,0.9637931034482758,0.6517241379310345,0.7793103448275862,0.8275862068965517,0.7172413793103448,0.8327586206896552,0.1879310344827586,0.49482758620689654,0.16896551724137931,0.16724137931034483,0.3741379310344828,0.09482758620689655,0.8293103448275863,0.7655172413793103,0.2189655172413793
2024-02-08,0.9637931034482758,0.6137931034482759,0.46206896551724136,0.8206896551724138,0.6862068965517242,0.85,0.40344827586206894,0.5,0.20517241379310344,0.19137931034482758,0.3396551724137931,0.08620689655172414,0.803448275862069,0.7862068965517242,0.04827586206896552
2024-02-09,0.9637931034482758,0.6137931034482759,0.4241379310344828,0.8206896551724138,0.6862068965517242,0.8,0.6086206896551725,0.5,0.17758620689655172,0.4844827586206897,0.3396551724137931,0.08620689655172414,0.7775862068965518,0.7827586206896552,0.5224137931034483
2024-02-12,0.9637931034482758,0.6137931034482759,0.36551724137931035,0.8206896551724138,0.6862068965517242,0.8758620689655172,0.6086206896551725,0.5,0.17413793103448275,0.4844827586206897,0.3396551724137931,0.08620689655172414,0.7775862068965518,0.7810344827586206,0.5224137931034483
2024-02-13,0.9637931034482758,0.5741379310344827,0.2706896551724138,0.8086206896551724,0.596551724137931,0.9155172413793103,0.23620689655172414,0.506896551724138,0.18275862068965518,0.6224137931034482,0.3258620689655172,0.04827586206896552,0.6775862068965517,0.7586206896551724,0.8413793103448276
2024-02-14,0.9637931034482758,0.5,0.13793103448275862,0.9172413793103448,0.5103448275862069,0.9,0.8758620689655172,0.5586206896551724,0.16379310344827586,0.5741379310344827,0.32241379310344825,0.006896551724137931,0.7827586206896552,0.7793103448275862,0.75
2024-02-15,0.9689655172413794,0.5448275862068965,0.1206896551724138,0.9379310344827586,0.5465517241379311,0.903448275862069,0.696551724137931,0.5172413793103449,0.16724137931034483,0.9051724137931034,0.35,0.03793103448275862,0.7879310344827586,0.7896551724137931,0.7413793103448276
2024-02-16,0.9689655172413794,0.5413793103448276,0.1206896551724138,0.9120689655172414,0.5465517241379311,0.8689655172413793,0.17413793103448275,0.23275862068965517,0.15862068965517243,0.22586206896551725,0.3120689655172414,0.03620689655172414,0.7224137931034482,0.8,0.08448275862068966
2024-02-19,0.9741379310344828,0.5724137931034483,0.17413793103448275,0.9448275862068966,0.5637931034482758,0.8689655172413793,0.21379310344827587,0.2517241379310345,0.2293103448275862,0.39827586206896554,0.13793103448275862,0.041379310344827586,0.7,0.8017241379310345,0.14655172413793102
2024-02-20,0.9862068965517241,0.5568965517241379,0.17413793103448275,0.8758620689655172,0.5672413793103448,0.8913793103448275,0.8293103448275863,0.2775862068965517,0.23103448275862068,0.5413793103448276,0.14310344827586208,0.022413793103448276,0.7689655172413793,0.8362068965517241,0.8948275862068965
2024-02-21,0.9862068965517241,0.5551724137931034,0.17413793103448275,0.9379310344827586,0.5758620689655173,0.9224137931034483,0.6706896551724137,0.27413793103448275,0.2103448275862069,0.7551724137931034,0.12413793103448276,0.032758620689655175,0.6896551724137931,0.853448275862069,0.55
2024-02-22,0.9862068965517241,0.6224137931034482,0.17413793103448275,0.8879310344827587,0.6620689655172414,0.9327586206896552,0.4017241379310345,0.27241379310344827,0.24482758620689654,0.25862068965517243,0.12931034482758622,0.07586206896551724,0.6310344827586207,0.8568965517241379,0.6586206896551724
2024-02-23,0.9862068965517241,0.5844827586206897,0.17413793103448275,0.8224137931034483,0.6137931034482759,0.8379310344827586,0.4896551724137931,0.25517241379310346,0.2120689655172414,0.20172413793103447,0.16034482758620688,0.02586206896551724,0.753448275862069,0.8689655172413793,0.05862068965517241
2024-02-26,0.9913793103448276,0.6258620689655172,0.20172413793103447,0.9689655172413794,0.6982758620689655,0.8879310344827587,0.8137931034482758,0.296551724137931,0.18620689655172415,0.29482758620689653,0.1310344827586207,0.04482758620689655,0.6603448275862069,0.903448275862069,0.946551724137931
2024-02-27,1.0,0.6051724137931035,0.28620689655172415,0.9603448275862069,0.6586206896551724,0.8896551724137931,0.8241379310344827,0.3482758620689655,0.23448275862068965,0.6362068965517241,0.12758620689655173,0.03103448275862069,0.656896551724138,0.9017241379310345,0.16034482758620688
2024-02-28,1.0,0.6086206896551725,0.28620689655172415,0.8827586206896552,0.6775862068965517,0.8551724137931035,0.25,0.3586206896551724,0.3103448275862069,0.4068965517241379,0.12586206896551724,0.020689655172413793,0.7051724137931035,0.896551724137931,0.3
2024-02-29,1.0,0.5896551724137931,0.2293103448275862,0.8413793103448276,0.6189655172413793,0.8655172413793103,0.7241379310344828,0.3758620689655172,0.2603448275862069,0.6741379310344827,0.13620689655172413,0.0034482758620689655,0.7706896551724138,0.8224137931034483,0.18275862068965518
2024-03-01,1.0,0.5896551724137931,0.2293103448275862,0.8413793103448276,0.6189655172413793,0.8068965517241379,0.6086206896551725,0.3758620689655172,0.08448275862068966,0.4844827586206897,0.13620689655172413,0.0034482758620689655,0.8275862068965517,0.6672413793103448,0.5224137931034483
2024-03-04,1.0,0.6258620689655172,0.2293103448275862,0.9241379310344827,0.6724137931034483,0.8724137931034482,0.2120689655172414,0.39827586206896554,0.11551724137931034,0.49310344827586206,0.1,0.008620689655172414,0.7620689655172413,0.6689655172413793,0.09310344827586207
2024-03-05,0.9913793103448276,0.6,0.4051724137931034,0.9741379310344828,0.6758620689655173,0.8827586206896552,0.853448275862069,0.3603448275862069,0.14655172413793102,0.2,0.10517241379310345,0.013793103448275862,0.8224137931034483,0.6068965517241379,0.35344827586206895
2024-03-06,0.9913793103448276,0.6413793103448275,0.4051724137931034,0.9879310344827587,0.7206896551724138,0.7844827586206896,0.7103448275862069,0.10862068965517241,0.09137931034482759,0.7,0.11724137931034483,0.02586206896551724,0.8189655172413793,0.5689655172413793,0.5465517241379311
2024-03-07,0.9862068965517241,0.6206896551724138,0.4603448275862069,0.9103448275862069,0.7137931034482758,0.7896551724137931,0.45,0.08448275862068966,0.07586206896551724,0.653448275862069,0.06551724137931035,0.03103448275862069,0.8448275862068966,0.49137931034482757,0.2603448275862069
2024-03-08,0.9862068965517241,0.7103448275862069,0.4603448275862069,0.9655172413793104,0.7931034482758621,0.7172413793103448,0.2,0.09137931034482759,0.16551724137931034,0.13793103448275862,0.02586206896551724,0.06206896551724138,0.7965517241379311,0.49310344827586206,0.7068965517241379
2024-03-11,0.9862068965517241,0.7810344827586206,0.4603448275862069,0.9586206896551724,0.7827586206896552,0.8103448275862069,0.8086206896551724,0.08620689655172414,0.23793103448275862,0.12586206896551724,0.03620689655172414,0.07758620689655173,0.7931034482758621,0.5189655172413793,0.5344827586206896
2024-03-12,0.9741379310344828,0.7293103448275862,0.5879310344827586,0.9706896551724138,0.7724137931034483,0.7275862068965517,0.30344827586206896,0.0896551724137931,0.24310344827586206,0.08275862068965517,0.07586206896551724,0.06206896551724138,0.7086206896551724,0.5103448275862069,0.6844827586206896
2024-03-13,0.9741379310344828,0.7655172413793103,0.5879310344827586,0.9,0.8,0.6241379310344828,0.3913793103448276,0.07241379310344828,0.19827586206896552,0.23793103448275862,0.07931034482758621,0.07241379310344828,0.6706896551724137,0.496551724137931,0.07586206896551724
2024-03-14,0.9689655172413794,0.7086206896551724,0.5982758620689655,0.8896551724137931,0.7586206896551724,0.6637931034482759,0.2706896551724138,0.0603448275862069,0.2413793103448276,0.6068965517241379,0.08793103448275862,0.04827586206896552,0.603448275862069,0.5862068965517241,0.032758620689655175
2024-03-15,0.9637931034482758,0.6379310344827587,0.6379310344827587,0.8,0.6810344827586207,0.6396551724137931,0.9396551724137931,0.16379310344827586,0.2810344827586207,0.7586206896551724,0.03103448275862069,0.05344827586206897,0.6413793103448275,0.6206896551724138,0.6603448275862069
2024-03-18,0.9448275862068966,0.5810344827586207,0.6120689655172413,0.85,0.5896551724137931,0.753448275862069,0.3275862068965517,0.1396551724137931,0.23620689655172414,0.9655172413793104,0.17586206896551723,0.05,0.6327586206896552,0.5724137931034483,0.9172413793103448
2024-03-19,0.9448275862068966,0.5431034482758621,0.5689655172413793,0.846551724137931,0.5482758620689655,0.696551724137931,0.8775862068965518,0.12413793103448276,0.2482758620689655,0.7862068965517242,0.19310344827586207,0.06551724137931035,0.7034482758620689,0.5448275862068965,0.7017241379310345
2024-03-20,0.9379310344827586,0.55,0.5775862068965517,0.9,0.5517241379310345,0.506896551724138,0.19137931034482758,0.16206896551724137,0.3017241379310345,0.8103448275862069,0.21551724137931033,0.10344827586206896,0.7189655172413794,0.5482758620689655,0.6103448275862069
2024-03-21,0.9379310344827586,0.6620689655172414,0.5775862068965517,0.7931034482758621,0.6344827586206897,0.45689655172413796,0.0603448275862069,0.32068965517241377,0.34655172413793106,0.5,0.20344827586206896,0.15517241379310345,0.6724137931034483,0.6844827586206896,0.18620689655172415
2024-03-22,0.9379310344827586,0.7017241379310345,0.5775862068965517,0.906896551724138,0.6896551724137931,0.46379310344827585,0.6879310344827586,0.3258620689655172,0.35172413793103446,0.04827586206896552,0.30517241379310345,0.15,0.6741379310344827,0.6275862068965518,0.5948275862068966
2024-03-25,0.9379310344827586,0.7344827586206897,0.45,0.9,0.6689655172413793,0.496551724137931,0.7310344827586207,0.3431034482758621,0.3293103448275862,0.9431034482758621,0.35517241379310344,0.14482758620689656,0.6551724137931034,0.4982758620689655,0.8172413793103448
2024-03-26,0.9379310344827586,0.7017241379310345,0.30344827586206896,0.8155172413793104,0.6396551724137931,0.4517241379310345,0.3258620689655172,0.31724137931034485,0.33448275862068966,0.7844827586206896,0.3758620689655172,0.12586206896551724,0.6948275862068966,0.5086206896551724,0.7775862068965518
2024-03-27,0.9293103448275862,0.6827586206896552,0.3431034482758621,0.8586206896551725,0.653448275862069,0.38620689655172413,0.6413793103448275,0.2793103448275862,0.27586206896551724,0.2827586206896552,0.3810344827586207,0.1310344827586207,0.7068965517241379,0.6396551724137931,0.9672413793103448
2024-03-28,0.9293103448275862,0.6758620689655173,0.3431034482758621,0.8793103448275862,0.6379310344827587,0.3896551724137931,0.7189655172413794,0.2706896551724138,0.2827586206896552,0.8827586206896552,0.42931034482758623,0.12241379310344827,0.7120689655172414,0.646551724137931,0.15
2024-03-29,0.9293103448275862,0.6051724137931035,0.3431034482758621,0.8362068965517241,0.5982758620689655,0.3896551724137931,0.5310344827586206,0.2620689655172414,0.28448275862068967,0.553448275862069,0.4241379310344828,0.11724137931034483,0.7586206896551724,0.7086206896551724,0.8913793103448275
2024-04-01,0.9241379310344827,0.646551724137931,0.36379310344827587,0.843103448275862,0.6241379310344828,0.5448275862068965,0.5206896551724138,0.21379310344827587,0.17586206896551723,0.5310344827586206,0.4224137931034483,0.15862068965517243,0.5948275862068966,0.5655172413793104,0.8103448275862069
2024-04-02,0.9241379310344827,0.6017241379310345,0.3482758620689655,0.8327586206896552,0.5689655172413793,0.6051724137931035,0.46379310344827585,0.1810344827586207,0.10689655172413794,0.3896551724137931,0.39482758620689656,0.14655172413793102,0.6051724137931035,0.5637931034482758,0.7137931034482758
2024-04-03,0.9206896551724137,0.5758620689655173,0.5655172413793104,0.7862068965517242,0.5379310344827586,0.6413793103448275,0.9258620689655173,0.28793103448275864,0.1810344827586207,0.8275862068965517,0.4206896551724138,0.15,0.6258620689655172,0.5793103448275863,0.4068965517241379
2024-04-04,0.9189655172413793,0.5637931034482758,0.5655172413793104,0.7689655172413793,0.5327586206896552,0.6,0.1896551724137931,0.33620689655172414,0.2620689655172414,0.21551724137931033,0.4379310344827586,0.16379310344827586,0.6810344827586207,0.6344827586206897,0.31724137931034485
2024-04-05,0.9086206896551724,0.5620689655172414,0.5344827586206896,0.7965517241379311,0.5293103448275862,0.55,0.8637931034482759,0.3413793103448276,0.2206896551724138,0.2775862068965517,0.39655172413793105,0.16896551724137931,0.5896551724137931,0.6241379310344828,0.30689655172413793
2024-04-08,0.853448275862069,0.4844827586206897,0.49310344827586206,0.7931034482758621,0.496551724137931,0.6810344827586207,0.49310344827586206,0.30689655172413793,0.15517241379310345,0.7982758620689655,0.3482758620689655,0.16206896551724137,0.6103448275862069,0.6327586206896552,0.30517241379310345
2024-04-09,0.8327586206896552,0.4482758620689655,0.49310344827586206,0.7810344827586206,0.4879310344827586,0.6655172413793103,0.7413793103448276,0.30517241379310345,0.10862068965517241,0.6137931034482759,0.2827586206896552,0.15517241379310345,0.6758620689655173,0.6517241379310345,0.6982758620689655
2024-04-10,0.8327586206896552,0.4482758620689655,0.4896551724137931,0.7810344827586206,0.4879310344827586,0.8741379310344828,0.6086206896551725,0.30517241379310345,0.08793103448275862,0.4844827586206897,0.2827586206896552,0.15517241379310345,0.5103448275862069,0.5379310344827586,0.5224137931034483
2024-04-11,0.8327586206896552,0.32068965517241377,0.5344827586206896,0.7689655172413793,0.43448275862068964,0.8603448275862069,0.5120689655172413,0.3,0.056896551724137934,0.5396551724137931,0.2655172413793103,0.10517241379310345,0.5689655172413793,0.44310344827586207,0.8327586206896552
2024-04-12,0.8327586206896552,0.43103448275862066,0.5655172413793104,0.7275862068965517,0.4724137931034483,0.9137931034482759,0.8517241379310345,0.29310344827586204,0.04310344827586207,0.9258620689655173,0.29310344827586204,0.14310344827586208,0.5810344827586207,0.4689655172413793,0.9293103448275862
2024-04-15,0.8241379310344827,0.3603448275862069,0.5655172413793104,0.7637931034482759,0.44482758620689655,0.9551724137931035,0.7362068965517241,0.17413793103448275,0.027586206896551724,0.8913793103448275,0.3103448275862069,0.12758620689655173,0.4896551724137931,0.46551724137931033,0.3431034482758621
2024-04-16,0.8189655172413793,0.30517241379310345,0.5344827586206896,0.6827586206896552,0.4,0.9534482758620689,0.95,0.32241379310344825,0.05172413793103448,0.9672413793103448,0.3137931034482759,0.11379310344827587,0.5051724137931034,0.47758620689655173,0.5844827586206897
2024-04-17,0.8189655172413793,0.2896551724137931,0.5655172413793104,0.6655172413793103,0.38620689655172413,0.9172413793103448,0.8568965517241379,0.31551724137931036,0.07241379310344828,0.9534482758620689,0.34655172413793106,0.12586206896551724,0.5879310344827586,0.4672413793103448,0.4517241379310345
2024-04-18,0.8189655172413793,0.38448275862068965,0.5655172413793104,0.7275862068965517,0.44655172413793104,0.8517241379310345,0.08448275862068966,0.4224137931034483,0.09655172413793103,0.08620689655172414,0.4810344827586207,0.15862068965517243,0.4827586206896552,0.3293103448275862,0.6327586206896552
2024-04-19,0.8189655172413793,0.3103448275862069,0.5655172413793104,0.7706896551724138,0.4017241379310345,0.8931034482758621,0.9224137931034483,0.23103448275862068,0.15,0.0603448275862069,0.6379310344827587,0.11724137931034483,0.5206896551724138,0.3275862068965517,0.25
2024-04-22,0.8189655172413793,0.2482758620689655,0.5655172413793104,0.7086206896551724,0.3086206896551724,0.8482758620689655,0.15689655172413794,0.3396551724137931,0.2517241379310345,0.9172413793103448,0.45,0.0706896551724138,0.5724137931034483,0.7689655172413793,0.0017241379310344827
2024-04-23,0.8189655172413793,0.29310344827586204,0.5655172413793104,0.7155172413793104,0.3603448275862069,0.8189655172413793,0.6948275862068966,0.33448275862068966,0.21551724137931033,0.19482758620689655,0.4362068965517241,0.07931034482758621,0.5586206896551724,0.7724137931034483,0.2120689655172414
2024-04-24,0.8241379310344827,0.2982758620689655,0.6258620689655172,0.7155172413793104,0.3413793103448276,0.8810344827586207,0.08103448275862069,0.5086206896551724,0.3879310344827586,0.2689655172413793,0.4603448275862069,0.05344827586206897,0.5344827586206896,0.7258620689655172,0.9706896551724138
2024-04-25,0.8241379310344827,0.27241379310344827,0.6258620689655172,0.6517241379310345,0.29310344827586204,0.846551724137931,0.9327586206896552,0.5741379310344827,0.5293103448275862,0.09482758620689655,0.5517241379310345,0.03103448275862069,0.5482758620689655,0.7224137931034482,0.0603448275862069
2024-04-26,0.8327586206896552,0.29310344827586204,0.6775862068965517,0.653448275862069,0.3103448275862069,0.7724137931034483,0.2482758620689655,0.6086206896551725,0.5982758620689655,0.8551724137931035,0.5344827586206896,0.034482758620689655,0.5655172413793104,0.8103448275862069,0.02413793103448276
2024-04-29,0.853448275862069,0.2827586206896552,0.7344827586206897,0.6706896551724137,0.3,0.7879310344827586,0.21724137931034482,0.6155172413793103,0.6689655172413793,0.3706896551724138,0.5396551724137931,0.005172413793103448,0.6189655172413793,0.8275862068965517,0.9827586206896551
2024-04-30,0.853448275862069,0.3086206896551724,0.7344827586206897,0.7482758620689656,0.3413793103448276,0.8258620689655173,0.47413793103448276,0.6224137931034482,0.6724137931034483,0.6775862068965517,0.5431034482758621,0.013793103448275862,0.5224137931034483,0.8258620689655173,0.696551724137931
2024-05-01,0.853448275862069,0.3086206896551724,0.6155172413793103,0.7482758620689656,0.3413793103448276,0.7086206896551724,0.6086206896551725,0.6224137931034482,0.5948275862068966,0.4844827586206897,0.5431034482758621,0.013793103448275862,0.5706896551724138,0.8172413793103448,0.5224137931034483
2024-05-02,0.853448275862069,0.3275862068965517,0.5896551724137931,0.7396551724137931,0.3775862068965517,0.7103448275862069,0.7120689655172414,0.6172413793103448,0.5362068965517242,0.3724137931034483,0.55,0.01896551724137931,0.6,0.846551724137931,0.9482758620689655
2024-05-03,0.853448275862069,0.31896551724137934,0.5413793103448276,0.7775862068965518,0.39655172413793105,0.596551724137931,0.6982758620689655,0.5948275862068966,0.5137931034482759,0.5206896551724138,0.5137931034482759,0.017241379310344827,0.6482758620689655,0.8603448275862069,0.19137931034482758
2024-05-06,0.853448275862069,0.31896551724137934,0.4396551724137931,0.7775862068965518,0.39655172413793105,0.5551724137931034,0.6086206896551725,0.5948275862068966,0.5,0.4844827586206897,0.5137931034482759,0.017241379310344827,0.6620689655172414,0.85,0.5224137931034483
2024-05-07,0.853448275862069,0.39827586206896554,0.3741379310344828,0.8482758620689655,0.45,0.653448275862069,0.0706896551724138,0.6327586206896552,0.6,0.04310344827586207,0.6637931034482759,0.04310344827586207,0.6068965517241379,0.8551724137931035,0.7741379310344828
2024-05-08,0.853448275862069,0.39827586206896554,0.3741379310344828,0.8362068965517241,0.4603448275862069,0.5810344827586207,0.4086206896551724,0.6137931034482759,0.6293103448275862,0.10689655172413794,0.6931034482758621,0.06379310344827586,0.593103448275862,0.8741379310344828,0.10517241379310345
2024-05-09,0.853448275862069,0.3758620689655172,0.3741379310344828,0.7982758620689655,0.4482758620689655,0.5310344827586206,0.8844827586206897,0.6396551724137931,0.7034482758620689,0.8586206896551725,0.7051724137931035,0.041379310344827586,0.646551724137931,0.8758620689655172,0.6
2024-05-10,0.853448275862069,0.4068965517241379,0.3741379310344828,0.8137931034482758,0.45689655172413796,0.5465517241379311,0.35517241379310344,0.6413793103448275,0.6844827586206896,0.7103448275862069,0.7103448275862069,0.0706896551724138,0.5810344827586207,0.8517241379310345,0.0706896551724138
2024-05-13,0.9086206896551724,0.4017241379310345,0.3103448275862069,0.8051724137931034,0.45517241379310347,0.7862068965517242,0.6137931034482759,0.6431034482758621,0.6620689655172414,0.4844827586206897,0.7137931034482758,0.05517241379310345,0.6172413793103448,0.8620689655172413,0.16551724137931034
2024-05-14,0.9086206896551724,0.41379310344827586,0.18448275862068966,0.8327586206896552,0.453448275862069,0.8086206896551724,0.5017241379310344,0.6258620689655172,0.5431034482758621,0.6396551724137931,0.6672413793103448,0.06206896551724138,0.6344827586206897,0.8137931034482758,0.7844827586206896
2024-05-15,0.9086206896551724,0.41379310344827586,0.18448275862068966,0.8327586206896552,0.453448275862069,0.5293103448275862,0.6086206896551725,0.6258620689655172,0.4724137931034483,0.4844827586206897,0.6672413793103448,0.06206896551724138,0.7241379310344828,0.8086206896551724,0.5224137931034483
2024-05-16,0.9086206896551724,0.496551724137931,0.18448275862068966,0.8827586206896552,0.5017241379310344,0.4896551724137931,0.3,0.6275862068965518,0.4,0.33620689655172414,0.6396551724137931,0.11379310344827587,0.6206896551724138,0.8120689655172414,0.13793103448275862
2024-05-17,0.9086206896551724,0.49482758620689654,0.18448275862068966,0.9224137931034483,0.5,0.4206896551724138,0.8706896551724138,0.5482758620689655,0.3913793103448276,0.017241379310344827,0.7448275862068966,0.10862068965517241,0.5758620689655173,0.8206896551724138,0.5758620689655173
2024-05-20,0.9086206896551724,0.46206896551724136,0.18448275862068966,0.8672413793103448,0.4827586206896552,0.4068965517241379,0.3448275862068966,0.5103448275862069,0.32068965517241377,0.8224137931034483,0.6724137931034483,0.09482758620689655,0.5982758620689655,0.5051724137931034,0.2620689655172414
2024-05-21,0.9086206896551724,0.47413793103448276,0.18448275862068966,0.9,0.4879310344827586,0.36724137931034484,0.7896551724137931,0.4206896551724138,0.3396551724137931,0.5517241379310345,0.653448275862069,0.1,0.6224137931034482,0.5172413793103449,0.3879310344827586
2024-05-22,0.9086206896551724,0.4586206896551724,0.1,0.9517241379310345,0.4896551724137931,0.31896551724137934,0.6206896551724138,0.2810344827586207,0.14482758620689656,0.9,0.656896551724138,0.09655172413793103,0.5913793103448276,0.5775862068965517,0.9534482758620689
2024-05-23,0.9086206896551724,0.4810344827586207,0.1,0.95,0.49137931034482757,0.38275862068965516,0.6293103448275862,0.2293103448275862,0.034482758620689655,0.32413793103448274,0.5810344827586207,0.10689655172413794,0.5396551724137931,0.6086206896551725,0.7517241379310344
2024-05-24,0.9086206896551724,0.44310344827586207,0.04482758620689655,0.8275862068965517,0.4724137931034483,0.33448275862068966,0.8931034482758621,0.2982758620689655,0.039655172413793106,0.5879310344827586,0.5775862068965517,0.0896551724137931,0.596551724137931,0.4793103448275862,0.4103448275862069
2024-05-27,0.9086206896551724,0.45689655172413796,0.008620689655172414,0.8586206896551725,0.47758620689655173,0.33448275862068966,0.18448275862068966,0.2120689655172414,0.03793103448275862,0.8051724137931034,0.6068965517241379,0.1,0.5827586206896552,0.44655172413793104,0.8017241379310345
2024-05-28,0.9086206896551724,0.4896551724137931,0.008620689655172414,0.853448275862069,0.49482758620689654,0.43275862068965515,0.6120689655172413,0.10689655172413794,0.029310344827586206,0.1810344827586207,0.5689655172413793,0.1103448275862069,0.4982758620689655,0.4396551724137931,0.5603448275862069
2024-05-29,0.9086206896551724,0.4689655172413793,0.008620689655172414,0.7844827586206896,0.4672413793103448,0.5189655172413793,0.9241379310344827,0.17586206896551723,0.08620689655172414,0.14310344827586208,0.5362068965517242,0.09482758620689655,0.4862068965517241,0.4413793103448276,0.1206896551724138
2024-05-30,0.9086206896551724,0.43448275862068964,0.008620689655172414,0.756896551724138,0.46379310344827585,0.46551724137931033,0.9189655172413793,0.19482758620689655,0.20862068965517241,0.8017241379310345,0.5844827586206897,0.07413793103448275,0.5568965517241379,0.33793103448275863,0.16724137931034483
2024-05-31,0.9189655172413793,0.4482758620689655,0.04482758620689655,0.7517241379310344,0.46206896551724136,0.4672413793103448,0.5258620689655172,0.19310344827586207,0.1793103448275862,0.9620689655172414,0.6706896551724137,0.08620689655172414,0.6103448275862069,0.3413793103448276,0.23448275862068965
2024-06-03,0.9189655172413793,0.4793103448275862,0.04482758620689655,0.8137931034482758,0.4689655172413793,0.5362068965517242,0.11551724137931034,0.3137931034482759,0.2655172413793103,0.7965517241379311,0.6810344827586207,0.10172413793103448,0.6603448275862069,0.3448275862068966,0.7982758620689655
2024-06-04,0.9189655172413793,0.5120689655172413,0.04482758620689655,0.9,0.4982758620689655,0.7,0.8051724137931034,0.33275862068965517,0.1482758620689655,0.2120689655172414,0.6879310344827586,0.1206896551724138,0.6689655172413793,0.39827586206896554,0.8793103448275862
2024-06-05,0.9189655172413793,0.55,0.04482758620689655,0.8672413793103448,0.5189655172413793,0.743103448275862,0.253448275862069,0.19137931034482758,0.15689655172413794,0.18448275862068966,0.603448275862069,0.14310344827586208,0.6689655172413793,0.3482758620689655,0.8051724137931034
2024-06-06,0.9189655172413793,0.55,0.04482758620689655,0.8672413793103448,0.5189655172413793,0.7224137931034482,0.6086206896551725,0.19137931034482758,0.07413793103448275,0.4844827586206897,0.603448275862069,0.14310344827586208,0.6844827586206896,0.32413793103448274,0.5224137931034483
2024-06-07,0.9086206896551724,0.5827586206896552,0.1396551724137931,0.9172413793103448,0.5551724137931034,0.4862068965517241,0.20172413793103447,0.25862068965517243,0.08103448275862069,0.2982758620689655,0.5206896551724138,0.16551724137931034,0.5137931034482759,0.2620689655172414,0.41379310344827586
2024-06-10,0.9086206896551724,0.506896551724138,0.08620689655172414,0.903448275862069,0.5051724137931034,0.5431034482758621,0.8155172413793104,0.22413793103448276,0.12758620689655173,0.18275862068965518,0.5051724137931034,0.1206896551724138,0.5206896551724138,0.2293103448275862,0.45
2024-06-11,0.9086206896551724,0.5137931034482759,0.08620689655172414,0.8793103448275862,0.5137931034482759,0.6275862068965518,0.4793103448275862,0.20689655172413793,0.13620689655172413,0.9517241379310345,0.6275862068965518,0.13620689655172413,0.5775862068965517,0.20862068965517241,0.6896551724137931
2024-06-12,0.9086206896551724,0.5396551724137931,0.08620689655172414,0.9224137931034483,0.5568965517241379,0.4810344827586207,0.29310344827586204,0.24310344827586206,0.19310344827586207,0.3793103448275862,0.6293103448275862,0.16206896551724137,0.6155172413793103,0.2517241379310345,0.42586206896551726
2024-06-13,0.9086206896551724,0.5775862068965517,0.08620689655172414,0.9551724137931035,0.5913793103448276,0.49137931034482757,0.2603448275862069,0.27586206896551724,0.18448275862068966,0.5155172413793103,0.6241379310344828,0.16724137931034483,0.6448275862068965,0.13275862068965516,0.8775862068965518
2024-06-14,0.9086206896551724,0.5913793103448276,0.08620689655172414,0.993103448275862,0.6206896551724138,0.7034482758620689,0.49137931034482757,0.25,0.11896551724137931,0.12241379310344827,0.6586206896551724,0.1706896551724138,0.6431034482758621,0.11206896551724138,0.6189655172413793
2024-06-17,0.9086206896551724,0.6758620689655173,0.08620689655172414,0.9431034482758621,0.7068965517241379,0.6724137931034483,0.756896551724138,0.21551724137931033,0.11206896551724138,0.8603448275862069,0.30344827586206896,0.1793103448275862,0.5413793103448276,0.07413793103448275,0.6827586206896552
2024-06-18,0.9086206896551724,0.6913793103448276,0.08620689655172414,0.9620689655172414,0.7051724137931035,0.6517241379310345,0.32241379310344825,0.22241379310344828,0.11379310344827587,0.6672413793103448,0.2896551724137931,0.1724137931034483,0.6017241379310345,0.07586206896551724,0.7206896551724138
2024-06-19,0.9086206896551724,0.756896551724138,0.08620689655172414,0.9534482758620689,0.7913793103448276,0.6517241379310345,0.2103448275862069,0.24655172413793103,0.1896551724137931,0.49137931034482757,0.2913793103448276,0.1879310344827586,0.553448275862069,0.041379310344827586,0.5551724137931034
2024-06-20,0.9086206896551724,0.7137931034482758,0.08620689655172414,0.9293103448275862,0.7379310344827587,0.5396551724137931,0.41724137931034483,0.2482758620689655,0.20344827586206896,0.5051724137931034,0.2620689655172414,0.17586206896551723,0.5603448275862069,0.09655172413793103,0.07758620689655173
2024-06-21,0.9086206896551724,0.7448275862068966,0.08620689655172414,0.9051724137931034,0.7672413793103449,0.5379310344827586,0.8258620689655173,0.2827586206896552,0.16206896551724137,0.6862068965517242,0.2603448275862069,0.1896551724137931,0.5448275862068965,0.08103448275862069,0.36551724137931035
2024-06-24,0.9086206896551724,0.7275862068965517,0.08620689655172414,0.95,0.7413793103448276,0.5724137931034483,0.7965517241379311,0.23793103448275862,0.1103448275862069,0.8,0.27413793103448275,0.1810344827586207,0.5551724137931034,0.07931034482758621,0.27241379310344827
2024-06-25,0.9086206896551724,0.7258620689655172,0.08620689655172414,0.95,0.7293103448275862,0.6206896551724138,0.4206896551724138,0.18620689655172415,0.13793103448275862,0.5293103448275862,0.25689655172413794,0.18275862068965518,0.5844827586206897,0.08275862068965517,0.5327586206896552
2024-06-26,0.9086206896551724,0.7120689655172414,0.08620689655172414,0.9655172413793104,0.7017241379310345,0.6448275862068965,0.34655172413793106,0.1879310344827586,0.06206896551724138,0.2482758620689655,0.24482758620689654,0.1793103448275862,0.5172413793103449,0.08620689655172414,0.7913793103448276
2024-06-27,0.9086206896551724,0.6810344827586207,0.08620689655172414,0.903448275862069,0.696551724137931,0.5896551724137931,0.7086206896551724,0.09827586206896552,0.020689655172413793,0.7241379310344828,0.2120689655172414,0.17413793103448275,0.5517241379310345,0.08793103448275862,0.2672413793103448
2024-06-28,0.9086206896551724,0.756896551724138,0.01206896551724138,0.8758620689655172,0.7603448275862069,0.656896551724138,0.3775862068965517,0.04827586206896552,0.02586206896551724,0.3482758620689655,0.20517241379310344,0.18620689655172415,0.4689655172413793,0.11896551724137931,0.16379310344827586
2024-07-01,0.9086206896551724,0.7224137931034482,0.01206896551724138,0.8051724137931034,0.7155172413793104,0.8017241379310345,0.4517241379310345,0.04655172413793104,0.01206896551724138,0.12413793103448276,0.1396551724137931,0.18448275862068966,0.42758620689655175,0.12586206896551724,0.7603448275862069
2024-07-02,0.853448275862069,0.8,0.04482758620689655,0.7655172413793103,0.7655172413793103,0.8275862068965517,0.8275862068965517,0.039655172413793106,0.017241379310344827,0.3017241379310345,0.1206896551724138,0.19137931034482758,0.44310344827586207,0.09310344827586207,0.027586206896551724
2024-07-03,0.8189655172413793,0.7689655172413793,0.6603448275862069,0.7775862068965518,0.7310344827586207,0.7517241379310344,0.3810344827586207,0.022413793103448276,0.01896551724137931,0.853448275862069,0.14655172413793102,0.19310344827586207,0.47413793103448276,0.11551724137931034,0.16896551724137931
2024-07-04,0.8068965517241379,0.7862068965517242,0.8120689655172414,0.7896551724137931,0.7327586206896551,0.7517241379310344,0.2396551724137931,0.02586206896551724,0.04827586206896552,0.6258620689655172,0.11896551724137931,0.19482758620689655,0.45,0.1413793103448276,0.31896551724137934
2024-07-05,0.8051724137931034,0.7396551724137931,0.8482758620689655,0.7827586206896552,0.7206896551724138,0.6672413793103448,0.18275862068965518,0.029310344827586206,0.08275862068965517,0.10862068965517241,0.1879310344827586,0.22758620689655173,0.503448275862069,0.14310344827586208,0.3689655172413793
2024-07-08,0.7948275862068965,0.7241379310344828,0.8517241379310345,0.8241379310344827,0.7,0.6482758620689655,0.6672413793103448,0.015517241379310345,0.05862068965517241,0.2637931034482759,0.1724137931034483,0.24310344827586206,0.49137931034482757,0.25,0.9051724137931034
2024-07-09,0.7810344827586206,0.6931034482758621,0.8620689655172413,0.9172413793103448,0.6586206896551724,0.5879310344827586,0.4241379310344828,0.013793103448275862,0.06896551724137931,0.5137931034482759,0.05862068965517241,0.253448275862069,0.45689655172413796,0.27241379310344827,0.8637931034482759
2024-07-10,0.7724137931034483,0.6603448275862069,0.8603448275862069,0.9103448275862069,0.6293103448275862,0.5103448275862069,0.5362068965517242,0.01206896551724138,0.04482758620689655,0.7379310344827587,0.06896551724137931,0.25517241379310346,0.4793103448275862,0.2706896551724138,0.5862068965517241
2024-07-11,0.7724137931034483,0.5862068965517241,0.8603448275862069,0.9413793103448276,0.5706896551724138,0.43275862068965515,0.30689655172413793,0.006896551724137931,0.04655172413793104,0.6379310344827587,0.0706896551724138,0.23103448275862068,0.5741379310344827,0.28793103448275864,0.22586206896551725
2024-07-12,0.7724137931034483,0.6655172413793103,0.8603448275862069,0.9189655172413793,0.6655172413793103,0.39655172413793105,0.8827586206896552,0.034482758620689655,0.10172413793103448,0.15517241379310345,0.056896551724137934,0.25,0.5362068965517242,0.2810344827586207,0.12931034482758622
2024-07-15,0.7810344827586206,0.7310344827586207,0.8862068965517241,0.8068965517241379,0.7396551724137931,0.5551724137931034,0.4862068965517241,0.03103448275862069,0.0896551724137931,0.22758620689655173,0.032758620689655175,0.23793103448275862,0.503448275862069,0.28448275862068967,0.8258620689655173
2024-07-16,0.7724137931034483,0.7827586206896552,0.8844827586206897,0.8051724137931034,0.7810344827586206,0.5327586206896552,0.4706896551724138,0.02413793103448276,0.06551724137931035,0.8086206896551724,0.05172413793103448,0.2482758620689655,0.5241379310344828,0.28620689655172415,0.6413793103448275
2024-07-17,0.7724137931034483,0.7810344827586206,0.8844827586206897,0.846551724137931,0.7637931034482759,0.4603448275862069,0.8172413793103448,0.01896551724137931,0.05517241379310345,0.7448275862068966,0.06724137931034482,0.24310344827586206,0.5275862068965518,0.2793103448275862,0.14310344827586208
2024-07-18,0.7724137931034483,0.746551724137931,0.8844827586206897,0.9,0.7517241379310344,0.49310344827586206,0.7913793103448276,0.027586206896551724,0.0706896551724138,0.1896551724137931,0.08275862068965517,0.23793103448275862,0.49310344827586206,0.1810344827586207,0.2982758620689655
2024-07-19,0.7724137931034483,0.7051724137931035,0.8844827586206897,0.8862068965517241,0.7241379310344828,0.5482758620689655,0.8655172413793103,0.032758620689655175,0.09482758620689655,0.3,0.07413793103448275,0.21379310344827587,0.4706896551724138,0.17758620689655172,0.19827586206896552
2024-07-22,0.7724137931034483,0.7327586206896551,0.8844827586206897,0.9258620689655173,0.7293103448275862,0.5517241379310345,0.8793103448275862,0.04310344827586207,0.1413793103448276,0.8568965517241379,0.09310344827586207,0.2103448275862069,0.453448275862069,0.17413793103448275,0.11379310344827587
2024-07-23,0.7724137931034483,0.7155172413793104,0.8844827586206897,0.853448275862069,0.7051724137931035,0.5672413793103448,0.4103448275862069,0.04482758620689655,0.15172413793103448,0.6275862068965518,0.09655172413793103,0.20517241379310344,0.4810344827586207,0.17586206896551723,0.553448275862069
2024-07-24,0.7724137931034483,0.743103448275862,0.8844827586206897,0.8672413793103448,0.7689655172413793,0.5637931034482758,0.7689655172413793,0.041379310344827586,0.15344827586206897,0.23620689655172414,0.09827586206896552,0.2120689655172414,0.4362068965517241,0.23103448275862068,0.7379310344827587
2024-07-25,0.7482758620689656,0.756896551724138,0.8706896551724138,0.7948275862068965,0.7862068965517242,0.6758620689655173,0.9310344827586207,0.06896551724137931,0.27241379310344827,0.4844827586206897,0.08620689655172414,0.22241379310344828,0.4396551724137931,0.2603448275862069,0.25517241379310346
2024-07-26,0.7482758620689656,0.7655172413793103,0.8706896551724138,0.8758620689655172,0.7862068965517242,0.6362068965517241,0.3103448275862069,0.07931034482758621,0.296551724137931,0.503448275862069,0.08448275862068966,0.22413793103448276,0.4724137931034483,0.35517241379310344,0.041379310344827586
2024-07-29,0.7482758620689656,0.8310344827586207,0.8706896551724138,0.9568965517241379,0.853448275862069,0.6603448275862069,0.20517241379310344,0.12758620689655173,0.35,0.4844827586206897,0.04482758620689655,0.25862068965517243,0.4517241379310345,0.39655172413793105,0.13620689655172413
2024-07-30,0.7482758620689656,0.8017241379310345,0.8844827586206897,0.9793103448275862,0.8155172413793104,0.7068965517241379,0.8603448275862069,0.1413793103448276,0.3706896551724138,0.24482758620689654,0.05344827586206897,0.2517241379310345,0.46379310344827585,0.3913793103448276,0.6155172413793103
2024-07-31,0.7482758620689656,0.7896551724137931,0.8155172413793104,0.9724137931034482,0.8103448275862069,0.6827586206896552,0.21551724137931033,0.1706896551724138,0.39482758620689656,0.656896551724138,0.029310344827586206,0.24655172413793103,0.5258620689655172,0.3775862068965517,0.6482758620689655
2024-08-01,0.7482758620689656,0.8275862068965517,0.6948275862068966,1.0,0.8551724137931035,0.7327586206896551,0.4413793103448276,0.14310344827586208,0.3310344827586207,0.1879310344827586,0.034482758620689655,0.25689655172413794,0.5637931034482758,0.35172413793103446,0.5793103448275863
2024-08-02,0.7482758620689656,0.85,0.5810344827586207,0.9982758620689656,0.8844827586206897,0.9051724137931034,0.9758620689655172,0.49310344827586206,0.42931034482758623,0.03620689655172414,0.16896551724137931,0.2689655172413793,0.7103448275862069,0.4827586206896552,0.7189655172413794
2024-08-05,0.7327586206896551,0.9344827586206896,0.5827586206896552,0.9379310344827586,0.9413793103448276,0.9568965517241379,0.9982758620689656,0.8327586206896552,0.7482758620689656,0.8724137931034482,0.20689655172413793,0.30344827586206896,0.6362068965517241,0.8948275862068965,0.3310344827586207
2024-08-06,0.7241379310344828,0.8103448275862069,0.41206896551724137,0.9793103448275862,0.8672413793103448,0.95,0.02413793103448276,0.8655172413793103,0.8189655172413793,0.05,0.296551724137931,0.2637931034482759,0.6293103448275862,0.9120689655172414,0.7724137931034483
2024-08-07,0.7155172413793104,0.8241379310344827,0.41206896551724137,0.9379310344827586,0.8637931034482759,0.9120689655172414,0.09827586206896552,0.8706896551724138,0.8620689655172413,0.9586206896551724,0.3913793103448276,0.2706896551724138,0.5862068965517241,0.9310344827586207,0.1396551724137931
2024-08-08,0.7155172413793104,0.8448275862068966,0.41206896551724137,0.8551724137931035,0.8810344827586207,0.8844827586206897,0.7396551724137931,0.8689655172413793,0.846551724137931,0.753448275862069,0.41379310344827586,0.27586206896551724,0.5482758620689655,0.9224137931034483,0.15689655172413794
2024-08-09,0.7241379310344828,0.8379310344827586,0.4689655172413793,0.9413793103448276,0.8620689655172413,0.8344827586206897,0.19827586206896552,0.8724137931034482,0.8448275862068966,0.5758620689655173,0.38448275862068965,0.2637931034482759,0.6137931034482759,0.9206896551724137,0.7758620689655172
2024-08-12,0.7241379310344828,0.8379310344827586,0.41206896551724137,0.9913793103448276,0.8586206896551725,0.9396551724137931,0.22413793103448276,0.8810344827586207,0.9120689655172414,0.09137931034482759,0.4396551724137931,0.2637931034482759,0.6396551724137931,0.9189655172413793,0.7258620689655172
2024-08-13,0.7241379310344828,0.846551724137931,0.3103448275862069,0.9862068965517241,0.8896551724137931,0.9431034482758621,0.4982758620689655,0.8793103448275862,0.9155172413793103,0.296551724137931,0.4068965517241379,0.2655172413793103,0.6637931034482759,0.9258620689655173,0.13275862068965516
2024-08-14,0.7327586206896551,0.8793103448275862,0.43275862068965515,0.9844827586206897,0.9224137931034483,0.803448275862069,0.28448275862068967,0.8862068965517241,0.9258620689655173,0.6603448275862069,0.3879310344827586,0.27586206896551724,0.65,0.9293103448275862,0.8672413793103448
2024-08-15,0.7327586206896551,0.8793103448275862,0.43275862068965515,0.9844827586206897,0.9224137931034483,0.7603448275862069,0.6086206896551725,0.8862068965517241,0.9172413793103448,0.4844827586206897,0.3879310344827586,0.27586206896551724,0.5672413793103448,0.9275862068965517,0.5224137931034483
2024-08-16,0.7327586206896551,0.8413793103448276,0.43275862068965515,0.9948275862068966,0.8896551724137931,0.7482758620689656,0.08275862068965517,0.903448275862069,0.9379310344827586,0.08448275862068966,0.44482758620689655,0.24482758620689654,0.6241379310344828,0.9327586206896552,0.803448275862069
2024-08-19,0.7482758620689656,0.8568965517241379,0.5413793103448276,0.9793103448275862,0.9017241379310345,0.8793103448275862,0.8327586206896552,0.9,0.9344827586206896,0.32241379310344825,0.44310344827586207,0.24310344827586206,0.6655172413793103,0.9344827586206896,0.022413793103448276
2024-08-20,0.7724137931034483,0.853448275862069,0.6051724137931035,0.9896551724137931,0.8913793103448275,0.896551724137931,0.296551724137931,0.896551724137931,0.9396551724137931,0.010344827586206896,0.7362068965517241,0.2293103448275862,0.7172413793103448,0.9431034482758621,0.06896551724137931
2024-08-21,0.7724137931034483,0.8586206896551725,0.6051724137931035,0.9844827586206897,0.896551724137931,0.8948275862068965,0.47758620689655173,0.8931034482758621,0.9327586206896552,0.1413793103448276,0.7241379310344828,0.23275862068965517,0.7517241379310344,0.9413793103448276,0.65
2024-08-22,0.7724137931034483,0.8741379310344828,0.5413793103448276,0.9293103448275862,0.9241379310344827,0.843103448275862,0.44655172413793104,0.8913793103448275,0.8982758620689655,0.5172413793103449,0.7327586206896551,0.23793103448275862,0.6551724137931034,0.9396551724137931,0.5775862068965517
2024-08-23,0.7724137931034483,0.8655172413793103,0.5413793103448276,0.8672413793103448,0.9120689655172414,0.7913793103448276,0.6862068965517242,0.8896551724137931,0.8793103448275862,0.7172413793103448,0.7551724137931034,0.21724137931034482,0.7327586206896551,0.9241379310344827,0.296551724137931
2024-08-26,0.7810344827586206,0.8982758620689655,0.5948275862068966,0.8758620689655172,0.9275862068965517,0.8120689655172414,0.6586206896551724,0.8879310344827587,0.843103448275862,0.7603448275862069,0.7637931034482759,0.22241379310344828,0.6913793103448276,0.9172413793103448,0.08793103448275862
2024-08-27,0.7810344827586206,0.8568965517241379,0.5948275862068966,0.7310344827586207,0.903448275862069,0.8706896551724138,0.7155172413793104,0.8827586206896552,0.8293103448275863,0.02586206896551724,0.8017241379310345,0.20344827586206896,0.7948275862068965,0.9155172413793103,0.3724137931034483
2024-08-28,0.7810344827586206,0.8844827586206897,0.5948275862068966,0.7275862068965517,0.9189655172413793,0.8568965517241379,0.5344827586206896,0.8775862068965518,0.8068965517241379,0.8620689655172413,0.8103448275862069,0.20689655172413793,0.7603448275862069,0.9379310344827586,0.9844827586206897
2024-08-29,0.7862068965517242,0.8655172413793103,0.6155172413793103,0.7155172413793104,0.9137931034482759,0.8155172413793104,0.8672413793103448,0.8741379310344828,0.8396551724137931,0.7672413793103449,0.8120689655172414,0.20172413793103447,0.7482758620689656,0.9362068965517242,0.2103448275862069
2024-08-30,0.7948275862068965,0.8655172413793103,0.653448275862069,0.7206896551724138,0.9103448275862069,0.8310344827586207,0.38448275862068965,0.8758620689655172,0.7758620689655172,0.5327586206896552,0.8137931034482758,0.2,0.7155172413793104,0.9137931034482759,0.7689655172413793
2024-09-02,0.7948275862068965,0.8396551724137931,0.5793103448275863,0.7327586206896551,0.8724137931034482,0.8310344827586207,0.44310344827586207,0.8568965517241379,0.5051724137931034,0.3775862068965517,0.7965517241379311,0.19655172413793104,0.7551724137931034,0.4603448275862069,0.3396551724137931
2024-09-03,0.8051724137931034,0.853448275862069,0.46551724137931033,0.7034482758620689,0.8948275862068965,0.9206896551724137,0.7810344827586206,0.34655172413793106,0.38275862068965516,0.7482758620689656,0.7879310344827586,0.2,0.8241379310344827,0.43448275862068964,0.1103448275862069
2024-09-04,0.8051724137931034,0.903448275862069,0.3482758620689655,0.7637931034482759,0.9258620689655173,0.9482758620689655,0.9689655172413794,0.4586206896551724,0.4827586206896552,0.6413793103448275,0.7689655172413793,0.2103448275862069,0.8258620689655173,0.4189655172413793,0.21551724137931033
2024-09-05,0.8051724137931034,0.9155172413793103,0.3482758620689655,0.753448275862069,0.9327586206896552,0.9293103448275862,0.6775862068965517,0.32413793103448274,0.46379310344827585,0.5568965517241379,0.6844827586206896,0.21551724137931033,0.8413793103448276,0.41379310344827586,0.4206896551724138
2024-09-06,0.8051724137931034,0.9206896551724137,0.3,0.7879310344827586,0.9379310344827586,0.8206896551724138,0.8879310344827587,0.38275862068965516,0.4844827586206897,0.13448275862068965,0.6775862068965517,0.22241379310344828,0.8172413793103448,0.42586206896551726,0.2913793103448276
2024-09-09,0.8051724137931034,0.9103448275862069,0.3,0.7206896551724138,0.9344827586206896,0.7793103448275862,0.7172413793103448,0.3103448275862069,0.4086206896551724,0.15344827586206897,0.6758620689655173,0.22758620689655173,0.8568965517241379,0.453448275862069,0.756896551724138
2024-09-10,0.7948275862068965,0.9448275862068966,0.44310344827586207,0.7310344827586207,0.9362068965517242,0.8413793103448276,0.7517241379310344,0.2637931034482759,0.4362068965517241,0.9224137931034483,0.7224137931034482,0.2672413793103448,0.8793103448275862,0.4224137931034483,0.19655172413793104
2024-09-11,0.7948275862068965,0.95,0.41724137931034483,0.7586206896551724,0.9551724137931035,0.7620689655172413,0.7293103448275862,0.2603448275862069,0.39655172413793105,0.7913793103448276,0.753448275862069,0.2775862068965517,0.8362068965517241,0.5620689655172414,0.993103448275862
2024-10-10,0.7862068965517242,0.9258620689655173,0.14482758620689656,0.7517241379310344,0.8931034482758621,0.9344827586206896,0.4689655172413793,0.603448275862069,0.4517241379310345,0.5793103448275863,0.7603448275862069,0.28793103448275864,0.5379310344827586,0.506896551724138,0.23275862068965517
2024-10-11,0.7862068965517242,0.9310344827586207,0.14482758620689656,0.7086206896551724,0.9051724137931034,0.946551724137931,0.65,0.6017241379310345,0.4413793103448276,0.6,0.7620689655172413,0.2982758620689655,0.5448275862068965,0.4810344827586207,0.1896551724137931
2024-10-14,0.7482758620689656,0.9172413793103448,0.7241379310344828,0.6827586206896552,0.8896551724137931,0.946551724137931,0.25689655172413794,0.5844827586206897,0.5275862068965518,0.3603448275862069,0.743103448275862,0.3258620689655172,0.55,0.503448275862069,0.07931034482758621
2024-10-15,0.7327586206896551,0.9275862068965517,0.7310344827586207,0.6948275862068966,0.906896551724138,0.9672413793103448,0.41206896551724137,0.5758620689655173,0.5465517241379311,0.8448275862068966,0.7275862068965517,0.33793103448275863,0.5637931034482758,0.5017241379310344,0.6224137931034482
2024-10-16,0.7241379310344828,0.9431034482758621,0.75,0.7448275862068966,0.9172413793103448,0.9586206896551724,0.8396551724137931,0.596551724137931,0.6206896551724138,0.8068965517241379,0.6948275862068966,0.3431034482758621,0.5310344827586206,0.5137931034482759,0.32068965517241377
2024-10-17,0.7155172413793104,0.9293103448275862,0.7551724137931034,0.7344827586206897,0.9017241379310345,0.9603448275862069,0.6241379310344828,0.5879310344827586,0.603448275862069,0.7034482758620689,0.6896551724137931,0.33620689655172414,0.49482758620689654,0.4896551724137931,0.5620689655172414
2024-10-18,0.7103448275862069,0.9155172413793103,0.7603448275862069,0.65,0.8741379310344828,0.9637931034482758,0.7775862068965518,0.4396551724137931,0.6448275862068965,0.6810344827586207,0.6793103448275862,0.3275862068965517,0.5327586206896552,0.4862068965517241,0.28620689655172415
2024-10-21,0.7103448275862069,0.9189655172413793,0.7603448275862069,0.6724137931034483,0.8775862068965518,0.9775862068965517,0.39482758620689656,0.44482758620689655,0.6637931034482759,0.7775862068965518,0.6827586206896552,0.3293103448275862,0.44482758620689655,0.4879310344827586,0.7155172413793104
2024-10-22,0.6879310344827586,0.8913793103448275,0.7724137931034483,0.6258620689655172,0.8172413793103448,0.9810344827586207,0.9017241379310345,0.5258620689655172,0.6827586206896552,0.3689655172413793,0.6310344827586207,0.32413793103448274,0.4879310344827586,0.4844827586206897,0.11896551724137931
2024-10-23,0.6879310344827586,0.8948275862068965,0.7724137931034483,0.6206896551724138,0.8344827586206897,0.9793103448275862,0.23275862068965517,0.55,0.6913793103448276,0.9310344827586207,0.6603448275862069,0.32241379310344825,0.45517241379310347,0.35,0.8224137931034483
2024-10-24,0.6879310344827586,0.9258620689655173,0.7603448275862069,0.6327586206896552,0.8810344827586207,0.9689655172413794,0.7982758620689655,0.5620689655172414,0.4810344827586207,0.6206896551724138,0.6517241379310345,0.34655172413793106,0.44655172413793104,0.0706896551724138,0.5706896551724138
2024-10-25,0.6637931034482759,0.9224137931034483,0.7689655172413793,0.6413793103448275,0.8775862068965518,0.9724137931034482,0.506896551724138,0.5241379310344828,0.42586206896551726,0.3120689655172414,0.6551724137931034,0.3482758620689655,0.41206896551724137,0.27413793103448275,0.015517241379310345
2024-10-28,0.6637931034482759,0.8896551724137931,0.7689655172413793,0.6293103448275862,0.8206896551724138,0.9862068965517241,0.23103448275862068,0.5120689655172413,0.35517241379310344,0.7327586206896551,0.646551724137931,0.3120689655172414,0.42931034482758623,0.3120689655172414,0.9793103448275862
2024-10-29,0.6879310344827586,0.8896551724137931,0.7827586206896552,0.6344827586206897,0.8344827586206897,0.9879310344827587,0.4603448275862069,0.1793103448275862,0.36724137931034484,0.6551724137931034,0.5913793103448276,0.31896551724137934,0.43103448275862066,0.3103448275862069,0.453448275862069
2024-10-30,0.6637931034482759,0.8706896551724138,0.7879310344827586,0.646551724137931,0.8137931034482758,0.9844827586206897,0.846551724137931,0.18448275862068966,0.32241379310344825,0.2206896551724138,0.6258620689655172,0.3137931034482759,0.41724137931034483,0.3086206896551724,0.21724137931034482
2024-10-31,0.6879310344827586,0.8724137931034482,0.8086206896551724,0.65,0.8344827586206897,0.993103448275862,0.9120689655172414,0.11379310344827587,0.4224137931034483,0.4982758620689655,0.43275862068965515,0.30689655172413793,0.4224137931034483,0.5551724137931034,0.9879310344827587
2024-11-01,0.6879310344827586,0.8758620689655172,0.8086206896551724,0.6758620689655173,0.8258620689655173,0.9913793103448276,0.7603448275862069,0.08275862068965517,0.453448275862069,0.21379310344827587,0.2689655172413793,0.30689655172413793,0.3810344827586207,0.5741379310344827,0.05517241379310345
2024-11-04,0.6879310344827586,0.8827586206896552,0.8086206896551724,0.6586206896551724,0.8362068965517241,0.9948275862068966,0.1,0.1724137931034483,0.4603448275862069,0.31551724137931036,0.2,0.30344827586206896,0.4,0.5568965517241379,0.9241379310344827
2024-11-05,0.6879310344827586,0.903448275862069,0.7862068965517242,0.6689655172413793,0.8568965517241379,0.9827586206896551,0.7448275862068966,0.10517241379310345,0.44482758620689655,0.12758620689655173,0.16379310344827586,0.3103448275862069,0.41551724137931034,0.5586206896551724,0.3293103448275862
2024-11-06,0.6879310344827586,0.8603448275862069,0.7862068965517242,0.6396551724137931,0.8017241379310345,0.9379310344827586,0.7551724137931034,0.1,0.47758620689655173,0.8482758620689655,0.04655172413793104,0.28793103448275864,0.3793103448275862,0.6310344827586207,0.034482758620689655
2024-11-07,0.7103448275862069,0.8982758620689655,0.8017241379310345,0.6379310344827587,0.8603448275862069,0.7655172413793103,0.5224137931034483,0.09310344827586207,0.46551724137931033,0.9827586206896551,0.18620689655172415,0.29482758620689653,0.4017241379310345,0.6224137931034482,0.6879310344827586
2024-11-08,0.6879310344827586,0.9086206896551724,0.8086206896551724,0.6637931034482759,0.8844827586206897,0.6913793103448276,0.656896551724138,0.09482758620689655,0.47413793103448276,0.8879310344827587,0.20172413793103447,0.31896551724137934,0.3896551724137931,0.6103448275862069,0.5310344827586206
2024-11-11,0.6879310344827586,0.8931034482758621,0.6551724137931034,0.7103448275862069,0.8689655172413793,0.6913793103448276,0.8810344827586207,0.08793103448275862,0.4586206896551724,0.041379310344827586,0.35344827586206895,0.3,0.38620689655172413,0.49482758620689654,0.20862068965517241
2024-11-12,0.6879310344827586,0.9051724137931034,0.6482758620689655,0.7775862068965518,0.8706896551724138,0.846551724137931,0.9413793103448276,0.16896551724137931,0.5172413793103449,0.9344827586206896,0.4017241379310345,0.3103448275862069,0.3275862068965517,0.5206896551724138,0.2706896551724138
2024-11-13,0.6879310344827586,0.8672413793103448,0.6068965517241379,0.7448275862068966,0.8258620689655173,0.7396551724137931,0.9586206896551724,0.35172413793103446,0.5827586206896552,0.8137931034482758,0.4051724137931034,0.2896551724137931,0.35,0.5258620689655172,0.10344827586206896
2024-11-14,0.6879310344827586,0.8810344827586207,0.5844827586206897,0.6896551724137931,0.85,0.6844827586206896,0.5086206896551724,0.35344827586206895,0.5810344827586207,0.8310344827586207,0.41724137931034483,0.29310344827586204,0.35517241379310344,0.5241379310344828,0.596551724137931
2024-11-15,0.7103448275862069,0.8706896551724138,0.6051724137931035,0.696551724137931,0.8396551724137931,0.7448275862068966,0.646551724137931,0.3568965517241379,0.5206896551724138,0.35172413793103446,0.42758620689655175,0.2827586206896552,0.3620689655172414,0.553448275862069,0.9137931034482759
2024-11-18,0.7103448275862069,0.8862068965517241,0.6051724137931035,0.6844827586206896,0.8672413793103448,0.7379310344827587,0.06896551724137931,0.5689655172413793,0.6189655172413793,0.23448275862068965,0.4517241379310345,0.28793103448275864,0.35344827586206895,0.7068965517241379,0.2689655172413793
2024-11-19,0.7103448275862069,0.906896551724138,0.503448275862069,0.6862068965517242,0.8982758620689655,0.7827586206896552,0.5,0.5413793103448276,0.503448275862069,0.07241379310344828,0.593103448275862,0.2913793103448276,0.3586206896551724,0.7017241379310345,0.4413793103448276
2024-11-20,0.7103448275862069,0.9120689655172414,0.503448275862069,0.6948275862068966,0.9086206896551724,0.8137931034482758,0.39827586206896554,0.4879310344827586,0.43275862068965515,0.3758620689655172,0.4982758620689655,0.296551724137931,0.3448275862068966,0.756896551724138,0.09137931034482759
2024-11-21,0.7103448275862069,0.9362068965517242,0.503448275862069,0.6827586206896552,0.9293103448275862,0.7344827586206897,0.6362068965517241,0.47758620689655173,0.3741379310344828,0.38448275862068965,0.49310344827586206,0.32241379310344825,0.296551724137931,0.7517241379310344,0.4396551724137931
2024-11-22,0.7103448275862069,0.946551724137931,0.43275862068965515,0.6637931034482759,0.9310344827586207,0.6775862068965517,0.2982758620689655,0.5189655172413793,0.41724137931034483,0.843103448275862,0.5224137931034483,0.31896551724137934,0.3120689655172414,0.5672413793103448,0.42758620689655175
2024-11-25,0.7103448275862069,0.9517241379310345,0.43275862068965515,0.6879310344827586,0.9448275862068966,0.6948275862068966,0.1793103448275862,0.5362068965517242,0.38448275862068965,0.646551724137931,0.5155172413793103,0.3310344827586207,0.3603448275862069,0.5155172413793103,0.7879310344827586
2024-11-26,0.7103448275862069,0.9551724137931035,0.36724137931034484,0.7379310344827587,0.9448275862068966,0.6793103448275862,0.7655172413793103,0.5379310344827586,0.41206896551724137,0.2810344827586207,0.5189655172413793,0.33275862068965517,0.3431034482758621,0.5396551724137931,0.7948275862068965
2024-11-27,0.7103448275862069,0.9758620689655172,0.2672413793103448,0.7051724137931035,0.9534482758620689,0.6344827586206897,0.7948275862068965,0.5293103448275862,0.4051724137931034,0.6844827586206896,0.503448275862069,0.3396551724137931,0.35172413793103446,0.6137931034482759,0.029310344827586206
2024-11-28,0.7103448275862069,1.0,0.1413793103448276,0.6775862068965517,0.9948275862068966,0.6344827586206897,0.5137931034482759,0.45689655172413796,0.3137931034482759,0.19655172413793104,0.5448275862068965,0.3724137931034483,0.28793103448275864,0.36724137931034484,0.6637931034482759
2024-11-29,0.6362068965517241,0.9844827586206897,0.9741379310344828,0.6948275862068966,0.9637931034482758,0.5758620689655173,0.9431034482758621,0.5637931034482758,0.40344827586206894,0.28793103448275864,0.5172413793103449,0.41206896551724137,0.31896551724137934,0.33275862068965517,0.16206896551724137
2024-12-02,0.6293103448275862,0.9948275862068966,0.9844827586206897,0.7379310344827587,0.9706896551724138,0.6379310344827587,0.6275862068965518,0.41206896551724137,0.2793103448275862,0.5103448275862069,0.5103448275862069,0.4413793103448276,0.2637931034482759,0.3396551724137931,0.19482758620689655
2024-12-03,0.6258620689655172,0.9793103448275862,0.9775862068965517,0.7448275862068966,0.9586206896551724,0.5862068965517241,0.09655172413793103,0.5655172413793104,0.3810344827586207,0.8637931034482759,0.4827586206896552,0.45,0.22758620689655173,0.46379310344827585,0.09482758620689655
2024-12-04,0.6258620689655172,0.9568965517241379,0.9775862068965517,0.7034482758620689,0.946551724137931,0.4982758620689655,0.9103448275862069,0.5982758620689655,0.4206896551724138,0.5810344827586207,0.46206896551724136,0.4396551724137931,0.32413793103448274,0.5275862068965518,0.9448275862068966
2024-12-05,0.6258620689655172,0.9775862068965517,0.9672413793103448,0.7275862068965517,0.9517241379310345,0.4793103448275862,0.8448275862068966,0.6051724137931035,0.4706896551724138,0.9241379310344827,0.3603448275862069,0.4586206896551724,0.31551724137931036,0.8051724137931034,0.9948275862068966
2024-12-06,0.6258620689655172,0.9724137931034482,0.9724137931034482,0.756896551724138,0.9482758620689655,0.3293103448275862,0.7672413793103449,0.6068965517241379,0.4879310344827586,0.6155172413793103,0.3293103448275862,0.4517241379310345,0.33448275862068966,0.8068965517241379,0.18448275862068966
2024-12-09,0.6258620689655172,0.9896551724137931,0.9724137931034482,0.8137931034482758,0.9620689655172414,0.3741379310344828,0.9620689655172414,0.6672413793103448,0.5706896551724138,0.7620689655172413,0.19827586206896552,0.4862068965517241,0.2206896551724138,0.8672413793103448,0.7051724137931035
2024-12-10,0.6258620689655172,0.9913793103448276,0.9724137931034482,0.7637931034482759,0.9862068965517241,0.4396551724137931,0.05862068965517241,0.7068965517241379,0.6241379310344828,0.9775862068965517,0.24655172413793103,0.47758620689655173,0.1810344827586207,0.8655172413793103,0.9155172413793103
2024-12-11,0.6293103448275862,0.993103448275862,0.9827586206896551,0.6672413793103448,0.9844827586206897,0.31724137931034485,0.25517241379310346,0.6551724137931034,0.5379310344827586,0.17586206896551723,0.2672413793103448,0.4689655172413793,0.1896551724137931,0.8775862068965518,0.1879310344827586
2024-12-12,0.6344827586206897,0.9862068965517241,0.9862068965517241,0.6741379310344827,0.9827586206896551,0.32241379310344825,0.12931034482758622,0.6758620689655173,0.6120689655172413,0.696551724137931,0.25,0.46551724137931033,0.15,0.8879310344827587,0.6706896551724137
2024-12-13,0.6344827586206897,0.9844827586206897,0.9827586206896551,0.7206896551724138,0.9879310344827587,0.3758620689655172,0.3741379310344828,0.6775862068965517,0.6344827586206897,0.4896551724137931,0.2482758620689655,0.4724137931034483,0.07241379310344828,0.8706896551724138,0.85
2024-12-16,0.6344827586206897,0.9810344827586207,0.9827586206896551,0.646551724137931,0.9810344827586207,0.4586206896551724,0.6844827586206896,0.6293103448275862,0.4896551724137931,0.5706896551724138,0.23275862068965517,0.4603448275862069,0.1206896551724138,0.8241379310344827,0.7637931034482759
2024-12-17,0.6379310344827587,0.9689655172413794,0.9879310344827587,0.6431034482758621,0.9603448275862069,0.4482758620689655,0.8982758620689655,0.653448275862069,0.553448275862069,0.6327586206896552,0.10344827586206896,0.4362068965517241,0.15689655172413794,0.8327586206896552,0.6086206896551725
2024-12-18,0.6396551724137931,0.9982758620689656,0.9896551724137931,0.6068965517241379,0.996551724137931,0.39827586206896554,0.23448275862068965,0.6620689655172414,0.6051724137931035,0.5982758620689655,0.10172413793103448,0.46206896551724136,0.04827586206896552,0.8482758620689655,0.1413793103448276
2024-12-19,0.6431034482758621,0.9879310344827587,0.993103448275862,0.5879310344827586,0.9793103448275862,0.44655172413793104,0.9448275862068966,0.6982758620689655,0.7103448275862069,0.496551724137931,0.09482758620689655,0.4362068965517241,0.05,0.8586206896551725,0.23793103448275862
2024-12-20,0.6431034482758621,0.9724137931034482,0.993103448275862,0.5448275862068965,0.9672413793103448,0.4827586206896552,0.9,0.7017241379310345,0.7258620689655172,0.9706896551724138,0.1896551724137931,0.42931034482758623,0.13793103448275862,0.8637931034482759,0.6396551724137931
2024-12-23,0.6448275862068965,0.9741379310344828,0.9948275862068966,0.5672413793103448,0.9724137931034482,0.5948275862068966,0.13793103448275862,0.7120689655172414,0.7517241379310344,0.5258620689655172,0.19137931034482758,0.43103448275862066,0.056896551724137934,0.8896551724137931,0.22241379310344828
2024-12-24,0.65,0.9603448275862069,0.9982758620689656,0.5396551724137931,0.9758620689655172,0.6189655172413793,0.6327586206896552,0.7103448275862069,0.7293103448275862,0.3448275862068966,0.1810344827586207,0.4206896551724138,0.08448275862068966,0.8810344827586207,0.5724137931034483
2024-12-25,0.65,0.9603448275862069,0.9982758620689656,0.5396551724137931,0.9758620689655172,0.6189655172413793,0.6086206896551725,0.7103448275862069,0.6948275862068966,0.4844827586206897,0.1810344827586207,0.4206896551724138,0.08448275862068966,0.8379310344827586,0.5224137931034483
2024-12-26,0.6586206896551724,0.9482758620689655,1.0,0.5344827586206896,0.9689655172413794,0.5724137931034483,0.7379310344827587,0.7051724137931035,0.7189655172413794,0.746551724137931,0.18275862068965518,0.41551724137931034,0.11206896551724138,0.8413793103448276,0.6448275862068965
2024-12-27,0.6586206896551724,0.9534482758620689,0.7810344827586206,0.5517241379310345,0.9775862068965517,0.5620689655172414,0.8689655172413793,0.7155172413793104,0.6741379310344827,0.903448275862069,0.16724137931034483,0.41724137931034483,0.05862068965517241,0.843103448275862,0.39482758620689656
2024-12-30,0.6586206896551724,0.9672413793103448,0.6189655172413793,0.5327586206896552,0.9896551724137931,0.6758620689655173,0.6827586206896552,0.6844827586206896,0.6931034482758621,0.946551724137931,0.18448275862068966,0.42586206896551726,0.09827586206896552,0.8344827586206897,0.843103448275862
2024-12-31,0.6586206896551724,0.9672413793103448,0.5189655172413793,0.5293103448275862,0.993103448275862,0.6706896551724137,0.6086206896551725,0.6844827586206896,0.5189655172413793,0.22413793103448276,0.2189655172413793,0.42586206896551726,0.0706896551724138,0.7551724137931034,0.5224137931034483
2025-01-01,0.6586206896551724,0.9672413793103448,0.5189655172413793,0.5293103448275862,0.993103448275862,0.6706896551724137,0.6086206896551725,0.6844827586206896,0.44655172413793104,0.4844827586206897,0.2189655172413793,0.42586206896551726,0.0706896551724138,0.5913793103448276,0.5224137931034483
2025-01-02,0.65,0.996551724137931,0.6189655172413793,0.5517241379310345,1.0,0.6086206896551725,0.6155172413793103,0.6862068965517242,0.4017241379310345,0.4844827586206897,0.2206896551724138,0.4827586206896552,0.013793103448275862,0.4103448275862069,0.6068965517241379
2025-01-03,0.6258620689655172,0.9620689655172414,0.9327586206896552,0.506896551724138,0.9982758620689656,0.5172413793103449,0.10689655172413794,0.6793103448275862,0.506896551724138,0.30344827586206896,0.2293103448275862,0.5120689655172413,0.01206896551724138,0.4086206896551724,0.8379310344827586
2025-01-06,0.6137931034482759,0.9413793103448276,0.9551724137931035,0.4724137931034483,0.9655172413793104,0.6431034482758621,0.09137931034482759,0.696551724137931,0.55,0.3137931034482759,0.2103448275862069,0.5086206896551724,0.02413793103448276,0.31896551724137934,0.6258620689655172
2025-01-07,0.6120689655172413,0.9379310344827586,0.9586206896551724,0.4879310344827586,0.9568965517241379,0.746551724137931,0.4844827586206897,0.6879310344827586,0.4396551724137931,0.7258620689655172,0.21379310344827587,0.5224137931034483,0.008620689655172414,0.31724137931034485,0.6362068965517241
2025-01-08,0.6103448275862069,0.9327586206896552,0.9603448275862069,0.47586206896551725,0.95,0.7155172413793104,0.2206896551724138,0.6896551724137931,0.4862068965517241,0.03103448275862069,0.4103448275862069,0.5431034482758621,0.010344827586206896,0.25862068965517243,0.8068965517241379
2025-01-09,0.6086206896551725,0.9396551724137931,0.9637931034482758,0.496551724137931,0.9396551724137931,0.7155172413793104,0.5293103448275862,0.5827586206896552,0.41551724137931034,0.28620689655172415,0.3086206896551724,0.5913793103448276,0.006896551724137931,0.2413793103448276,0.33793103448275863
2025-01-10,0.6068965517241379,0.9,0.9655172413793104,0.5,0.9155172413793103,0.6051724137931035,0.6913793103448276,0.43275862068965515,0.41379310344827586,0.7827586206896552,0.28793103448275864,0.6,0.0034482758620689655,0.23275862068965517,0.24655172413793103
2025-01-13,0.6051724137931035,0.8086206896551724,0.9620689655172414,0.5982758620689655,0.7982758620689655,0.7586206896551724,0.8724137931034482,0.46551724137931033,0.45,0.6448275862068965,0.28620689655172415,0.55,0.005172413793103448,0.19655172413793104,0.11206896551724138
2025-01-14,0.603448275862069,0.8120689655172414,0.9568965517241379,0.6155172413793103,0.8068965517241379,0.7362068965517241,0.42758620689655175,0.3706896551724138,0.4068965517241379,0.9379310344827586,0.32413793103448274,0.5948275862068966,0.0017241379310344827,0.15344827586206897,0.6931034482758621
2025-01-15,0.6017241379310345,0.7758620689655172,0.9534482758620689,0.6293103448275862,0.756896551724138,0.5120689655172413,0.6172413793103448,0.35517241379310344,0.33793103448275863,0.10517241379310345,0.4,0.5862068965517241,0.027586206896551724,0.06379310344827586,0.3741379310344828
2025-01-16,0.6,0.8293103448275863,0.9517241379310345,0.6362068965517241,0.8068965517241379,0.506896551724138,0.20689655172413793,0.41379310344827586,0.3120689655172414,0.2603448275862069,0.4189655172413793,0.6689655172413793,0.022413793103448276,0.05862068965517241,0.5896551724137931
2025-01-17,0.5982758620689655,0.85,0.95,0.5689655172413793,0.853448275862069,0.5862068965517241,0.6655172413793103,0.3275862068965517,0.25689655172413794,0.16379310344827586,0.46551724137931033,0.7,0.029310344827586206,0.05,0.846551724137931
2025-01-20,0.596551724137931,0.8224137931034483,0.9482758620689655,0.5431034482758621,0.7879310344827586,0.5862068965517241,0.6603448275862069,0.29482758620689653,0.12931034482758622,0.5620689655172414,0.46379310344827585,0.6689655172413793,0.06379310344827586,0.022413793103448276,0.39655172413793105
2025-01-21,0.5948275862068966,0.8275862068965517,0.946551724137931,0.5568965517241379,0.8258620689655173,0.6137931034482759,0.6448275862068965,0.16034482758620688,0.12586206896551724,0.2706896551724138,0.33275862068965517,0.696551724137931,0.05344827586206897,0.02586206896551724,0.32241379310344825
2025-01-22,0.5948275862068966,0.8327586206896552,0.946551724137931,0.5396551724137931,0.8293103448275863,0.4362068965517241,0.22586206896551725,0.10344827586206896,0.20689655172413793,0.032758620689655175,0.5379310344827586,0.653448275862069,0.03620689655172414,0.027586206896551724,0.853448275862069
2025-01-23,0.5948275862068966,0.8068965517241379,0.9413793103448276,0.5258620689655172,0.8275862068965517,0.41206896551724137,0.8913793103448275,0.11551724137931034,0.22758620689655173,0.2413793103448276,0.5568965517241379,0.6310344827586207,0.01896551724137931,0.01896551724137931,0.20689655172413793
2025-01-24,0.5948275862068966,0.8206896551724138,0.9413793103448276,0.4844827586206897,0.8482758620689655,0.39482758620689656,0.2913793103448276,0.13620689655172413,0.16034482758620688,0.6655172413793103,0.5310344827586206,0.6448275862068965,0.03793103448275862,0.013793103448275862,0.7931034482758621
2025-01-27,0.5948275862068966,0.8206896551724138,0.9413793103448276,0.4844827586206897,0.8482758620689655,0.5689655172413793,0.6086206896551725,0.13620689655172413,0.13448275862068965,0.4844827586206897,0.5310344827586206,0.6448275862068965,0.11724137931034483,0.006896551724137931,0.5224137931034483
2025-01-28,0.5948275862068966,0.8206896551724138,0.9413793103448276,0.4844827586206897,0.8482758620689655,0.5086206896551724,0.6086206896551725,0.13620689655172413,0.13448275862068965,0.4844827586206897,0.5310344827586206,0.6448275862068965,0.10344827586206896,0.006896551724137931,0.5224137931034483
2025-01-29,0.5948275862068966,0.8206896551724138,0.9413793103448276,0.4844827586206897,0.8482758620689655,0.45517241379310347,0.6086206896551725,0.13620689655172413,0.13448275862068965,0.4844827586206897,0.5310344827586206,0.6448275862068965,0.10344827586206896,0.006896551724137931,0.5224137931034483
2025-01-30,0.5948275862068966,0.8206896551724138,0.9431034482758621,0.4844827586206897,0.8482758620689655,0.45,0.6086206896551725,0.13620689655172413,0.12413793103448276,0.4844827586206897,0.5310344827586206,0.6448275862068965,0.12758620689655173,0.0017241379310344827,0.5224137931034483
2025-01-31,0.5948275862068966,0.8344827586206897,0.9310344827586207,0.4879310344827586,0.8379310344827586,0.4844827586206897,0.8103448275862069,0.15,0.05344827586206897,0.23275862068965517,0.43103448275862066,0.6224137931034482,0.07586206896551724,0.04310344827586207,0.008620689655172414
2025-02-03,0.5793103448275863,0.7913793103448276,0.8655172413793103,0.5155172413793103,0.8189655172413793,0.5413793103448276,0.9568965517241379,0.33793103448275863,0.041379310344827586,0.9948275862068966,0.6689655172413793,0.5862068965517241,0.0896551724137931,0.04827586206896552,0.2293103448275862
2025-02-04,0.5793103448275863,0.7724137931034483,0.8172413793103448,0.5241379310344828,0.8086206896551724,0.44482758620689655,0.2293103448275862,0.3793103448275862,0.06724137931034482,0.9862068965517241,0.7810344827586206,0.5706896551724138,0.11379310344827587,0.10689655172413794,0.17758620689655172
2025-02-05,0.5758620689655173,0.7706896551724138,0.7517241379310344,0.5551724137931034,0.803448275862069,0.5603448275862069,0.23793103448275862,0.4086206896551724,0.05,0.09655172413793103,0.7896551724137931,0.593103448275862,0.15517241379310345,0.1103448275862069,0.8448275862068966
2025-02-06,0.5741379310344827,0.7482758620689656,0.4793103448275862,0.5793103448275863,0.7913793103448276,0.5344827586206896,0.2413793103448276,0.3293103448275862,0.10344827586206896,0.06724137931034482,0.8068965517241379,0.6,0.13448275862068965,0.1706896551724138,0.9603448275862069
2025-02-07,0.5724137931034483,0.6310344827586207,0.3603448275862069,0.6103448275862069,0.6879310344827586,0.5137931034482759,0.7741379310344828,0.23448275862068965,0.1396551724137931,0.2672413793103448,0.8086206896551724,0.553448275862069,0.13448275862068965,0.16379310344827586,0.3275862068965517
2025-02-10,0.5724137931034483,0.6431034482758621,0.38275862068965516,0.6206896551724138,0.6810344827586207,0.4,0.6189655172413793,0.23620689655172414,0.07931034482758621,0.5017241379310344,0.803448275862069,0.5775862068965517,0.1103448275862069,0.16896551724137931,0.6948275862068966
2025-02-11,0.5724137931034483,0.6672413793103448,0.35172413793103446,0.5758620689655173,0.6948275862068966,0.3724137931034483,0.3293103448275862,0.19655172413793104,0.09827586206896552,0.8120689655172414,0.7793103448275862,0.6068965517241379,0.10344827586206896,0.16724137931034483,0.6862068965517242
2025-02-12,0.5672413793103448,0.6068965517241379,0.35172413793103446,0.5655172413793104,0.6258620689655172,0.3913793103448276,0.4189655172413793,0.2,0.11724137931034483,0.4879310344827586,0.7775862068965518,0.6103448275862069,0.06551724137931035,0.16034482758620688,0.6620689655172414
2025-02-13,0.5672413793103448,0.6603448275862069,0.31896551724137934,0.553448275862069,0.6672413793103448,0.35344827586206895,0.16896551724137931,0.2672413793103448,0.1,0.35517241379310344,0.7706896551724138,0.6172413793103448,0.13620689655172413,0.15517241379310345,0.9327586206896552
2025-02-14,0.5672413793103448,0.6706896551724137,0.29310344827586204,0.5620689655172414,0.7137931034482758,0.3568965517241379,0.43103448275862066,0.20517241379310344,0.10517241379310345,0.2896551724137931,0.7672413793103449,0.6327586206896552,0.14482758620689656,0.15862068965517243,0.1706896551724138
2025-02-17,0.5672413793103448,0.6327586206896552,0.27241379310344827,0.5413793103448276,0.6948275862068966,0.3568965517241379,0.31551724137931036,0.2189655172413793,0.1706896551724138,0.1206896551724138,0.7258620689655172,0.6224137931034482,0.16379310344827586,0.21724137931034482,0.20172413793103447
2025-02-18,0.5672413793103448,0.6172413793103448,0.1879310344827586,0.5603448275862069,0.6448275862068965,0.35172413793103446,0.3482758620689655,0.22586206896551725,0.22413793103448276,0.28448275862068967,0.7034482758620689,0.6172413793103448,0.11551724137931034,0.21379310344827587,0.7
2025-02-19,0.5672413793103448,0.6448275862068965,0.1879310344827586,0.5482758620689655,0.6724137931034483,0.3396551724137931,0.1206896551724138,0.2689655172413793,0.2706896551724138,0.6637931034482759,0.7120689655172414,0.6275862068965518,0.12931034482758622,0.2206896551724138,0.7793103448275862
2025-02-20,0.5568965517241379,0.6379310344827587,0.27413793103448275,0.5241379310344828,0.65,0.38448275862068965,0.7879310344827586,0.2913793103448276,0.2396551724137931,0.2517241379310345,0.6982758620689655,0.6172413793103448,0.15344827586206897,0.24482758620689654,0.4482758620689655
2025-02-21,0.5551724137931034,0.653448275862069,0.29310344827586204,0.5586206896551724,0.653448275862069,0.4896551724137931,0.5379310344827586,0.28620689655172415,0.1879310344827586,0.33275862068965517,0.696551724137931,0.6275862068965518,0.19482758620689655,0.23793103448275862,0.5655172413793104
2025-02-24,0.553448275862069,0.6482758620689655,0.32413793103448274,0.5775862068965517,0.646551724137931,0.4103448275862069,0.7224137931034482,0.3017241379310345,0.21379310344827587,0.17413793103448275,0.7068965517241379,0.646551724137931,0.1793103448275862,0.2396551724137931,0.38620689655172413
2025-02-25,0.5517241379310345,0.6189655172413793,0.5431034482758621,0.6103448275862069,0.6344827586206897,0.6068965517241379,0.7706896551724138,0.28448275862068967,0.2689655172413793,0.1793103448275862,0.6172413793103448,0.6586206896551724,0.2517241379310345,0.25517241379310346,0.6293103448275862
2025-02-26,0.55,0.5793103448275863,0.8258620689655173,0.6603448275862069,0.5862068965517241,0.6293103448275862,0.4051724137931034,0.20172413793103447,0.30344827586206896,0.5896551724137931,0.6137931034482759,0.7017241379310345,0.25862068965517243,0.2672413793103448,0.33275862068965517
2025-02-27,0.5482758620689655,0.5551724137931034,0.8206896551724138,0.656896551724138,0.5758620689655173,0.6017241379310345,0.803448275862069,0.22758620689655173,0.3275862068965517,0.5655172413793104,0.6103448275862069,0.6586206896551724,0.20862068965517241,0.2655172413793103,0.2413793103448276
2025-02-28,0.5482758620689655,0.5672413793103448,0.8206896551724138,0.7,0.6086206896551725,0.7775862068965518,0.9741379310344828,0.6120689655172413,0.44310344827586207,0.8862068965517241,0.6344827586206897,0.6724137931034483,0.21379310344827587,0.12413793103448276,0.07241379310344828
2025-03-03,0.5482758620689655,0.5672413793103448,0.8241379310344827,0.7,0.6086206896551725,0.7931034482758621,0.6086206896551725,0.6120689655172413,0.31551724137931036,0.4844827586206897,0.6344827586206897,0.6724137931034483,0.29310344827586204,0.07758620689655173,0.5224137931034483
2025-03-04,0.5482758620689655,0.5724137931034483,0.8241379310344827,0.656896551724138,0.6448275862068965,0.8620689655172413,0.6637931034482759,0.41551724137931034,0.253448275862069,0.9913793103448276,0.6206896551724138,0.6586206896551724,0.23103448275862068,0.05172413793103448,0.906896551724138
2025-03-05,0.5482758620689655,0.5344827586206896,0.8293103448275863,0.596551724137931,0.6103448275862069,0.7706896551724138,0.22241379310344828,0.41724137931034483,0.23275862068965517,0.5431034482758621,0.3620689655172414,0.6103448275862069,0.2396551724137931,0.06896551724137931,0.9379310344827586
2025-03-06,0.5396551724137931,0.5017241379310344,0.8293103448275863,0.5844827586206897,0.5603448275862069,0.8637931034482759,0.3310344827586207,0.3896551724137931,0.19482758620689655,0.24310344827586206,0.3275862068965517,0.5637931034482758,0.27413793103448275,0.09827586206896552,0.15172413793103448
2025-03-07,0.5396551724137931,0.5310344827586206,0.846551724137931,0.596551724137931,0.5948275862068966,0.7741379310344828,0.75,0.36724137931034484,0.1724137931034483,0.03793103448275862,0.3931034482758621,0.6448275862068965,0.2,0.16551724137931034,0.8862068965517241
2025-03-10,0.5396551724137931,0.5241379310344828,0.846551724137931,0.6017241379310345,0.5586206896551724,0.9103448275862069,0.4379310344827586,0.3448275862068966,0.19655172413793104,0.7724137931034483,0.41551724137931034,0.6068965517241379,0.3258620689655172,0.19310344827586207,0.19310344827586207
2025-03-11,0.5396551724137931,0.5603448275862069,0.846551724137931,0.6137931034482759,0.603448275862069,0.9241379310344827,0.896551724137931,0.42758620689655175,0.25517241379310346,0.7948275862068965,0.43448275862068964,0.6275862068965518,0.22586206896551725,0.24310344827586206,0.43103448275862066
2025-03-12,0.5327586206896552,0.5724137931034483,0.846551724137931,0.5827586206896552,0.6051724137931035,0.7672413793103449,0.15517241379310345,0.4896551724137931,0.33275862068965517,0.8293103448275863,0.4413793103448276,0.6224137931034482,0.19827586206896552,0.2775862068965517,0.5517241379310345
2025-03-13,0.5327586206896552,0.5603448275862069,0.846551724137931,0.6120689655172413,0.5810344827586207,0.7982758620689655,0.6258620689655172,0.4862068965517241,0.28620689655172415,0.15172413793103448,0.47586206896551725,0.5862068965517241,0.25689655172413794,0.2637931034482759,0.44310344827586207
2025-03-14,0.5327586206896552,0.5206896551724138,0.846551724137931,0.5724137931034483,0.5431034482758621,0.7241379310344828,0.7068965517241379,0.4103448275862069,0.2896551724137931,0.4103448275862069,0.47413793103448276,0.5568965517241379,0.2603448275862069,0.20172413793103447,0.5982758620689655
2025-03-17,0.5327586206896552,0.5206896551724138,0.846551724137931,0.603448275862069,0.5396551724137931,0.6879310344827586,0.11896551724137931,0.5327586206896552,0.35344827586206895,0.6706896551724137,0.4793103448275862,0.5517241379310345,0.24482758620689654,0.1724137931034483,0.6431034482758621
2025-03-18,0.5327586206896552,0.5293103448275862,0.846551724137931,0.6241379310344828,0.5413793103448276,0.6103448275862069,0.5155172413793103,0.5155172413793103,0.31724137931034485,0.1310344827586207,0.4706896551724138,0.5568965517241379,0.25517241379310346,0.20344827586206896,0.1810344827586207
2025-03-19,0.5327586206896552,0.5103448275862069,0.846551724137931,0.6241379310344828,0.5155172413793103,0.47586206896551725,0.35,0.5137931034482759,0.25,0.35344827586206895,0.4672413793103448,0.5586206896551724,0.30689655172413793,0.2120689655172414,0.41206896551724137
2025-03-20,0.5224137931034483,0.5293103448275862,0.846551724137931,0.6172413793103448,0.5327586206896552,0.5913793103448276,0.42586206896551726,0.3879310344827586,0.22586206896551725,0.7931034482758621,0.4844827586206897,0.5913793103448276,0.2982758620689655,0.20689655172413793,0.4224137931034483
2025-03-21,0.5224137931034483,0.5172413793103449,0.85,0.596551724137931,0.5362068965517242,0.5568965517241379,0.453448275862069,0.3775862068965517,0.24655172413793103,0.85,0.5017241379310344,0.5879310344827586,0.3,0.21551724137931033,0.7275862068965517
2025-03-24,0.5224137931034483,0.503448275862069,0.853448275862069,0.5862068965517241,0.5224137931034483,0.5758620689655173,0.7344827586206897,0.3810344827586207,0.2637931034482759,0.8775862068965518,0.5603448275862069,0.5775862068965517,0.2189655172413793,0.22586206896551725,0.22413793103448276
2025-03-25,0.5224137931034483,0.49137931034482757,0.8103448275862069,0.5913793103448276,0.5120689655172413,0.5241379310344828,0.7844827586206896,0.3931034482758621,0.2672413793103448,0.4844827586206897,0.5,0.5706896551724138,0.2689655172413793,0.19482758620689655,0.36379310344827587
2025-03-26,0.5224137931034483,0.49482758620689654,0.1482758620689655,0.5706896551724138,0.5086206896551724,0.47758620689655173,0.24482758620689654,0.43103448275862066,0.2982758620689655,0.6517241379310345,0.45689655172413796,0.5706896551724138,0.23620689655172414,0.18448275862068966,0.8758620689655172
2025-03-27,0.5224137931034483,0.4982758620689655,0.11724137931034483,0.5758620689655173,0.506896551724138,0.46206896551724136,0.906896551724138,0.5017241379310344,0.3448275862068966,0.20862068965517241,0.4896551724137931,0.5724137931034483,0.20689655172413793,0.18275862068965518,0.1482758620689655
2025-03-28,0.5224137931034483,0.4896551724137931,0.11724137931034483,0.5827586206896552,0.503448275862069,0.6155172413793103,0.9379310344827586,0.5810344827586207,0.29310344827586204,0.5844827586206897,0.4879310344827586,0.5862068965517241,0.32241379310344825,0.1793103448275862,0.23620689655172414
2025-03-31,0.5103448275862069,0.5224137931034483,0.1482758620689655,0.6068965517241379,0.553448275862069,0.7258620689655172,0.9672413793103448,0.5206896551724138,0.5120689655172413,0.39655172413793105,0.4586206896551724,0.6741379310344827,0.2896551724137931,0.1896551724137931,0.07413793103448275
2025-04-01,0.5086206896551724,0.506896551724138,0.20517241379310344,0.6,0.5241379310344828,0.7810344827586206,0.12758620689655173,0.5896551724137931,0.6137931034482759,0.7293103448275862,0.22586206896551725,0.6689655172413793,0.3482758620689655,0.15172413793103448,0.6051724137931035
2025-04-02,0.5086206896551724,0.5086206896551724,0.20517241379310344,0.6327586206896552,0.5224137931034483,0.8051724137931034,0.7827586206896552,0.5672413793103448,0.5862068965517241,0.5586206896551724,0.22758620689655173,0.6896551724137931,0.3137931034482759,0.13793103448275862,0.3913793103448276
2025-04-03,0.5017241379310344,0.5517241379310345,0.1896551724137931,0.5913793103448276,0.5827586206896552,0.9017241379310345,0.8068965517241379,0.5568965517241379,0.596551724137931,0.23103448275862068,0.23103448275862068,0.7327586206896551,0.36551724137931035,0.1396551724137931,0.8275862068965517
2025-04-04,0.43448275862068964,0.5948275862068966,0.7051724137931035,0.5637931034482758,0.6241379310344828,0.9655172413793104,0.8344827586206897,0.5706896551724138,0.6103448275862069,0.36724137931034484,0.04310344827586207,0.7379310344827587,0.36724137931034484,0.06551724137931035,0.29482758620689653
2025-04-07,0.41379310344827586,0.7206896551724138,0.7103448275862069,0.5482758620689655,0.7224137931034482,0.9982758620689656,0.9896551724137931,0.7551724137931034,0.7862068965517242,0.005172413793103448,0.6413793103448275,0.753448275862069,0.25517241379310346,0.40344827586206894,0.3620689655172414
2025-04-08,0.4017241379310345,0.6810344827586207,0.7206896551724138,0.503448275862069,0.6948275862068966,1.0,0.4396551724137931,0.75,0.7586206896551724,0.9982758620689656,0.8206896551724138,0.75,0.18275862068965518,0.41724137931034483,0.9103448275862069
2025-04-09,0.4017241379310345,0.6655172413793103,0.7155172413793104,0.46206896551724136,0.6362068965517241,0.9758620689655172,0.9293103448275862,0.746551724137931,0.7327586206896551,0.7396551724137931,0.8189655172413793,0.746551724137931,0.15862068965517243,0.38620689655172413,0.30344827586206896
2025-04-10,0.35,0.6275862068965518,0.7206896551724138,0.5137931034482759,0.6155172413793103,0.9706896551724138,0.008620689655172414,0.846551724137931,0.8637931034482759,0.9637931034482758,0.8258620689655173,0.7482758620689656,0.09310344827586207,0.6051724137931035,0.8931034482758621
2025-04-11,0.35,0.6913793103448276,0.7206896551724138,0.4896551724137931,0.6655172413793103,0.996551724137931,0.753448275862069,0.8482758620689655,0.8724137931034482,0.008620689655172414,0.9155172413793103,0.7551724137931034,0.034482758620689655,0.603448275862069,0.4379310344827586
2025-04-14,0.3275862068965517,0.6517241379310345,0.7137931034482758,0.49137931034482757,0.65,0.9896551724137931,0.2637931034482759,0.8379310344827586,0.8362068965517241,0.1103448275862069,0.9189655172413793,0.753448275862069,0.10517241379310345,0.5879310344827586,0.4189655172413793
2025-04-15,0.3275862068965517,0.7051724137931035,0.7137931034482758,0.5137931034482759,0.6758620689655173,0.9620689655172414,0.28620689655172415,0.8413793103448276,0.8551724137931035,0.01206896551724138,0.9827586206896551,0.756896551724138,0.10862068965517241,0.6017241379310345,0.31551724137931036
2025-04-16,0.3120689655172414,0.75,0.7034482758620689,0.496551724137931,0.746551724137931,0.9517241379310345,0.8862068965517241,0.843103448275862,0.8741379310344828,0.21724137931034482,0.9844827586206897,0.7637931034482759,0.12586206896551724,0.6189655172413793,0.056896551724137934
2025-04-17,0.30344827586206896,0.6948275862068966,0.7017241379310345,0.5206896551724138,0.6551724137931034,0.9275862068965517,0.2672413793103448,0.8448275862068966,0.8913793103448275,0.7362068965517241,0.9810344827586207,0.7603448275862069,0.09827586206896552,0.6120689655172413,0.8241379310344827
2025-04-18,0.30344827586206896,0.7379310344827587,0.7017241379310345,0.5327586206896552,0.7103448275862069,0.9275862068965517,0.36379310344827587,0.85,0.906896551724138,0.11379310344827587,0.9689655172413794,0.7655172413793103,0.07931034482758621,0.6620689655172414,0.2396551724137931
2025-04-21,0.296551724137931,0.7689655172413793,0.6931034482758621,0.5103448275862069,0.746551724137931,0.9741379310344828,0.46206896551724136,0.8551724137931035,0.8931034482758621,0.5948275862068966,0.9534482758620689,0.7862068965517242,0.017241379310344827,0.6931034482758621,0.17586206896551723
2025-04-22,0.296551724137931,0.7655172413793103,0.6931034482758621,0.47586206896551725,0.75,0.9413793103448276,0.6396551724137931,0.8517241379310345,0.8672413793103448,0.27241379310344827,0.9517241379310345,0.7844827586206896,0.03103448275862069,0.6948275862068966,0.34655172413793106
2025-04-23,0.296551724137931,0.756896551724138,0.6931034482758621,0.5189655172413793,0.7362068965517241,0.9362068965517242,0.1413793103448276,0.8586206896551725,0.8844827586206897,0.7137931034482758,0.9551724137931035,0.7827586206896552,0.02586206896551724,0.7120689655172414,0.653448275862069
2025-04-24,0.296551724137931,0.7379310344827587,0.6931034482758621,0.49310344827586206,0.7293103448275862,0.8362068965517241,0.653448275862069,0.853448275862069,0.8344827586206897,0.7310344827586207,0.9568965517241379,0.7827586206896552,0.09482758620689655,0.7137931034482758,0.3568965517241379
2025-04-25,0.2793103448275862,0.7896551724137931,0.6689655172413793,0.5103448275862069,0.7706896551724138,0.7948275862068965,0.2655172413793103,0.8396551724137931,0.8258620689655173,0.7086206896551724,0.9586206896551724,0.8103448275862069,0.08448275862068966,0.7034482758620689,0.4362068965517241
2025-04-28,0.2793103448275862,0.7758620689655172,0.6931034482758621,0.5051724137931034,0.7551724137931034,0.8775862068965518,0.5051724137931034,0.8241379310344827,0.7086206896551724,0.756896551724138,0.9724137931034482,0.8086206896551724,0.1396551724137931,0.6879310344827586,0.646551724137931
2025-04-29,0.2706896551724138,0.7810344827586206,0.6931034482758621,0.4724137931034483,0.75,0.906896551724138,0.3396551724137931,0.8224137931034483,0.6482758620689655,0.7741379310344828,0.9775862068965517,0.8137931034482758,0.1706896551724138,0.6827586206896552,0.8706896551724138
2025-04-30,0.2620689655172414,0.8068965517241379,0.6689655172413793,0.4672413793103448,0.7965517241379311,0.9086206896551724,0.7206896551724138,0.8206896551724138,0.6310344827586207,0.36551724137931035,0.9758620689655172,0.8327586206896552,0.16206896551724137,0.7310344827586207,0.05344827586206897
2025-05-01,0.2620689655172414,0.8068965517241379,0.6931034482758621,0.4672413793103448,0.7965517241379311,0.8241379310344827,0.6086206896551725,0.8206896551724138,0.5741379310344827,0.4844827586206897,0.9758620689655172,0.8327586206896552,0.10689655172413794,0.6603448275862069,0.5224137931034483
2025-05-02,0.2620689655172414,0.8,0.3810344827586207,0.4482758620689655,0.7775862068965518,0.7310344827586207,0.49482758620689654,0.8120689655172414,0.5413793103448276,0.05344827586206897,0.9896551724137931,0.8293103448275863,0.06724137931034482,0.6586206896551724,0.28448275862068967
2025-05-05,0.2620689655172414,0.8,0.3603448275862069,0.4482758620689655,0.7775862068965518,0.7758620689655172,0.6086206896551725,0.8120689655172414,0.28793103448275864,0.4844827586206897,0.9896551724137931,0.8293103448275863,0.04310344827586207,0.3620689655172414,0.5224137931034483
2025-05-06,0.2620689655172414,0.8,0.32241379310344825,0.4482758620689655,0.7775862068965518,0.7965517241379311,0.6086206896551725,0.8120689655172414,0.2775862068965517,0.4844827586206897,0.9896551724137931,0.8293103448275863,0.08793103448275862,0.3137931034482759,0.5224137931034483
2025-05-07,0.2620689655172414,0.843103448275862,0.32241379310344825,0.3293103448275862,0.8120689655172414,0.6931034482758621,0.3620689655172414,0.8051724137931034,0.22241379310344828,0.3913793103448276,0.9913793103448276,0.8413793103448276,0.1310344827586207,0.2689655172413793,0.5689655172413793
2025-05-08,0.2396551724137931,0.7931034482758621,0.33793103448275863,0.35344827586206895,0.7620689655172413,0.6620689655172414,0.45517241379310347,0.743103448275862,0.013793103448275862,0.0017241379310344827,1.0,0.8344827586206897,0.05517241379310345,0.034482758620689655,0.6206896551724138
2025-05-09,0.23275862068965517,0.7172413793103448,0.3603448275862069,0.3620689655172414,0.6448275862068965,0.7051724137931035,0.6482758620689655,0.7448275862068966,0.0034482758620689655,0.6172413793103448,0.9206896551724137,0.8224137931034483,0.09137931034482759,0.03103448275862069,0.5482758620689655
2025-05-12,0.2293103448275862,0.7017241379310345,0.3603448275862069,0.3103448275862069,0.6293103448275862,0.7551724137931034,0.2189655172413793,0.7344827586206897,0.010344827586206896,0.9275862068965517,0.9310344827586207,0.8241379310344827,0.04482758620689655,0.032758620689655175,0.45689655172413796
2025-05-13,0.2293103448275862,0.6155172413793103,0.3603448275862069,0.32413793103448274,0.5775862068965517,0.7017241379310345,0.5241379310344828,0.010344827586206896,0.0017241379310344827,0.1724137931034483,0.9120689655172414,0.8137931034482758,0.039655172413793106,0.02413793103448276,0.5672413793103448
2025-05-14,0.2293103448275862,0.6689655172413793,0.33793103448275863,0.2637931034482759,0.6,0.7120689655172414,0.20344827586206896,0.008620689655172414,0.006896551724137931,0.9758620689655172,0.896551724137931,0.8517241379310345,0.020689655172413793,0.020689655172413793,0.7482758620689656
2025-05-15,0.22241379310344828,0.6413793103448275,0.33793103448275863,0.2706896551724138,0.5758620689655173,0.6603448275862069,0.8017241379310345,0.020689655172413793,0.015517241379310345,0.6293103448275862,0.8913793103448275,0.85,0.07413793103448275,0.017241379310344827,0.25862068965517243
2025-05-16,0.22241379310344828,0.7189655172413794,0.33793103448275863,0.3017241379310345,0.6310344827586207,0.6120689655172413,0.45689655172413796,0.017241379310344827,0.005172413793103448,0.027586206896551724,0.8413793103448276,0.9344827586206896,0.05172413793103448,0.010344827586206896,0.45517241379310347
2025-05-19,0.22241379310344828,0.6603448275862069,0.296551724137931,0.20862068965517241,0.5655172413793104,0.7637931034482759,0.8413793103448276,0.0034482758620689655,0.032758620689655175,0.16206896551724137,0.846551724137931,0.9137931034482759,0.08620689655172414,0.008620689655172414,0.29310344827586204
2025-05-20,0.21724137931034482,0.6879310344827586,0.33793103448275863,0.19655172413793104,0.603448275862069,0.7293103448275862,0.6344827586206897,0.0017241379310344827,0.03103448275862069,0.7206896551724138,0.843103448275862,0.9775862068965517,0.04310344827586207,0.015517241379310345,0.12241379310344827
2025-05-21,0.21724137931034482,0.6724137931034483,0.33793103448275863,0.11206896551724138,0.5844827586206897,0.7413793103448276,0.27413793103448275,0.005172413793103448,0.02413793103448276,0.15862068965517243,0.8379310344827586,0.9534482758620689,0.015517241379310345,0.01206896551724138,0.5396551724137931
2025-05-22,0.21724137931034482,0.6810344827586207,0.33793103448275863,0.09482758620689655,0.593103448275862,0.6862068965517242,0.8896551724137931,0.03793103448275862,0.0603448275862069,0.15689655172413794,0.8396551724137931,0.9603448275862069,0.032758620689655175,0.029310344827586206,0.39827586206896554
2025-05-23,0.21724137931034482,0.7017241379310345,0.3017241379310345,0.08275862068965517,0.5879310344827586,0.7206896551724138,0.6310344827586207,0.03620689655172414,0.03620689655172414,0.08793103448275862,0.85,0.9620689655172414,0.06206896551724138,0.03793103448275862,0.09655172413793103
2025-05-26,0.20862068965517241,0.6879310344827586,0.33793103448275863,0.1,0.5620689655172414,0.7206896551724138,0.07931034482758621,0.05,0.14310344827586208,0.3103448275862069,0.8448275862068966,0.9724137931034482,0.06206896551724138,0.04655172413793104,0.3448275862068966
2025-05-27,0.20862068965517241,0.6879310344827586,0.296551724137931,0.2517241379310345,0.5810344827586207,0.646551724137931,0.7,0.05172413793103448,0.12241379310344827,0.05172413793103448,0.853448275862069,0.9896551724137931,0.07758620689655173,0.039655172413793106,0.3413793103448276
2025-05-28,0.20862068965517241,0.7086206896551724,0.27586206896551724,0.18275862068965518,0.6137931034482759,0.5155172413793103,0.19482758620689655,0.05862068965517241,0.21724137931034482,0.7017241379310345,0.8517241379310345,0.993103448275862,0.04655172413793104,0.03620689655172414,0.8155172413793104
2025-05-29,0.2,0.6379310344827587,0.4879310344827586,0.09655172413793103,0.5517241379310345,0.503448275862069,0.09482758620689655,0.1103448275862069,0.3431034482758621,0.8379310344827586,0.8637931034482759,0.9689655172413794,0.11896551724137931,0.08448275862068966,0.14482758620689656
2025-05-30,0.19827586206896552,0.5948275862068966,0.5293103448275862,0.05517241379310345,0.5362068965517242,0.49482758620689654,0.8310344827586207,0.15172413793103448,0.3758620689655172,0.8655172413793103,0.8793103448275862,0.9534482758620689,0.14310344827586208,0.09137931034482759,0.24310344827586206
2025-06-02,0.19310344827586207,0.5982758620689655,0.55,0.029310344827586206,0.5275862068965518,0.593103448275862,0.5189655172413793,0.14655172413793102,0.3793103448275862,0.14655172413793102,0.8827586206896552,0.9534482758620689,0.12413793103448276,0.23620689655172414,0.9396551724137931
2025-06-03,0.19310344827586207,0.5982758620689655,0.55,0.029310344827586206,0.5275862068965518,0.6982758620689655,0.6086206896551725,0.14655172413793102,0.3793103448275862,0.4844827586206897,0.8827586206896552,0.9534482758620689,0.12413793103448276,0.23620689655172414,0.5224137931034483
2025-06-04,0.1879310344827586,0.5327586206896552,0.5206896551724138,0.006896551724137931,0.47586206896551725,0.6224137931034482,0.05,0.3120689655172414,0.5241379310344828,0.5724137931034483,0.8620689655172413,0.8810344827586207,0.2793103448275862,0.5413793103448276,0.010344827586206896
2025-06-05,0.1879310344827586,0.5379310344827586,0.55,0.010344827586206896,0.4827586206896552,0.5586206896551724,0.15,0.36379310344827587,0.5913793103448276,0.25517241379310346,0.8603448275862069,0.903448275862069,0.23793103448275862,0.5465517241379311,0.8896551724137931
2025-06-06,0.1879310344827586,0.5379310344827586,0.5293103448275862,0.010344827586206896,0.4827586206896552,0.42758620689655175,0.6086206896551725,0.36379310344827587,0.5793103448275863,0.4844827586206897,0.8603448275862069,0.903448275862069,0.15172413793103448,0.5362068965517242,0.5224137931034483
2025-06-09,0.1793103448275862,0.5258620689655172,0.5137931034482759,0.02413793103448276,0.47413793103448276,0.5017241379310344,0.14482758620689656,0.4051724137931034,0.5844827586206897,0.029310344827586206,0.7344827586206897,0.9258620689655173,0.1482758620689655,0.6448275862068965,0.08275862068965517
2025-06-10,0.1793103448275862,0.5155172413793103,0.5137931034482759,0.04827586206896552,0.49310344827586206,0.4706896551724138,0.3586206896551724,0.3913793103448276,0.6224137931034482,0.4086206896551724,0.7206896551724138,0.906896551724138,0.1413793103448276,0.6293103448275862,0.593103448275862
2025-06-11,0.17586206896551723,0.4896551724137931,0.55,0.1,0.46551724137931033,0.4224137931034483,0.20862068965517241,0.39655172413793105,0.6172413793103448,0.55,0.6620689655172414,0.8844827586206897,0.18620689655172415,0.6413793103448275,0.8120689655172414
2025-06-12,0.17586206896551723,0.4724137931034483,0.5293103448275862,0.1706896551724138,0.4603448275862069,0.41724137931034483,0.3879310344827586,0.38448275862068965,0.5655172413793104,0.9137931034482759,0.7189655172413794,0.8879310344827587,0.21551724137931033,0.6379310344827587,0.6120689655172413
2025-06-13,0.17586206896551723,0.3896551724137931,0.5293103448275862,0.30517241379310345,0.4413793103448276,0.5793103448275863,0.8379310344827586,0.4362068965517241,0.5724137931034483,0.14482758620689656,0.5948275862068966,0.8551724137931035,0.16724137931034483,0.6655172413793103,0.33448275862068966
2025-06-16,0.17586206896551723,0.3775862068965517,0.5293103448275862,0.20862068965517241,0.4086206896551724,0.5224137931034483,0.10517241379310345,0.4379310344827586,0.5637931034482758,0.7344827586206897,0.6120689655172413,0.846551724137931,0.16551724137931034,0.6706896551724137,0.3810344827586207
2025-06-17,0.16724137931034483,0.4189655172413793,0.5137931034482759,0.09310344827586207,0.44310344827586207,0.6258620689655172,0.496551724137931,0.4413793103448276,0.5620689655172414,0.25,0.4086206896551724,0.8982758620689655,0.22413793103448276,0.6862068965517242,0.6758620689655173
2025-06-18,0.16724137931034483,0.3620689655172414,0.5137931034482759,0.15344827586206897,0.41379310344827586,0.5275862068965518,0.31896551724137934,0.35,0.5344827586206896,0.2913793103448276,0.3896551724137931,0.8603448275862069,0.24655172413793103,0.7275862068965517,0.896551724137931
2025-06-19,0.16724137931034483,0.3275862068965517,0.5137931034482759,0.16896551724137931,0.4068965517241379,0.5275862068965518,0.46551724137931033,0.3310344827586207,0.43448275862068964,0.9551724137931035,0.5620689655172414,0.85,0.2413793103448276,0.6913793103448276,0.44482758620689655
2025-06-20,0.16724137931034483,0.35172413793103446,0.5137931034482759,0.15344827586206897,0.42758620689655175,0.4396551724137931,0.15172413793103448,0.36551724137931035,0.5310344827586206,0.8413793103448276,0.596551724137931,0.8741379310344828,0.23275862068965517,0.6810344827586207,0.6551724137931034
2025-06-23,0.16724137931034483,0.30344827586206896,0.4879310344827586,0.23275862068965517,0.3620689655172414,0.5655172413793104,0.6931034482758621,0.253448275862069,0.3724137931034483,0.06551724137931035,0.6431034482758621,0.8396551724137931,0.28620689655172415,0.6258620689655172,0.11724137931034483
2025-06-24,0.16724137931034483,0.3706896551724138,0.4879310344827586,0.2827586206896552,0.43103448275862066,0.5017241379310344,0.03103448275862069,0.4,0.5103448275862069,0.9724137931034482,0.6862068965517242,0.8741379310344828,0.27586206896551724,0.7741379310344828,0.12413793103448276
2025-06-25,0.16724137931034483,0.3706896551724138,0.4879310344827586,0.2913793103448276,0.43275862068965515,0.4724137931034483,0.4810344827586207,0.3689655172413793,0.4189655172413793,0.02413793103448276,0.7913793103448276,0.8672413793103448,0.2827586206896552,0.7758620689655172,0.5568965517241379
2025-06-26,0.16724137931034483,0.39827586206896554,0.2827586206896552,0.3741379310344828,0.4362068965517241,0.4241379310344828,0.85,0.43448275862068964,0.3586206896551724,0.19827586206896552,0.7741379310344828,0.8741379310344828,0.2810344827586207,0.7706896551724138,0.6810344827586207
2025-06-27,0.16724137931034483,0.36551724137931035,0.2,0.38448275862068965,0.4396551724137931,0.4017241379310345,0.8120689655172414,0.5224137931034483,0.3689655172413793,0.24655172413793103,0.7724137931034483,0.846551724137931,0.24310344827586206,0.7775862068965518,0.3896551724137931
2025-06-30,0.15172413793103448,0.38275862068965516,0.22413793103448276,0.31551724137931036,0.42931034482758623,0.44310344827586207,0.36551724137931035,0.4603448275862069,0.3931034482758621,0.3293103448275862,0.756896551724138,0.8551724137931035,0.3103448275862069,0.7206896551724138,0.656896551724138
2025-07-01,0.15172413793103448,0.3931034482758621,0.22413793103448276,0.3913793103448276,0.4224137931034483,0.5224137931034483,0.35344827586206895,0.3724137931034483,0.42758620689655175,0.2655172413793103,0.7172413793103448,0.8913793103448275,0.2793103448275862,0.7051724137931035,0.27586206896551724
2025-07-02,0.1413793103448276,0.3310344827586207,0.2,0.33448275862068966,0.3586206896551724,0.47413793103448276,0.746551724137931,0.40344827586206894,0.30517241379310345,0.3431034482758621,0.7017241379310345,0.896551724137931,0.28448275862068967,0.3896551724137931,0.41724137931034483
2025-07-03,0.11896551724137931,0.3896551724137931,0.2827586206896552,0.2672413793103448,0.4,0.3810344827586207,0.1724137931034483,0.2655172413793103,0.2913793103448276,0.8706896551724138,0.746551724137931,0.9672413793103448,0.2120689655172414,0.38448275862068965,0.6017241379310345
2025-07-04,0.11896551724137931,0.33620689655172414,0.2827586206896552,0.28793103448275864,0.36379310344827587,0.3810344827586207,0.946551724137931,0.4724137931034483,0.38620689655172413,0.32068965517241377,0.7396551724137931,0.9448275862068966,0.22413793103448276,0.45517241379310347,0.41551724137931034
2025-07-07,0.11896551724137931,0.3275862068965517,0.22413793103448276,0.2982758620689655,0.32413793103448274,0.41379310344827586,0.47586206896551725,0.4241379310344828,0.32413793103448274,0.8327586206896552,0.6448275862068965,0.9603448275862069,0.19655172413793104,0.36551724137931035,0.12586206896551724
2025-07-08,0.11896551724137931,0.34655172413793106,0.22413793103448276,0.2482758620689655,0.3482758620689655,0.4051724137931034,0.10344827586206896,0.5051724137931034,0.3620689655172414,0.6482758620689655,0.6482758620689655,0.9758620689655172,0.18620689655172415,0.5896551724137931,0.005172413793103448
2025-07-09,0.09827586206896552,0.33793103448275863,0.2,0.2293103448275862,0.3137931034482759,0.3448275862068966,0.35172413793103446,0.47586206896551725,0.3086206896551724,0.5862068965517241,0.65,0.9844827586206897,0.2706896551724138,0.5948275862068966,0.7086206896551724
2025-07-10,0.09827586206896552,0.4206896551724138,0.2,0.20517241379310344,0.4103448275862069,0.3,0.13448275862068965,0.5344827586206896,0.3603448275862069,0.8206896551724138,0.6189655172413793,1.0,0.2120689655172414,0.5982758620689655,0.5827586206896552
2025-07-11,0.09827586206896552,0.3758620689655172,0.2,0.23275862068965517,0.3793103448275862,0.3689655172413793,0.6896551724137931,0.4844827586206897,0.3482758620689655,0.3620689655172414,0.5879310344827586,0.9982758620689656,0.16206896551724137,0.593103448275862,0.5637931034482758
2025-07-14,0.09827586206896552,0.3310344827586207,0.2,0.12586206896551724,0.31896551724137934,0.45517241379310347,0.3017241379310345,0.4068965517241379,0.3258620689655172,0.6017241379310345,0.5793103448275863,0.9844827586206897,0.20344827586206896,0.6896551724137931,0.05172413793103448
2025-07-15,0.09827586206896552,0.35172413793103446,0.15,0.11724137931034483,0.3586206896551724,0.41551724137931034,0.4,0.4017241379310345,0.3568965517241379,0.7275862068965517,0.5741379310344827,0.9810344827586207,0.1482758620689655,0.7155172413793104,0.8293103448275863
2025-07-16,0.08793103448275862,0.3448275862068966,0.22413793103448276,0.10344827586206896,0.33620689655172414,0.42586206896551726,0.843103448275862,0.4689655172413793,0.36379310344827587,0.7517241379310344,0.5758620689655173,0.9758620689655172,0.17413793103448275,0.8189655172413793,0.9741379310344828
2025-07-17,0.08793103448275862,0.3120689655172414,0.22413793103448276,0.08448275862068966,0.3017241379310345,0.3706896551724138,0.4672413793103448,0.4706896551724138,0.36551724137931035,0.7637931034482759,0.453448275862069,0.9344827586206896,0.19310344827586207,0.8155172413793104,0.3258620689655172
2025-07-18,0.08793103448275862,0.31896551724137934,0.22413793103448276,0.16896551724137931,0.30689655172413793,0.3310344827586207,0.6551724137931034,0.42931034482758623,0.3,0.7224137931034482,0.42586206896551726,0.9293103448275862,0.19137931034482758,0.8448275862068966,0.8689655172413793
2025-07-21,0.08793103448275862,0.3603448275862069,0.22413793103448276,0.16896551724137931,0.35,0.3931034482758621,0.32413793103448274,0.4189655172413793,0.33620689655172414,0.5689655172413793,0.31896551724137934,0.9396551724137931,0.21724137931034482,0.8396551724137931,0.753448275862069
2025-07-22,0.08793103448275862,0.3448275862068966,0.22413793103448276,0.2293103448275862,0.32241379310344825,0.43448275862068964,0.8948275862068965,0.19827586206896552,0.29482758620689653,0.36379310344827587,0.23448275862068965,0.9258620689655173,0.23620689655172414,0.7620689655172413,0.23103448275862068
2025-07-23,0.08793103448275862,0.35344827586206895,0.22413793103448276,0.2413793103448276,0.3431034482758621,0.3775862068965517,0.3931034482758621,0.20344827586206896,0.30689655172413793,0.17758620689655172,0.01896551724137931,0.9293103448275862,0.1879310344827586,0.7603448275862069,0.603448275862069
2025-07-24,0.08793103448275862,0.33620689655172414,0.22413793103448276,0.20172413793103447,0.31551724137931036,0.32413793103448274,0.4586206896551724,0.17758620689655172,0.25862068965517243,0.11551724137931034,0.027586206896551724,0.9137931034482759,0.17758620689655172,0.746551724137931,0.44655172413793104
2025-07-25,0.05517241379310345,0.3275862068965517,0.2827586206896552,0.2482758620689655,0.2913793103448276,0.3120689655172414,0.4724137931034483,0.15517241379310345,0.2,0.056896551724137934,0.11206896551724138,0.903448275862069,0.20172413793103447,0.743103448275862,0.32413793103448274
2025-07-28,0.08793103448275862,0.4017241379310345,0.38620689655172413,0.2672413793103448,0.31896551724137934,0.33620689655172414,0.39655172413793105,0.15344827586206897,0.19137931034482758,0.8793103448275862,0.16206896551724137,0.9258620689655173,0.16896551724137931,0.8793103448275862,1.0
2025-07-29,0.08793103448275862,0.42931034482758623,0.38620689655172413,0.2810344827586207,0.33275862068965517,0.3603448275862069,0.33620689655172414,0.15689655172413794,0.2189655172413793,0.7155172413793104,0.1482758620689655,0.9344827586206896,0.23103448275862068,0.8844827586206897,0.22758620689655173
2025-07-30,0.08793103448275862,0.4224137931034483,0.2896551724137931,0.34655172413793106,0.35172413793103446,0.3103448275862069,0.32068965517241377,0.1482758620689655,0.27413793103448275,0.9603448275862069,0.22413793103448276,0.9396551724137931,0.17586206896551723,0.8862068965517241,0.8206896551724138
2025-07-31,0.08793103448275862,0.4068965517241379,0.2482758620689655,0.41206896551724137,0.33275862068965517,0.2810344827586207,0.7051724137931035,0.11206896551724138,0.20172413793103447,0.0896551724137931,0.2775862068965517,0.9172413793103448,0.1724137931034483,0.8827586206896552,0.6793103448275862
2025-08-01,0.08793103448275862,0.3448275862068966,0.2482758620689655,0.3120689655172414,0.30344827586206896,0.33793103448275863,0.9827586206896551,0.5448275862068965,0.31896551724137934,0.8844827586206897,0.29482758620689653,0.8879310344827587,0.3413793103448276,0.906896551724138,0.6310344827586207
2025-08-04,0.08793103448275862,0.4689655172413793,0.2482758620689655,0.3017241379310345,0.41551724137931034,0.40344827586206894,0.2775862068965517,0.5603448275862069,0.3896551724137931,0.906896551724138,0.31551724137931036,0.996551724137931,0.30344827586206896,0.9051724137931034,0.3137931034482759
2025-08-05,0.05517241379310345,0.4689655172413793,0.28793103448275864,0.35172413793103446,0.3896551724137931,0.4189655172413793,0.1310344827586207,0.5431034482758621,0.49137931034482757,0.034482758620689655,0.5465517241379311,0.9948275862068966,0.29482758620689653,0.7879310344827586,0.2810344827586207
2025-08-06,0.05517241379310345,0.45517241379310347,0.2482758620689655,0.33448275862068966,0.3758620689655172,0.3413793103448276,0.5431034482758621,0.5396551724137931,0.46206896551724136,0.6103448275862069,0.5482758620689655,0.9896551724137931,0.30517241379310345,0.7982758620689655,0.1793103448275862
2025-08-07,0.05517241379310345,0.47586206896551725,0.2482758620689655,0.2775862068965517,0.4206896551724138,0.28793103448275864,0.27241379310344827,0.47413793103448276,0.4689655172413793,0.6724137931034483,0.5086206896551724,0.993103448275862,0.2913793103448276,0.7913793103448276,0.5448275862068965
2025-08-08,0.05517241379310345,0.47758620689655173,0.2482758620689655,0.2637931034482759,0.41724137931034483,0.2672413793103448,0.7620689655172413,0.49137931034482757,0.5086206896551724,0.16034482758620688,0.5637931034482758,0.9810344827586207,0.2620689655172414,0.7965517241379311,0.6913793103448276
2025-08-11,0.05517241379310345,0.4413793103448276,0.2482758620689655,0.28620689655172415,0.39655172413793105,0.30689655172413793,0.6517241379310345,0.46206896551724136,0.45689655172413796,0.6120689655172413,0.5672413793103448,0.9672413793103448,0.2689655172413793,0.6982758620689655,0.6655172413793103
2025-08-12,0.05517241379310345,0.42758620689655175,0.2482758620689655,0.2482758620689655,0.3724137931034483,0.2396551724137931,0.7586206896551724,0.4672413793103448,0.4672413793103448,0.6431034482758621,0.5586206896551724,0.9396551724137931,0.2655172413793103,0.7362068965517241,0.10172413793103448
2025-08-13,0.05517241379310345,0.4413793103448276,0.13275862068965516,0.1810344827586207,0.4051724137931034,0.23793103448275862,0.24310344827586206,0.4827586206896552,0.5258620689655172,0.6189655172413793,0.5327586206896552,0.9448275862068966,0.31724137931034485,0.5327586206896552,0.7655172413793103
2025-08-14,0.05517241379310345,0.45517241379310347,0.13275862068965516,0.19655172413793104,0.42586206896551726,0.22586206896551725,0.5275862068965518,0.4810344827586207,0.5155172413793103,0.13620689655172413,0.5724137931034483,0.9603448275862069,0.2482758620689655,0.5344827586206896,0.2655172413793103
2025-08-15,0.05517241379310345,0.45517241379310347,0.13275862068965516,0.19655172413793104,0.42586206896551726,0.22413793103448276,0.6086206896551725,0.4810344827586207,0.4982758620689655,0.4844827586206897,0.5724137931034483,0.9603448275862069,0.20517241379310344,0.5224137931034483,0.5224137931034483
2025-08-18,0.05517241379310345,0.43275862068965515,0.13275862068965516,0.12931034482758622,0.38275862068965516,0.3086206896551724,0.9137931034482759,0.5551724137931034,0.5758620689655173,0.30517241379310345,0.553448275862069,0.9258620689655173,0.2517241379310345,0.5827586206896552,0.8362068965517241
2025-08-19,0.013793103448275862,0.4103448275862069,0.23448275862068965,0.11379310344827587,0.32068965517241377,0.3137931034482759,0.8206896551724138,0.553448275862069,0.5603448275862069,0.6931034482758621,0.5655172413793104,0.9137931034482759,0.30344827586206896,0.5810344827586207,0.3017241379310345
2025-08-20,0.013793103448275862,0.4103448275862069,0.23448275862068965,0.11896551724137931,0.3258620689655172,0.2913793103448276,0.7931034482758621,0.5310344827586206,0.6086206896551725,0.743103448275862,0.5827586206896552,0.9172413793103448,0.3086206896551724,0.5758620689655173,0.3103448275862069
2025-08-21,0.013793103448275862,0.41551724137931034,0.23448275862068965,0.1413793103448276,0.34655172413793106,0.2896551724137931,0.41551724137931034,0.5275862068965518,0.6379310344827587,0.8948275862068965,0.6155172413793103,0.9258620689655173,0.27241379310344827,0.6172413793103448,0.2482758620689655
2025-08-22,0.013793103448275862,0.40344827586206894,0.13275862068965516,0.15344827586206897,0.30517241379310345,0.253448275862069,0.2896551724137931,0.5465517241379311,0.7206896551724138,0.5275862068965518,0.5551724137931034,0.9137931034482759,0.3396551724137931,0.6,0.8189655172413793
2025-08-25,0.013793103448275862,0.4379310344827586,0.01896551724137931,0.10344827586206896,0.35344827586206895,0.24310344827586206,0.18620689655172415,0.5862068965517241,0.7982758620689655,0.27586206896551724,0.41206896551724137,0.9534482758620689,0.32068965517241377,0.4362068965517241,0.6379310344827587
2025-08-26,0.013793103448275862,0.4603448275862069,0.01896551724137931,0.0603448275862069,0.36724137931034484,0.2706896551724138,0.8551724137931035,0.6,0.8172413793103448,0.07758620689655173,0.47758620689655173,0.9724137931034482,0.3396551724137931,0.4482758620689655,0.7362068965517241
2025-08-27,0.013793103448275862,0.4827586206896552,0.01896551724137931,0.08793103448275862,0.41379310344827586,0.24482758620689654,0.44482758620689655,0.5913793103448276,0.7965517241379311,0.7896551724137931,0.4862068965517241,0.9896551724137931,0.3310344827586207,0.44482758620689655,0.5293103448275862
2025-08-28,0.013793103448275862,0.4706896551724138,0.01896551724137931,0.16896551724137931,0.38448275862068965,0.2413793103448276,0.43448275862068964,0.5775862068965517,0.8017241379310345,0.7689655172413793,0.3689655172413793,0.9672413793103448,0.33620689655172414,0.45689655172413796,0.2517241379310345
2025-08-29,0.05517241379310345,0.4689655172413793,0.13275862068965516,0.18620689655172415,0.38275862068965516,0.27413793103448275,0.7137931034482758,0.5793103448275863,0.6982758620689655,0.11896551724137931,0.3431034482758621,0.9413793103448276,0.3293103448275862,0.2103448275862069,0.5810344827586207
2025-09-01,0.05517241379310345,0.4362068965517241,0.13275862068965516,0.12586206896551724,0.36551724137931035,0.27413793103448275,0.903448275862069,0.11724137931034483,0.746551724137931,0.34655172413793106,0.31724137931034485,0.906896551724138,0.34655172413793106,0.19827586206896552,0.3775862068965517
2025-09-02,0.05517241379310345,0.4241379310344828,0.06206896551724138,0.09310344827586207,0.33275862068965517,0.36379310344827587,0.2689655172413793,0.1206896551724138,0.6758620689655173,0.7793103448275862,0.28448275862068967,0.896551724137931,0.33275862068965517,0.14482758620689656,0.35172413793103446
2025-09-03,0.05517241379310345,0.36551724137931035,0.06206896551724138,0.0603448275862069,0.296551724137931,0.43275862068965515,0.41379310344827586,0.06379310344827586,0.7051724137931035,0.4,0.11551724137931034,0.8603448275862069,0.3741379310344828,0.12758620689655173,0.5879310344827586
2025-09-04,0.05517241379310345,0.35517241379310344,0.06206896551724138,0.12931034482758622,0.3,0.4086206896551724,0.36724137931034484,0.06724137931034482,0.6793103448275862,0.596551724137931,0.11379310344827587,0.8637931034482759,0.3775862068965517,0.12241379310344827,0.8568965517241379
2025-09-05,0.05517241379310345,0.3724137931034483,0.06206896551724138,0.17586206896551723,0.3120689655172414,0.36551724137931035,0.4879310344827586,0.056896551724137934,0.65,0.33793103448275863,0.10862068965517241,0.8793103448275862,0.3931034482758621,0.10344827586206896,0.4051724137931034
2025-09-08,0.05517241379310345,0.3793103448275862,0.06206896551724138,0.16034482758620688,0.34655172413793106,0.3431034482758621,0.38620689655172413,0.05517241379310345,0.6672413793103448,0.35,0.07758620689655173,0.8793103448275862,0.4086206896551724,0.1,0.7620689655172413
2025-09-09,0.05517241379310345,0.38620689655172413,0.06206896551724138,0.1793103448275862,0.3896551724137931,0.31551724137931036,0.19310344827586207,0.07413793103448275,0.7068965517241379,0.31724137931034485,0.08103448275862069,0.8913793103448275,0.38620689655172413,0.20517241379310344,0.13448275862068965
2025-09-10,0.05517241379310345,0.33275862068965517,0.06206896551724138,0.15689655172413794,0.3758620689655172,0.27586206896551724,0.12413793103448276,0.13793103448275862,0.7017241379310345,0.2293103448275862,0.09137931034482759,0.8603448275862069,0.4068965517241379,0.4379310344827586,0.04310344827586207
2025-09-11,0.05517241379310345,0.3706896551724138,0.06206896551724138,0.1793103448275862,0.39655172413793105,0.20344827586206896,0.2827586206896552,0.11896551724137931,0.7448275862068966,0.5482758620689655,0.0896551724137931,0.8793103448275862,0.4103448275862069,0.4517241379310345,0.8551724137931035
2025-09-12,0.05517241379310345,0.3568965517241379,0.06206896551724138,0.20172413793103447,0.3724137931034483,0.1810344827586207,0.14655172413793102,0.16724137931034483,0.7896551724137931,0.6086206896551725,0.06206896551724138,0.8672413793103448,0.3913793103448276,0.4586206896551724,0.5741379310344827
2025-09-15,0.05517241379310345,0.3396551724137931,0.06206896551724138,0.22413793103448276,0.3586206896551724,0.23103448275862068,0.4224137931034483,0.07586206896551724,0.7362068965517241,0.3741379310344828,0.05517241379310345,0.8637931034482759,0.39655172413793105,0.3586206896551724,0.2
2025-09-16,0.05517241379310345,0.3913793103448276,0.0017241379310344827,0.1896551724137931,0.4051724137931034,0.23275862068965517,0.19655172413793104,0.06551724137931035,0.743103448275862,0.5379310344827586,0.04827586206896552,0.896551724137931,0.39482758620689656,0.3689655172413793,0.9017241379310345
2025-09-17,0.08793103448275862,0.42758620689655175,0.029310344827586206,0.25689655172413794,0.4189655172413793,0.2206896551724138,0.8741379310344828,0.08103448275862069,0.7655172413793103,0.11724137931034483,0.07241379310344828,0.8741379310344828,0.38275862068965516,0.4,0.6689655172413793
2025-09-18,0.08793103448275862,0.45,0.029310344827586206,0.32068965517241377,0.4379310344827586,0.16034482758620688,0.16206896551724137,0.10172413793103448,0.7879310344827586,0.2793103448275862,0.022413793103448276,0.8844827586206897,0.3568965517241379,0.39482758620689656,0.8655172413793103
2025-09-19,0.08793103448275862,0.41724137931034483,0.029310344827586206,0.23620689655172414,0.3724137931034483,0.1724137931034483,0.743103448275862,0.12241379310344827,0.7637931034482759,0.7758620689655172,0.039655172413793106,0.843103448275862,0.36379310344827587,0.3931034482758621,0.253448275862069
2025-09-22,0.08793103448275862,0.38275862068965516,0.029310344827586206,0.23620689655172414,0.33620689655172414,0.2189655172413793,0.33275862068965517,0.09655172413793103,0.6879310344827586,0.9103448275862069,0.1103448275862069,0.8379310344827586,0.3689655172413793,0.3879310344827586,0.7448275862068966
2025-09-23,0.08793103448275862,0.35172413793103446,0.029310344827586206,0.31551724137931036,0.33275862068965517,0.21724137931034482,0.3706896551724138,0.06206896551724138,0.646551724137931,0.5120689655172413,0.03793103448275862,0.8362068965517241,0.3741379310344828,0.35344827586206895,0.7672413793103449
2025-09-24,0.08793103448275862,0.31896551724137934,0.029310344827586206,0.29482758620689653,0.29482758620689653,0.20689655172413793,0.7327586206896551,0.0706896551724138,0.6586206896551724,0.4017241379310345,0.02413793103448276,0.8206896551724138,0.3706896551724138,0.3724137931034483,0.6344827586206897
2025-09-25,0.09827586206896552,0.3,0.09655172413793103,0.30517241379310345,0.28620689655172415,0.2120689655172414,0.6224137931034482,0.07758620689655173,0.6362068965517241,0.5672413793103448,0.020689655172413793,0.8017241379310345,0.3758620689655172,0.3758620689655172,0.7551724137931034
2025-09-26,0.11896551724137931,0.2775862068965517,0.09655172413793103,0.20517241379310344,0.2810344827586207,0.19482758620689655,0.9551724137931035,0.3086206896551724,0.756896551724138,0.803448275862069,0.017241379310344827,0.7724137931034483,0.3879310344827586,0.3810344827586207,0.1310344827586207
2025-09-29,0.11896551724137931,0.23448275862068965,0.09655172413793103,0.2293103448275862,0.2775862068965517,0.21551724137931033,0.17758620689655172,0.2413793103448276,0.7120689655172414,0.95,0.06379310344827586,0.7706896551724138,0.40344827586206894,0.4017241379310345,0.21379310344827587
2025-09-30,0.1413793103448276,0.23793103448275862,0.16551724137931034,0.2517241379310345,0.2603448275862069,0.2517241379310345,0.6741379310344827,0.24482758620689654,0.6431034482758621,0.07931034482758621,0.14482758620689656,0.7672413793103449,0.4051724137931034,0.42758620689655175,0.8086206896551724
2025-10-01,0.1413793103448276,0.23620689655172414,0.16551724137931034,0.2775862068965517,0.25689655172413794,0.18448275862068966,0.27586206896551724,0.25689655172413794,0.6603448275862069,0.5465517241379311,0.1413793103448276,0.7741379310344828,0.43275862068965515,0.42931034482758623,0.7293103448275862
2025-10-02,0.1413793103448276,0.25862068965517243,0.16551724137931034,0.22413793103448276,0.27241379310344827,0.15172413793103448,0.04482758620689655,0.45517241379310347,0.7724137931034483,0.6689655172413793,0.15862068965517243,0.7982758620689655,0.44310344827586207,0.41206896551724137,0.8724137931034482
2025-10-03,0.1413793103448276,0.25862068965517243,0.16551724137931034,0.22413793103448276,0.27241379310344827,0.1310344827586207,0.6086206896551725,0.45517241379310347,0.7672413793103449,0.4844827586206897,0.15862068965517243,0.7982758620689655,0.42586206896551726,0.41551724137931034,0.5224137931034483
2025-10-06,0.1413793103448276,0.25862068965517243,0.16551724137931034,0.22413793103448276,0.27241379310344827,0.17586206896551723,0.6086206896551725,0.45517241379310347,0.7413793103448276,0.4844827586206897,0.15862068965517243,0.7982758620689655,0.39827586206896554,0.4051724137931034,0.5224137931034483
2025-10-07,0.1413793103448276,0.25862068965517243,0.16551724137931034,0.22413793103448276,0.27241379310344827,0.2103448275862069,0.6086206896551725,0.45517241379310347,0.6706896551724137,0.4844827586206897,0.15862068965517243,0.7982758620689655,0.4206896551724138,0.33620689655172414,0.5224137931034483
2025-10-08,0.1413793103448276,0.25862068965517243,0.16551724137931034,0.22413793103448276,0.27241379310344827,0.20172413793103447,0.6086206896551725,0.45517241379310347,0.5775862068965517,0.4844827586206897,0.15862068965517243,0.7982758620689655,0.42586206896551726,0.0603448275862069,0.5224137931034483
2025-10-09,0.1413793103448276,0.25862068965517243,0.16551724137931034,0.22413793103448276,0.27241379310344827,0.1896551724137931,0.6086206896551725,0.45517241379310347,0.5224137931034483,0.4844827586206897,0.15862068965517243,0.7982758620689655,0.4206896551724138,0.056896551724137934,0.5224137931034483
2025-10-10,0.1413793103448276,0.2413793103448276,0.16551724137931034,0.2396551724137931,0.25862068965517243,0.30344827586206896,0.11724137931034483,0.503448275862069,0.5396551724137931,0.2103448275862069,0.17413793103448275,0.7793103448275862,0.47586206896551725,0.06206896551724138,0.9775862068965517
2025-10-13,0.11896551724137931,0.2810344827586207,0.30689655172413793,0.3293103448275862,0.28448275862068967,0.30344827586206896,0.8,0.5517241379310345,0.5689655172413793,0.993103448275862,0.38275862068965516,0.8068965517241379,0.4379310344827586,0.05344827586206897,0.7862068965517242
2025-10-14,0.11896551724137931,0.296551724137931,0.30689655172413793,0.36551724137931035,0.28793103448275864,0.28620689655172415,0.7862068965517242,0.5724137931034483,0.496551724137931,0.8741379310344828,0.39827586206896554,0.8172413793103448,0.43448275862068964,0.05517241379310345,0.5241379310344828
2025-10-15,0.11896551724137931,0.30344827586206896,0.2655172413793103,0.3689655172413793,0.2896551724137931,0.20517241379310344,0.04655172413793104,0.6189655172413793,0.5517241379310345,0.5344827586206896,0.36724137931034484,0.8206896551724138,0.41379310344827586,0.15,0.5275862068965518
2025-10-16,0.11896551724137931,0.24482758620689654,0.2655172413793103,0.3620689655172414,0.27586206896551724,0.29482758620689653,0.056896551724137934,0.6689655172413793,0.6017241379310345,0.22241379310344828,0.40344827586206894,0.8017241379310345,0.4793103448275862,0.15689655172413794,0.903448275862069
2025-10-17,0.11896551724137931,0.2793103448275862,0.2655172413793103,0.3913793103448276,0.2827586206896552,0.25689655172413794,0.5413793103448276,0.6603448275862069,0.5586206896551724,0.1706896551724138,0.45517241379310347,0.8155172413793104,0.4482758620689655,0.16206896551724137,0.7396551724137931
2025-10-20,0.11896551724137931,0.24310344827586206,0.2655172413793103,0.41724137931034483,0.27586206896551724,0.23620689655172414,0.11206896551724138,0.6741379310344827,0.6258620689655172,0.5086206896551724,0.44655172413793104,0.8051724137931034,0.4586206896551724,0.3603448275862069,0.09827586206896552
2025-10-21,0.1413793103448276,0.2293103448275862,0.31724137931034485,0.453448275862069,0.25517241379310346,0.23448275862068965,0.4482758620689655,0.6706896551724137,0.593103448275862,0.5362068965517242,0.4482758620689655,0.7982758620689655,0.4844827586206897,0.36379310344827587,0.7224137931034482
2025-10-22,0.1413793103448276,0.24655172413793103,0.31724137931034485,0.46379310344827585,0.2810344827586207,0.21379310344827587,0.14310344827586208,0.656896551724138,0.6327586206896552,0.7068965517241379,0.36379310344827587,0.8051724137931034,0.46206896551724136,0.3568965517241379,0.9189655172413793
2025-10-23,0.1413793103448276,0.21724137931034482,0.2655172413793103,0.4517241379310345,0.253448275862069,0.1879310344827586,0.8586206896551725,0.6724137931034483,0.696551724137931,0.8344827586206897,0.3568965517241379,0.7758620689655172,0.46551724137931033,0.34655172413793106,0.3482758620689655
2025-10-24,0.15172413793103448,0.23275862068965517,0.2655172413793103,0.4206896551724138,0.2620689655172414,0.12413793103448276,0.05517241379310345,0.6948275862068966,0.6862068965517242,0.8362068965517241,0.3706896551724138,0.7775862068965518,0.4603448275862069,0.3310344827586207,0.9344827586206896
2025-10-27,0.15172413793103448,0.22586206896551725,0.2655172413793103,0.3620689655172414,0.2517241379310345,0.0896551724137931,0.05344827586206897,0.7206896551724138,0.7275862068965517,0.3810344827586207,0.33448275862068966,0.7689655172413793,0.506896551724138,0.30689655172413793,0.8517241379310345
2025-10-28,0.15172413793103448,0.2120689655172414,0.13620689655172413,0.45689655172413796,0.25,0.10344827586206896,0.8189655172413793,0.7310344827586207,0.7620689655172413,0.2396551724137931,0.3586206896551724,0.7620689655172413,0.5,0.27586206896551724,0.3086206896551724
2025-10-29,0.15172413793103448,0.19482758620689655,0.13620689655172413,0.4517241379310345,0.2396551724137931,0.07758620689655173,0.1103448275862069,0.7293103448275862,0.7810344827586206,0.603448275862069,0.35172413793103446,0.7586206896551724,0.4672413793103448,0.29482758620689653,0.9517241379310345
2025-10-30,0.17586206896551723,0.16896551724137931,0.46379310344827585,0.43103448275862066,0.2120689655172414,0.09137931034482759,0.4827586206896552,0.7275862068965517,0.656896551724138,0.3275862068965517,0.36551724137931035,0.743103448275862,0.496551724137931,0.3,0.8482758620689655
2025-10-31,0.1879310344827586,0.20172413793103447,0.6586206896551724,0.3448275862068966,0.2413793103448276,0.08620689655172414,0.3724137931034483,0.6310344827586207,0.6896551724137931,0.07586206896551724,0.4724137931034483,0.7448275862068966,0.5086206896551724,0.30517241379310345,0.5379310344827586
2025-11-03,0.1879310344827586,0.1706896551724138,0.6586206896551724,0.3448275862068966,0.2189655172413793,0.09827586206896552,0.034482758620689655,0.6655172413793103,0.7931034482758621,0.7413793103448276,0.3793103448275862,0.7413793103448276,0.5155172413793103,0.30517241379310345,0.9568965517241379
2025-11-04,0.19310344827586207,0.19137931034482758,0.6706896551724137,0.32068965517241377,0.23793103448275862,0.1103448275862069,0.9534482758620689,0.7327586206896551,0.8603448275862069,0.593103448275862,0.30689655172413793,0.7396551724137931,0.5293103448275862,0.32068965517241377,0.006896551724137931
2025-11-05,0.19827586206896552,0.1724137931034483,0.6810344827586207,0.296551724137931,0.21379310344827587,0.16896551724137931,0.9637931034482758,0.7603448275862069,0.9275862068965517,0.9017241379310345,0.3310344827586207,0.7362068965517241,0.5137931034482759,0.32241379310344825,0.04655172413793104
2025-11-06,0.19827586206896552,0.13620689655172413,0.6810344827586207,0.25689655172413794,0.1810344827586207,0.1706896551724138,0.3603448275862069,0.7517241379310344,0.9448275862068966,0.9086206896551724,0.3724137931034483,0.7293103448275862,0.6275862068965518,0.43275862068965515,0.039655172413793106
2025-11-07,0.20172413793103447,0.12413793103448276,0.7741379310344828,0.3879310344827586,0.15862068965517243,0.19655172413793104,0.9344827586206896,0.7620689655172413,0.946551724137931,0.31896551724137934,0.3413793103448276,0.7137931034482758,0.6517241379310345,0.4241379310344828,0.3758620689655172
2025-11-10,0.20862068965517241,0.1310344827586207,0.7086206896551724,0.2706896551724138,0.1793103448275862,0.2637931034482759,0.029310344827586206,0.7655172413793103,0.9551724137931035,0.8931034482758621,0.19655172413793104,0.7155172413793104,0.6396551724137931,0.46206896551724136,0.38448275862068965
2025-11-11,0.21724137931034482,0.15517241379310345,0.6982758620689655,0.2482758620689655,0.19655172413793104,0.2637931034482759,0.3086206896551724,0.7637931034482759,0.9568965517241379,0.39482758620689656,0.17758620689655172,0.7206896551724138,0.6120689655172413,0.47586206896551725,0.9120689655172414
2025-11-12,0.2293103448275862,0.12586206896551724,0.7482758620689656,0.29482758620689653,0.1706896551724138,0.29310344827586204,0.24655172413793103,0.7586206896551724,0.9534482758620689,0.9120689655172414,0.22241379310344828,0.6689655172413793,0.7396551724137931,0.5,0.020689655172413793
2025-11-13,0.23275862068965517,0.13275862068965516,0.7275862068965517,0.3724137931034483,0.1724137931034483,0.2655172413793103,0.3793103448275862,0.7482758620689656,0.9482758620689655,0.6913793103448276,0.19482758620689655,0.6482758620689655,0.6948275862068966,0.5120689655172413,0.7327586206896551
2025-11-14,0.2706896551724138,0.14655172413793102,0.8,0.23793103448275862,0.17586206896551723,0.2775862068965517,0.9793103448275862,0.7775862068965518,0.9620689655172414,0.6827586206896552,0.13275862068965516,0.6172413793103448,0.7137931034482758,0.596551724137931,0.1724137931034483
2025-11-17,0.2793103448275862,0.17758620689655172,0.7982758620689655,0.1896551724137931,0.19137931034482758,0.32068965517241377,0.08620689655172414,0.7793103448275862,0.9655172413793104,0.06206896551724138,0.2706896551724138,0.6448275862068965,0.7017241379310345,0.5310344827586206,0.9862068965517241
2025-11-18,0.296551724137931,0.2120689655172414,0.7931034482758621,0.17413793103448275,0.22241379310344828,0.3275862068965517,0.9724137931034482,0.8017241379310345,0.9758620689655172,0.40344827586206894,0.27241379310344827,0.6862068965517242,0.6827586206896552,0.6758620689655173,0.36724137931034484
2025-11-19,0.296551724137931,0.22241379310344828,0.7931034482758621,0.12586206896551724,0.22413793103448276,0.34655172413793106,0.7793103448275862,0.7931034482758621,0.9741379310344828,0.846551724137931,0.2793103448275862,0.6862068965517242,0.6879310344827586,0.6741379310344827,0.27413793103448275
2025-11-20,0.296551724137931,0.22413793103448276,0.7931034482758621,0.10517241379310345,0.20344827586206896,0.2482758620689655,0.08793103448275862,0.8068965517241379,0.9810344827586207,0.4051724137931034,0.27586206896551724,0.6775862068965517,0.7724137931034483,0.6637931034482759,0.8810344827586207
2025-11-21,0.30344827586206896,0.29482758620689653,0.7982758620689655,0.16896551724137931,0.23620689655172414,0.2603448275862069,0.9775862068965517,0.8362068965517241,0.9896551724137931,0.6982758620689655,0.25862068965517243,0.7068965517241379,0.756896551724138,0.6775862068965517,0.03103448275862069
2025-11-24,0.30344827586206896,0.2672413793103448,0.7982758620689655,0.19137931034482758,0.2103448275862069,0.2293103448275862,0.6724137931034483,0.8172413793103448,0.9844827586206897,0.7051724137931035,0.25517241379310346,0.7,0.8017241379310345,0.653448275862069,0.5431034482758621
2025-11-25,0.3120689655172414,0.27241379310344827,0.7775862068965518,0.28448275862068967,0.21724137931034482,0.17413793103448275,0.43275862068965515,0.8155172413793104,0.9827586206896551,0.5827586206896552,0.23620689655172414,0.7034482758620689,0.8068965517241379,0.65,0.6275862068965518
2025-11-26,0.3120689655172414,0.2413793103448276,0.7775862068965518,0.30689655172413793,0.2206896551724138,0.15862068965517243,0.04827586206896552,0.8275862068965517,0.9879310344827587,0.4844827586206897,0.23793103448275862,0.7051724137931035,0.8051724137931034,0.7482758620689656,0.3931034482758621
2025-11-27,0.3275862068965517,0.17586206896551723,0.7655172413793103,0.36551724137931035,0.1706896551724138,0.15862068965517243,0.33448275862068966,0.8293103448275863,0.996551724137931,0.0706896551724138,0.32068965517241377,0.5448275862068965,0.8689655172413793,0.7344827586206897,0.7896551724137931
2025-11-28,0.4017241379310345,0.19482758620689655,0.7655172413793103,0.32068965517241377,0.1879310344827586,0.12586206896551724,0.9155172413793103,0.8344827586206897,1.0,0.6241379310344828,0.24310344827586206,0.5482758620689655,0.853448275862069,0.7396551724137931,0.15517241379310345
2025-12-01,0.41379310344827586,0.16379310344827586,0.746551724137931,0.35,0.16551724137931034,0.15344827586206897,0.6689655172413793,0.7948275862068965,0.9948275862068966,0.5603448275862069,0.2396551724137931,0.5293103448275862,0.8379310344827586,0.7448275862068966,0.15344827586206897
2025-12-02,0.43448275862068964,0.1896551724137931,0.746551724137931,0.41551724137931034,0.18275862068965518,0.13620689655172413,0.09310344827586207,0.7965517241379311,0.9982758620689656,0.6896551724137931,0.2413793103448276,0.5431034482758621,0.8086206896551724,0.753448275862069,0.3793103448275862
2025-12-03,0.43448275862068964,0.18275862068965518,0.7655172413793103,0.4051724137931034,0.17413793103448275,0.08448275862068966,0.2517241379310345,0.7879310344827586,0.993103448275862,0.5189655172413793,0.20862068965517241,0.5379310344827586,0.843103448275862,0.75,0.6775862068965517
2025-12-04,0.45689655172413796,0.20344827586206896,0.746551724137931,0.3258620689655172,0.18448275862068966,0.07413793103448275,0.6758620689655173,0.7844827586206896,0.9913793103448276,0.3568965517241379,0.1706896551724138,0.5465517241379311,0.8137931034482758,0.6793103448275862,0.8344827586206897
2025-12-05,0.45689655172413796,0.21724137931034482,0.7396551724137931,0.2775862068965517,0.19310344827586207,0.10172413793103448,0.10862068965517241,0.7810344827586206,0.9862068965517241,0.6620689655172414,0.16551724137931034,0.5603448275862069,0.7655172413793103,0.6482758620689655,0.6741379310344827
2025-12-08,0.4810344827586207,0.20862068965517241,0.7362068965517241,0.2637931034482759,0.18620689655172415,0.16724137931034483,0.17586206896551723,0.7758620689655172,0.9793103448275862,0.5241379310344828,0.10689655172413794,0.5396551724137931,0.7793103448275862,0.5431034482758621,0.9689655172413794
2025-12-09,0.5017241379310344,0.19655172413793104,0.7396551724137931,0.25689655172413794,0.16724137931034483,0.20862068965517241,0.7017241379310345,0.7741379310344828,0.9775862068965517,0.2620689655172414,0.12241379310344827,0.5275862068965518,0.8206896551724138,0.5293103448275862,0.4086206896551724
2025-12-10,0.5017241379310344,0.1879310344827586,0.7224137931034482,0.5017241379310344,0.15689655172413794,0.11896551724137931,0.6793103448275862,0.7706896551724138,0.9724137931034482,0.5775862068965517,0.0603448275862069,0.5224137931034483,0.7913793103448276,0.4068965517241379,0.8
2025-12-11,0.5017241379310344,0.18620689655172415,0.7258620689655172,0.4982758620689655,0.15517241379310345,0.12758620689655173,0.7758620689655172,0.7724137931034483,0.9706896551724138,0.4844827586206897,0.05,0.5224137931034483,0.7896551724137931,0.45,0.08103448275862069
2025-12-12,0.5017241379310344,0.18620689655172415,0.4879310344827586,0.4362068965517241,0.16034482758620688,0.12931034482758622,0.16724137931034483,0.753448275862069,0.9689655172413794,0.3586206896551724,0.041379310344827586,0.5258620689655172,0.7672413793103449,0.3793103448275862,0.8827586206896552
2025-12-15,0.5017241379310344,0.2206896551724138,0.5155172413793103,0.41206896551724137,0.20689655172413793,0.1793103448275862,0.9362068965517242,0.756896551724138,0.9672413793103448,0.6793103448275862,0.015517241379310345,0.5620689655172414,0.6793103448275862,0.3431034482758621,0.2637931034482759
2025-12-16,0.4810344827586207,0.2206896551724138,0.6448275862068965,0.4379310344827586,0.20172413793103447,0.09655172413793103,0.9482758620689655,0.7379310344827587,0.9603448275862069,0.5913793103448276,0.013793103448275862,0.5706896551724138,0.696551724137931,0.22241379310344828,0.0896551724137931
2025-12-17,0.4810344827586207,0.21724137931034482,0.6448275862068965,0.39827586206896554,0.20517241379310344,0.05344827586206897,0.15862068965517243,0.7413793103448276,0.9637931034482758,0.30689655172413793,0.0017241379310344827,0.5775862068965517,0.6982758620689655,0.22758620689655173,0.7827586206896552
2025-12-18,0.5017241379310344,0.27241379310344827,0.646551724137931,0.3448275862068966,0.22758620689655173,0.034482758620689655,0.9172413793103448,0.7396551724137931,0.9586206896551724,0.8172413793103448,0.008620689655172414,0.6517241379310345,0.7275862068965517,0.24655172413793103,0.20517241379310344
2025-12-19,0.5017241379310344,0.22758620689655173,0.6448275862068965,0.38448275862068965,0.2,0.027586206896551724,0.33793103448275863,0.6637931034482759,0.9431034482758621,0.3258620689655172,0.006896551724137931,0.5862068965517241,0.7206896551724138,0.253448275862069,0.25689655172413794
2025-12-22,0.5017241379310344,0.23103448275862068,0.6448275862068965,0.2913793103448276,0.20862068965517241,0.04482758620689655,0.07413793103448275,0.6913793103448276,0.9517241379310345,0.5224137931034483,0.005172413793103448,0.6017241379310345,0.7258620689655172,0.2827586206896552,0.7172413793103448
2025-12-23,0.5017241379310344,0.27586206896551724,0.6224137931034482,0.10862068965517241,0.23275862068965517,0.039655172413793106,0.4362068965517241,0.6931034482758621,0.95,0.5551724137931034,0.0034482758620689655,0.6293103448275862,0.7362068965517241,0.2913793103448276,0.743103448275862
2025-12-24,0.4810344827586207,0.28793103448275864,0.696551724137931,0.14482758620689656,0.24655172413793103,0.03103448275862069,0.6810344827586207,0.6379310344827587,0.9224137931034483,0.75,0.01206896551724138,0.6689655172413793,0.7327586206896551,0.1482758620689655,0.15862068965517243
2025-12-25,0.4810344827586207,0.28793103448275864,0.6724137931034483,0.14482758620689656,0.24655172413793103,0.03103448275862069,0.6086206896551725,0.6379310344827587,0.8775862068965518,0.4844827586206897,0.01206896551724138,0.6689655172413793,0.7327586206896551,0.14655172413793102,0.5224137931034483
2025-12-26,0.4810344827586207,0.2655172413793103,0.5706896551724138,0.10862068965517241,0.22586206896551725,0.020689655172413793,0.3689655172413793,0.6344827586206897,0.8120689655172414,0.013793103448275862,0.2517241379310345,0.65,0.7862068965517242,0.1879310344827586,0.9258620689655173
2025-12-29,0.4810344827586207,0.28448275862068967,0.4672413793103448,0.1103448275862069,0.24655172413793103,0.02413793103448276,0.06724137931034482,0.65,0.85,0.022413793103448276,0.4689655172413793,0.696551724137931,0.7844827586206896,0.18620689655172415,0.7965517241379311
2025-12-30,0.4810344827586207,0.2637931034482759,0.4362068965517241,0.06724137931034482,0.23448275862068965,0.06379310344827586,0.6620689655172414,0.6482758620689655,0.7844827586206896,0.09310344827586207,0.506896551724138,0.6862068965517242,0.7982758620689655,0.12931034482758622,0.7034482758620689
2025-12-31,0.4810344827586207,0.2637931034482759,0.4362068965517241,0.07241379310344828,0.23275862068965517,0.06206896551724138,0.6086206896551725,0.6482758620689655,0.7310344827586207,0.5448275862068965,0.496551724137931,0.6862068965517242,0.7482758620689656,0.1206896551724138,0.5224137931034483
2026-01-01,0.4810344827586207,0.2637931034482759,0.3793103448275862,0.07241379310344828,0.23275862068965517,0.06206896551724138,0.6086206896551725,0.6482758620689655,0.7155172413793104,0.4844827586206897,0.496551724137931,0.6862068965517242,0.7482758620689656,0.0896551724137931,0.5224137931034483
2026-01-02,0.4810344827586207,0.27586206896551724,0.3793103448275862,0.03620689655172414,0.2482758620689655,0.04827586206896552,0.06379310344827586,0.6586206896551724,0.7603448275862069,0.4844827586206897,0.49137931034482757,0.696551724137931,0.7344827586206897,0.06724137931034482,0.9086206896551724
2026-01-05,0.4017241379310345,0.19827586206896552,0.8551724137931035,0.020689655172413793,0.21551724137931033,0.0706896551724138,0.022413793103448276,0.7241379310344828,0.8,0.8672413793103448,0.5862068965517241,0.7086206896551724,0.7741379310344828,0.04482758620689655,0.9655172413793104
2026-01-06,0.3120689655172414,0.18275862068965518,0.8948275862068965,0.04310344827586207,0.1896551724137931,0.07931034482758621,0.1482758620689655,0.7258620689655172,0.8275862068965517,0.7706896551724138,0.6,0.7120689655172414,0.7655172413793103,0.07241379310344828,0.38275862068965516
2026-01-07,0.296551724137931,0.1793103448275862,0.9137931034482759,0.05172413793103448,0.19827586206896552,0.08275862068965517,0.3568965517241379,0.7224137931034482,0.8327586206896552,0.3396551724137931,0.5982758620689655,0.7258620689655172,0.7413793103448276,0.09482758620689655,0.9362068965517242
2026-01-08,0.2793103448275862,0.17413793103448275,0.9120689655172414,0.05517241379310345,0.19482758620689655,0.09310344827586207,0.5327586206896552,0.7189655172413794,0.8241379310344827,0.65,0.6086206896551725,0.7293103448275862,0.6862068965517242,0.11379310344827587,0.8982758620689655
2026-01-09,0.2706896551724138,0.15,0.9103448275862069,0.05172413793103448,0.17758620689655172,0.04310344827586207,0.31724137931034485,0.7172413793103448,0.8051724137931034,0.5637931034482758,0.6051724137931035,0.7241379310344828,0.75,0.13620689655172413,0.4
2026-01-12,0.2620689655172414,0.14310344827586208,0.9017241379310345,0.12586206896551724,0.15344827586206897,0.05517241379310345,0.29482758620689653,0.7137931034482758,0.7689655172413793,0.8241379310344827,0.6362068965517241,0.7224137931034482,0.7379310344827587,0.10517241379310345,0.6724137931034483
2026-01-13,0.2620689655172414,0.13793103448275862,0.9086206896551724,0.13620689655172413,0.15,0.03793103448275862,0.15344827586206897,0.7034482758620689,0.7137931034482758,0.8896551724137931,0.6741379310344827,0.7310344827586207,0.7827586206896552,0.10862068965517241,0.7120689655172414
2026-01-14,0.2396551724137931,0.1413793103448276,0.9017241379310345,0.0896551724137931,0.1482758620689655,0.01896551724137931,0.3413793103448276,0.7,0.6396551724137931,0.8982758620689655,0.7,0.7344827586206897,0.8155172413793104,0.13448275862068965,0.3120689655172414
2026-01-15,0.2396551724137931,0.10517241379310345,0.8913793103448275,0.15689655172413794,0.11724137931034483,0.005172413793103448,0.13620689655172413,0.6517241379310345,0.6517241379310345,0.7655172413793103,0.7155172413793104,0.7172413793103448,0.85,0.1310344827586207,0.9206896551724137
2026-01-16,0.2396551724137931,0.11379310344827587,0.8913793103448275,0.1396551724137931,0.12413793103448276,0.017241379310344827,0.2810344827586207,0.39482758620689656,0.6413793103448275,0.11206896551724138,0.75,0.7189655172413794,0.8,0.11724137931034483,0.3706896551724138
2026-01-19,0.2620689655172414,0.10344827586206896,0.9017241379310345,0.06551724137931035,0.10517241379310345,0.017241379310344827,0.1810344827586207,0.38620689655172413,0.49482758620689654,0.7120689655172414,0.7310344827586207,0.7103448275862069,0.8551724137931035,0.10172413793103448,0.9275862068965517
2026-01-20,0.2620689655172414,0.0896551724137931,0.9017241379310345,0.02413793103448276,0.08275862068965517,0.08793103448275862,0.7258620689655172,0.2103448275862069,0.49310344827586206,0.4862068965517241,0.7293103448275862,0.6879310344827586,0.8706896551724138,0.2189655172413793,0.02586206896551724
2026-01-21,0.2620689655172414,0.10862068965517241,0.9086206896551724,0.01896551724137931,0.09827586206896552,0.032758620689655175,0.3758620689655172,0.21724137931034482,0.5017241379310344,0.6948275862068966,0.7413793103448276,0.696551724137931,0.8603448275862069,0.19137931034482758,0.5913793103448276
2026-01-22,0.2620689655172414,0.11896551724137931,0.9086206896551724,0.04482758620689655,0.11206896551724138,0.008620689655172414,0.28793103448275864,0.18275862068965518,0.5448275862068965,0.2189655172413793,0.7517241379310344,0.6775862068965517,0.8396551724137931,0.2,0.5413793103448276
2026-01-23,0.2620689655172414,0.10344827586206896,0.9086206896551724,0.03103448275862069,0.1,0.006896551724137931,0.3120689655172414,0.16551724137931034,0.5551724137931034,0.20344827586206896,0.7482758620689656,0.603448275862069,0.8672413793103448,0.22413793103448276,0.11551724137931034
2026-01-26,0.2706896551724138,0.12758620689655173,0.9189655172413793,0.04655172413793104,0.12586206896551724,0.0017241379310344827,0.8224137931034483,0.2206896551724138,0.4793103448275862,0.33448275862068966,0.3775862068965517,0.6,0.853448275862069,0.2482758620689655,0.4017241379310345
2026-01-27,0.2706896551724138,0.12241379310344827,0.9189655172413793,0.06206896551724138,0.12758620689655173,0.0034482758620689655,0.041379310344827586,0.31896551724137934,0.653448275862069,0.006896551724137931,0.6224137931034482,0.5310344827586206,0.8310344827586207,0.33448275862068966,0.24482758620689654
2026-01-28,0.2793103448275862,0.13448275862068965,0.9241379310344827,0.041379310344827586,0.14482758620689656,0.010344827586206896,0.12241379310344827,0.2896551724137931,0.7224137931034482,0.8155172413793104,0.5896551724137931,0.5241379310344828,0.8120689655172414,0.3706896551724138,0.9551724137931035
2026-01-29,0.296551724137931,0.1206896551724138,0.9293103448275862,0.03620689655172414,0.1310344827586207,0.03620689655172414,0.2620689655172414,0.2396551724137931,0.75,0.01896551724137931,0.7827586206896552,0.506896551724138,0.8482758620689655,0.3741379310344828,0.40344827586206894
2026-01-30,0.296551724137931,0.10689655172413794,0.9293103448275862,0.015517241379310345,0.11379310344827587,0.022413793103448276,0.5172413793103449,0.20862068965517241,0.6068965517241379,0.3086206896551724,0.7844827586206896,0.49482758620689654,0.8655172413793103,0.38275862068965516,0.7103448275862069
2026-02-02,0.3120689655172414,0.1103448275862069,0.8931034482758621,0.03620689655172414,0.11551724137931034,0.02586206896551724,0.9879310344827587,0.7362068965517241,0.6810344827586207,0.9206896551724137,0.7862068965517242,0.4810344827586207,0.846551724137931,0.43103448275862066,0.01206896551724138
2026-02-03,0.3275862068965517,0.09655172413793103,0.8137931034482758,0.013793103448275862,0.10689655172413794,0.013793103448275862,0.006896551724137931,0.7982758620689655,0.8086206896551724,0.996551724137931,0.8275862068965517,0.45517241379310347,0.8879310344827587,0.6724137931034483,0.7706896551724138
2026-02-04,0.3275862068965517,0.09310344827586207,0.753448275862069,0.0017241379310344827,0.09137931034482759,0.01206896551724138,0.1396551724137931,0.8,0.8206896551724138,0.09827586206896552,0.8362068965517241,0.44655172413793104,0.903448275862069,0.6155172413793103,0.17413793103448275
2026-02-05,0.35,0.09827586206896552,0.7293103448275862,0.005172413793103448,0.10172413793103448,0.04655172413793104,0.9810344827586207,0.8637931034482759,0.8689655172413793,0.6310344827586207,0.8344827586206897,0.45,0.9362068965517242,0.55,0.017241379310344827
2026-02-06,0.35,0.09482758620689655,0.6655172413793103,0.01206896551724138,0.08793103448275862,0.056896551724137934,0.9086206896551724,0.8672413793103448,0.8706896551724138,0.9689655172413794,0.8775862068965518,0.44310344827586207,0.9448275862068966,0.5517241379310345,0.03793103448275862
2026-02-09,0.35,0.09137931034482759,0.6103448275862069,0.0034482758620689655,0.08103448275862069,0.05344827586206897,0.01896551724137931,0.9017241379310345,0.9310344827586207,0.8189655172413793,0.8758620689655172,0.4396551724137931,0.9775862068965517,0.5844827586206897,0.7810344827586206
2026-02-10,0.4017241379310345,0.12931034482758622,0.6206896551724138,0.02586206896551724,0.09482758620689655,0.06896551724137931,0.5103448275862069,0.8948275862068965,0.9,0.15,0.8724137931034482,0.45517241379310347,0.9586206896551724,0.6362068965517241,0.04482758620689655
2026-02-11,0.4017241379310345,0.1396551724137931,0.4982758620689655,0.056896551724137934,0.1103448275862069,0.041379310344827586,0.25862068965517243,0.8982758620689655,0.903448275862069,0.1396551724137931,0.8551724137931035,0.4672413793103448,0.9241379310344827,0.7103448275862069,0.06206896551724138
2026-02-12,0.4017241379310345,0.15344827586206897,0.4982758620689655,0.01896551724137931,0.13448275862068965,0.11724137931034483,0.02586206896551724,0.9051724137931034,0.9206896551724137,0.253448275862069,0.8482758620689655,0.4810344827586207,0.9637931034482758,0.7241379310344828,0.35
2026-02-13,0.4017241379310345,0.16379310344827586,0.4982758620689655,0.08103448275862069,0.14310344827586208,0.1413793103448276,0.7034482758620689,0.9120689655172414,0.9051724137931034,0.05517241379310345,0.8706896551724138,0.49482758620689654,0.9724137931034482,0.7379310344827587,0.28793103448275864
2026-02-16,0.4017241379310345,0.16379310344827586,0.47758620689655173,0.08103448275862069,0.14310344827586208,0.1413793103448276,0.6086206896551725,0.9120689655172414,0.8586206896551725,0.4844827586206897,0.8706896551724138,0.49482758620689654,0.9724137931034482,0.696551724137931,0.5224137931034483
2026-02-17,0.4017241379310345,0.16379310344827586,0.47758620689655173,0.08103448275862069,0.14310344827586208,0.12241379310344827,0.6086206896551725,0.9120689655172414,0.8482758620689655,0.4844827586206897,0.8706896551724138,0.49482758620689654,0.9603448275862069,0.7,0.5224137931034483
2026-02-18,0.4017241379310345,0.16379310344827586,0.47758620689655173,0.08103448275862069,0.14310344827586208,0.06551724137931035,0.6086206896551725,0.9120689655172414,0.8413793103448276,0.4844827586206897,0.8706896551724138,0.49482758620689654,0.9413793103448276,0.7189655172413794,0.5224137931034483
2026-02-19,0.4017241379310345,0.14482758620689656,0.47758620689655173,0.1310344827586207,0.1206896551724138,0.11379310344827587,0.027586206896551724,0.9137931034482759,0.8517241379310345,0.3931034482758621,0.8568965517241379,0.5,0.9568965517241379,0.7172413793103448,0.8137931034482758
2026-02-20,0.4017241379310345,0.16551724137931034,0.47758620689655173,0.1724137931034483,0.13620689655172413,0.06724137931034482,0.06206896551724138,0.9172413793103448,0.853448275862069,0.8758620689655172,0.8844827586206897,0.5103448275862069,0.9258620689655173,0.7413793103448276,0.20344827586206896
2026-02-23,0.4017241379310345,0.15172413793103448,0.453448275862069,0.08620689655172414,0.13448275862068965,0.11379310344827587,0.3431034482758621,0.9155172413793103,0.8379310344827586,0.29310344827586204,0.8741379310344828,0.5137931034482759,0.9844827586206897,0.7637931034482759,0.9224137931034483
2026-02-24,0.4017241379310345,0.1482758620689655,0.453448275862069,0.06551724137931035,0.12931034482758622,0.07241379310344828,0.07586206896551724,0.9189655172413793,0.7827586206896552,0.13275862068965516,0.8862068965517241,0.5155172413793103,0.9862068965517241,0.803448275862069,0.996551724137931
2026-02-25,0.4017241379310345,0.16724137931034483,0.4413793103448276,0.07241379310344828,0.14655172413793102,0.05,0.0896551724137931,0.9206896551724137,0.7706896551724138,0.7189655172413794,0.8879310344827587,0.5172413793103449,0.9534482758620689,0.7844827586206896,0.746551724137931
2026-02-26,0.4017241379310345,0.2,0.41551724137931034,0.13793103448275862,0.15172413793103448,0.05862068965517241,0.020689655172413793,0.9224137931034483,0.7793103448275862,0.07413793103448275,0.8896551724137931,0.5327586206896552,0.9172413793103448,0.7948275862068965,0.9913793103448276
2026-02-27,0.4017241379310345,0.20689655172413793,0.41551724137931034,0.1482758620689655,0.16379310344827586,0.18275862068965518,0.8620689655172413,0.9293103448275862,0.7913793103448276,0.05862068965517241,0.8241379310344827,0.5362068965517242,0.9344827586206896,0.8724137931034482,0.9310344827586207
2026-03-02,0.4017241379310345,0.20689655172413793,0.09137931034482759,0.1482758620689655,0.16379310344827586,0.17758620689655172,0.6086206896551725,0.9293103448275862,0.5896551724137931,0.4844827586206897,0.8241379310344827,0.5362068965517242,0.8913793103448275,0.8310344827586207,0.5224137931034483
2026-03-03,0.41379310344827586,0.11551724137931034,0.11379310344827587,0.11724137931034483,0.12413793103448276,0.24655172413793103,0.996551724137931,0.9379310344827586,0.45517241379310347,0.9448275862068966,0.8293103448275863,0.4982758620689655,0.9775862068965517,0.7931034482758621,0.0034482758620689655
2026-03-04,0.41379310344827586,0.1,0.11379310344827587,0.13275862068965516,0.10344827586206896,0.13793103448275862,1.0,0.9672413793103448,0.6275862068965518,1.0,0.9017241379310345,0.496551724137931,0.9827586206896551,0.9655172413793104,0.2206896551724138
2026-03-05,0.41379310344827586,0.11896551724137931,0.032758620689655175,0.16034482758620688,0.11896551724137931,0.2,0.0017241379310344827,0.9896551724137931,0.6655172413793103,0.9793103448275862,0.9137931034482759,0.5051724137931034,0.9241379310344827,0.9793103448275862,0.8396551724137931
2026-03-06,0.43448275862068964,0.11206896551724138,0.09137931034482759,0.18448275862068966,0.10862068965517241,0.2982758620689655,0.5396551724137931,0.9758620689655172,0.6155172413793103,0.039655172413793106,0.9293103448275862,0.503448275862069,0.9275862068965517,0.9775862068965517,0.7241379310344828
2026-03-09,0.43448275862068964,0.08275862068965517,0.09137931034482759,0.42758620689655175,0.05172413793103448,0.2793103448275862,0.9913793103448276,0.9741379310344828,0.5879310344827586,0.9293103448275862,0.9051724137931034,0.42758620689655175,0.996551724137931,0.9844827586206897,0.05
2026-03-10,0.43448275862068964,0.07931034482758621,0.032758620689655175,0.33793103448275863,0.08620689655172414,0.22241379310344828,0.01206896551724138,0.9879310344827587,0.7379310344827587,0.9896551724137931,0.9172413793103448,0.47586206896551725,0.9396551724137931,0.9810344827586207,0.9758620689655172
2026-03-11,0.45689655172413796,0.08793103448275862,0.11379310344827587,0.3103448275862069,0.09655172413793103,0.25517241379310346,0.16551724137931034,0.9793103448275862,0.7396551724137931,0.020689655172413793,0.9672413793103448,0.4844827586206897,0.8982758620689655,0.9827586206896551,0.06724137931034482
2026-03-12,0.45689655172413796,0.08448275862068966,0.11379310344827587,0.22413793103448276,0.0896551724137931,0.5775862068965517,0.7482758620689656,0.9775862068965517,0.6551724137931034,0.16896551724137931,0.9482758620689655,0.4724137931034483,0.8862068965517241,0.9689655172413794,0.7310344827586207
2026-03-13,0.45689655172413796,0.07586206896551724,0.11379310344827587,0.2810344827586207,0.07586206896551724,0.4689655172413793,0.9275862068965517,0.9689655172413794,0.7,0.9568965517241379,0.9655172413793104,0.44482758620689655,0.9017241379310345,0.9724137931034482,0.35517241379310344
2026-03-16,0.45689655172413796,0.08103448275862069,0.11379310344827587,0.2103448275862069,0.08448275862068966,0.3620689655172414,0.22758620689655173,0.9706896551724138,0.7241379310344828,0.9155172413793103,0.9793103448275862,0.4586206896551724,0.9155172413793103,0.9706896551724138,0.8879310344827587
2026-03-17,0.45689655172413796,0.07758620689655173,0.11379310344827587,0.25862068965517243,0.07758620689655173,0.2689655172413793,0.12586206896551724,0.9724137931034482,0.753448275862069,0.8258620689655173,0.9603448275862069,0.47413793103448276,0.946551724137931,0.9758620689655172,0.6137931034482759
2026-03-18,0.45689655172413796,0.08620689655172414,0.11379310344827587,0.3448275862068966,0.09310344827586207,0.296551724137931,0.015517241379310345,0.9810344827586207,0.8137931034482758,0.20689655172413793,0.9637931034482758,0.5017241379310344,0.8620689655172413,0.9879310344827587,0.8310344827586207
2026-03-19,0.43448275862068964,0.07241379310344828,0.253448275862069,0.2775862068965517,0.07413793103448275,0.3586206896551724,0.9603448275862069,0.9862068965517241,0.8103448275862069,0.16551724137931034,0.946551724137931,0.46551724137931033,0.9103448275862069,0.9862068965517241,0.10689655172413794
2026-03-20,0.43448275862068964,0.05172413793103448,0.253448275862069,0.4086206896551724,0.05344827586206897,0.8586206896551725,0.42931034482758623,0.9827586206896551,0.7948275862068965,0.9741379310344828,0.9620689655172414,0.43275862068965515,0.8637931034482759,0.9741379310344828,0.3586206896551724
2026-03-23,0.43448275862068964,0.020689655172413793,0.253448275862069,0.5172413793103449,0.020689655172413793,0.6551724137931034,0.9948275862068966,0.9948275862068966,0.8568965517241379,0.19310344827586207,0.9706896551724138,0.39482758620689656,0.9793103448275862,0.9896551724137931,0.6672413793103448
2026-03-24,0.45689655172413796,0.03793103448275862,0.3137931034482759,0.44310344827586207,0.03620689655172414,0.756896551724138,0.03620689655172414,0.9982758620689656,0.8758620689655172,0.9810344827586207,0.9948275862068966,0.41379310344827586,0.9137931034482759,0.9913793103448276,0.8586206896551725
2026-03-25,0.4810344827586207,0.027586206896551724,0.4017241379310345,0.4586206896551724,0.03103448275862069,0.6310344827586207,0.13275862068965516,0.996551724137931,0.8879310344827587,0.06379310344827586,0.996551724137931,0.3879310344827586,0.9672413793103448,0.9982758620689656,0.10862068965517241
2026-03-26,0.4810344827586207,0.034482758620689655,0.4017241379310345,0.4413793103448276,0.032758620689655175,0.9310344827586207,0.9706896551724138,1.0,0.9103448275862069,0.27413793103448275,0.9982758620689656,0.38620689655172413,0.9137931034482759,1.0,0.03620689655172414
2026-03-27,0.5017241379310344,0.02586206896551724,0.4224137931034483,0.3758620689655172,0.029310344827586206,0.8982758620689655,0.7275862068965517,0.9913793103448276,0.9017241379310345,0.9327586206896552,0.993103448275862,0.36551724137931035,0.9327586206896552,0.993103448275862,0.2793103448275862
2026-03-30,0.5086206896551724,0.03620689655172414,0.4482758620689655,0.3310344827586207,0.041379310344827586,0.8396551724137931,0.9655172413793104,0.993103448275862,0.9413793103448276,0.6051724137931035,0.95,0.36724137931034484,0.9810344827586207,0.996551724137931,0.4241379310344828
2026-03-31,0.5086206896551724,0.03103448275862069,0.4206896551724138,0.4051724137931034,0.039655172413793106,0.5982758620689655,0.9844827586206897,0.9844827586206897,0.9241379310344827,0.7879310344827586,0.9431034482758621,0.3620689655172414,0.9896551724137931,0.9948275862068966,0.12758620689655173
2026-04-01,0.5017241379310344,0.05344827586206897,0.5672413793103448,0.42758620689655175,0.0706896551724138,0.4413793103448276,0.0034482758620689655,0.9655172413793104,0.9362068965517242,0.9879310344827587,0.903448275862069,0.39655172413793105,0.8775862068965518,0.9672413793103448,0.9637931034482758
2026-04-02,0.4810344827586207,0.04310344827586207,0.6086206896551725,0.4051724137931034,0.04482758620689655,0.35,0.9862068965517241,0.9620689655172414,0.9137931034482759,0.015517241379310345,0.9396551724137931,0.3603448275862069,0.9482758620689655,0.95,0.08620689655172414
2026-04-03,0.45689655172413796,0.04655172413793104,0.6362068965517241,0.4603448275862069,0.04827586206896552,0.35,0.039655172413793106,0.9637931034482758,0.9293103448275862,0.9413793103448276,0.9241379310344827,0.3810344827586207,0.8948275862068965,0.9482758620689655,0.9724137931034482
2026-04-06,0.45689655172413796,0.05,0.6362068965517241,0.4724137931034483,0.05,0.30517241379310345,0.1706896551724138,0.95,0.8655172413793103,0.06896551724137931,0.9327586206896552,0.3810344827586207,0.8896551724137931,0.946551724137931,0.5258620689655172
2026-04-07,0.45689655172413796,0.05,0.6362068965517241,0.45517241379310347,0.04655172413793104,0.3258620689655172,0.30517241379310345,0.9448275862068966,0.803448275862069,0.3879310344827586,0.9086206896551724,0.3689655172413793,0.906896551724138,0.9448275862068966,0.9431034482758621
2026-04-08,0.45689655172413796,0.07413793103448275,0.596551724137931,0.4413793103448276,0.07931034482758621,0.25862068965517243,0.005172413793103448,0.9551724137931035,0.8862068965517241,0.38620689655172413,0.8327586206896552,0.4103448275862069,0.8586206896551725,0.9586206896551724,0.5586206896551724
2026-04-09,0.43448275862068964,0.0706896551724138,0.6310344827586207,0.4189655172413793,0.07241379310344828,0.18620689655172415,0.9206896551724137,0.9586206896551724,0.9086206896551724,0.0034482758620689655,0.9448275862068966,0.4051724137931034,0.8827586206896552,0.9568965517241379,0.2775862068965517
2026-04-10,0.43448275862068964,0.06206896551724138,0.6310344827586207,0.4086206896551724,0.06379310344827586,0.16379310344827586,0.16379310344827586,0.9534482758620689,0.896551724137931,0.7810344827586206,0.9362068965517242,0.4,0.8844827586206897,0.9603448275862069,0.2827586206896552
2026-04-13,0.43448275862068964,0.056896551724137934,0.6310344827586207,0.3793103448275862,0.056896551724137934,0.19827586206896552,0.8362068965517241,0.9568965517241379,0.8896551724137931,0.3310344827586207,0.9275862068965517,0.3896551724137931,0.9,0.9620689655172414,0.43448275862068964
2026-04-14,0.41379310344827586,0.06896551724137931,0.6637931034482759,0.42758620689655175,0.06724137931034482,0.19310344827586207,0.03793103448275862,0.9603448275862069,0.9189655172413793,0.9189655172413793,0.9344827586206896,0.4017241379310345,0.8982758620689655,0.9637931034482758,0.5362068965517242
2026-04-15,0.4017241379310345,0.06724137931034482,0.6758620689655173,0.4051724137931034,0.06896551724137931,0.10862068965517241,0.07758620689655173,0.9517241379310345,0.8810344827586207,0.1,0.9379310344827586,0.4086206896551724,0.8810344827586207,0.9551724137931035,0.8844827586206897
2026-04-16,0.4017241379310345,0.06551724137931035,0.6637931034482759,0.3724137931034483,0.06379310344827586,0.08103448275862069,0.06551724137931035,0.946551724137931,0.8827586206896552,0.10172413793103448,0.9413793103448276,0.4051724137931034,0.8724137931034482,0.9517241379310345,0.8620689655172413
2026-04-17,0.41379310344827586,0.05862068965517241,0.7068965517241379,0.33793103448275863,0.05862068965517241,0.07586206896551724,0.7637931034482759,0.9482758620689655,0.8948275862068965,0.38275862068965516,0.9224137931034483,0.3913793103448276,0.9206896551724137,0.9534482758620689,0.3603448275862069
2026-04-20,0.4017241379310345,0.0603448275862069,0.7413793103448276,0.35517241379310344,0.0603448275862069,0.10689655172413794,0.3896551724137931,0.9431034482758621,0.8224137931034483,0.8689655172413793,0.9258620689655173,0.39827586206896554,0.9086206896551724,0.9103448275862069,0.7344827586206897
2026-04-21,0.4017241379310345,0.06379310344827586,0.6741379310344827,0.41379310344827586,0.06551724137931035,0.15,0.04310344827586207,0.9413793103448276,0.8310344827586207,0.20517241379310344,0.9103448275862069,0.4086206896551724,0.8758620689655172,0.9086206896551724,0.9586206896551724
2026-04-22,0.4017241379310345,0.05517241379310345,0.6517241379310345,0.3879310344827586,0.05517241379310345,0.13448275862068965,0.38275862068965516,0.9396551724137931,0.8155172413793104,0.18620689655172415,0.9,0.3931034482758621,0.8948275862068965,0.8982758620689655,0.9
2026-04-23,0.4017241379310345,0.04482758620689655,0.6517241379310345,0.3793103448275862,0.04310344827586207,0.10517241379310345,0.2793103448275862,0.9362068965517242,0.7775862068965518,0.8396551724137931,0.906896551724138,0.3810344827586207,0.9189655172413793,0.8931034482758621,0.6241379310344828
2026-04-24,0.4017241379310345,0.039655172413793106,0.5724137931034483,0.4224137931034483,0.034482758620689655,0.09482758620689655,0.6103448275862069,0.9344827586206896,0.7741379310344828,0.6758620689655173,0.8931034482758621,0.3706896551724138,0.9551724137931035,0.9,0.6172413793103448
2026-04-27,0.4017241379310345,0.041379310344827586,0.44655172413793104,0.39827586206896554,0.039655172413793106,0.11551724137931034,0.07241379310344828,0.9327586206896552,0.7551724137931034,0.6344827586206897,0.8948275862068965,0.38448275862068965,0.9310344827586207,0.8913793103448275,0.95
2026-04-28,0.35,0.029310344827586206,0.45517241379310347,0.38448275862068965,0.02586206896551724,0.1206896551724138,0.4068965517241379,0.9310344827586207,0.6775862068965517,0.08103448275862069,0.8982758620689655,0.3810344827586207,0.95,0.8293103448275863,0.2896551724137931
2026-04-29,0.35,0.032758620689655175,0.44655172413793104,0.42931034482758623,0.027586206896551724,0.19137931034482758,0.3137931034482759,0.8310344827586207,0.4379310344827586,0.49482758620689654,0.8310344827586207,0.38275862068965516,0.9051724137931034,0.7293103448275862,0.9413793103448276
2026-04-30,0.35,0.01896551724137931,0.4189655172413793,0.39827586206896554,0.01896551724137931,0.16206896551724137,0.9051724137931034,0.7689655172413793,0.4103448275862069,0.6586206896551724,0.8,0.3586206896551724,0.9620689655172414,0.6551724137931034,0.42931034482758623
2026-05-01,0.35,0.01896551724137931,0.39827586206896554,0.39827586206896554,0.01896551724137931,0.14482758620689656,0.6086206896551725,0.7689655172413793,0.3413793103448276,0.4844827586206897,0.8,0.3586206896551724,0.9741379310344828,0.6431034482758621,0.5224137931034483
2026-05-04,0.35,0.008620689655172414,0.39827586206896554,0.43448275862068964,0.01206896551724138,0.25,0.013793103448275862,0.7913793103448276,0.47586206896551725,0.896551724137931,0.7948275862068965,0.35172413793103446,0.9431034482758621,0.656896551724138,0.9810344827586207
2026-05-05,0.35,0.008620689655172414,0.39827586206896554,0.43448275862068964,0.01206896551724138,0.22758620689655173,0.6086206896551725,0.7913793103448276,0.4482758620689655,0.4844827586206897,0.7948275862068965,0.35172413793103446,0.9517241379310345,0.5706896551724138,0.5224137931034483
2026-05-06,0.35,0.013793103448275862,0.39827586206896554,0.36724137931034484,0.01896551724137931,0.14655172413793102,0.010344827586206896,0.8620689655172413,0.4241379310344828,0.04482758620689655,0.8051724137931034,0.35517241379310344,0.9879310344827587,0.3258620689655172,0.9620689655172414
2026-05-07,0.3275862068965517,0.02413793103448276,0.39827586206896554,0.35,0.02413793103448276,0.16551724137931034,0.16034482758620688,0.8603448275862069,0.43103448275862066,0.04655172413793104,0.8155172413793104,0.3741379310344828,0.9379310344827586,0.31551724137931036,0.8603448275862069
2026-05-08,0.3275862068965517,0.022413793103448276,0.39827586206896554,0.3568965517241379,0.022413793103448276,0.1,0.503448275862069,0.7862068965517242,0.39827586206896554,0.1482758620689655,0.8172413793103448,0.36551724137931035,0.9672413793103448,0.29310344827586204,0.6517241379310345
2026-05-11,0.3275862068965517,0.015517241379310345,0.39827586206896554,0.32241379310344825,0.013793103448275862,0.1482758620689655,0.017241379310344827,0.7827586206896552,0.5482758620689655,0.9844827586206897,0.6913793103448276,0.35344827586206895,0.9689655172413794,0.296551724137931,0.9982758620689656
2026-05-12,0.3275862068965517,0.005172413793103448,0.3120689655172414,0.20172413793103447,0.005172413793103448,0.15517241379310345,0.9517241379310345,0.8258620689655173,0.5327586206896552,0.8517241379310345,0.7086206896551724,0.33620689655172414,0.993103448275862,0.25689655172413794,0.43275862068965515
2026-05-13,0.35,0.010344827586206896,0.3758620689655172,0.13620689655172413,0.008620689655172414,0.14310344827586208,0.05172413793103448,0.8137931034482758,0.5672413793103448,0.9482758620689655,0.7655172413793103,0.3448275862068966,0.9913793103448276,0.2896551724137931,0.9896551724137931
2026-05-14,0.4017241379310345,0.01206896551724138,0.4379310344827586,0.07413793103448275,0.006896551724137931,0.13275862068965516,0.11379310344827587,0.803448275862069,0.5568965517241379,0.9396551724137931,0.7758620689655172,0.3413793103448276,0.9948275862068966,0.4206896551724138,0.1
2026-05-15,0.4017241379310345,0.0034482758620689655,0.3620689655172414,0.041379310344827586,0.0034482758620689655,0.28448275862068967,0.993103448275862,0.9258620689655173,0.7344827586206897,0.25689655172413794,0.7586206896551724,0.2810344827586207,1.0,0.47413793103448276,0.013793103448275862
2026-05-18,0.4017241379310345,0.0034482758620689655,0.2689655172413793,0.041379310344827586,0.0034482758620689655,0.28448275862068967,0.6086206896551725,0.9258620689655173,0.7172413793103448,0.8810344827586207,0.7379310344827587,0.2810344827586207,1.0,0.4724137931034483,0.5224137931034483
